date,usd_inr,source
2006-01-02,45.0500,RBI
2006-01-03,44.9500,RBI
2006-01-04,44.8500,RBI
2006-01-05,44.6700,RBI
2006-01-06,44.6600,RBI
2006-01-09,44.2800,RBI
2006-01-10,44.3800,RBI
2006-01-12,44.1500,RBI
2006-01-13,44.2600,RBI
2006-01-16,44.1700,RBI
2006-01-17,44.3100,RBI
2006-01-18,44.5100,RBI
2006-01-19,44.3600,RBI
2006-01-20,44.3600,RBI
2006-01-23,44.1500,RBI
2006-01-24,44.2100,RBI
2006-01-25,44.2900,RBI
2006-01-27,44.1500,RBI
2006-01-30,44.1400,RBI
2006-01-31,44.0700,RBI
2006-02-01,44.1500,RBI
2006-02-02,44.3100,RBI
2006-02-03,44.2300,RBI
2006-02-06,44.2000,RBI
2006-02-07,44.2700,RBI
2006-02-08,44.2000,RBI
2006-02-10,44.2100,RBI
2006-02-13,44.2600,RBI
2006-02-14,44.2200,RBI
2006-02-15,44.2700,RBI
2006-02-16,44.3000,RBI
2006-02-17,44.4600,RBI
2006-02-20,44.4300,RBI
2006-02-21,44.4000,RBI
2006-02-22,44.5100,RBI
2006-02-23,44.5600,RBI
2006-02-24,44.4500,RBI
2006-02-27,44.4200,RBI
2006-02-28,44.4400,RBI
2006-03-01,44.3500,RBI
2006-03-02,44.3400,RBI
2006-03-03,44.3600,RBI
2006-03-06,44.3200,RBI
2006-03-07,44.3300,RBI
2006-03-08,44.4200,RBI
2006-03-09,44.5500,RBI
2006-03-10,44.5000,RBI
2006-03-13,44.5300,RBI
2006-03-14,44.4700,RBI
2006-03-16,44.4100,RBI
2006-03-17,44.4200,RBI
2006-03-20,44.4400,RBI
2006-03-21,44.3800,RBI
2006-03-22,44.4700,RBI
2006-03-23,44.5500,RBI
2006-03-24,44.6600,RBI
2006-03-27,44.6600,RBI
2006-03-28,44.6600,RBI
2006-03-29,44.6900,RBI
2006-03-31,44.6100,RBI
2006-04-03,44.6100,RBI
2006-04-04,44.6100,RBI
2006-04-05,44.6900,RBI
2006-04-07,44.6300,RBI
2006-04-10,44.7400,RBI
2006-04-12,44.9300,RBI
2006-04-13,45.3000,RBI
2006-04-17,45.1500,RBI
2006-04-18,45.1500,RBI
2006-04-19,45.1400,RBI
2006-04-20,45.1500,RBI
2006-04-21,45.0900,RBI
2006-04-24,45.0600,RBI
2006-04-25,44.8300,RBI
2006-04-26,45.0300,RBI
2006-04-27,45.0600,RBI
2006-04-28,44.9700,RBI
2006-05-02,44.9000,RBI
2006-05-03,44.8600,RBI
2006-05-04,44.9700,RBI
2006-05-05,44.8800,RBI
2006-05-08,44.8800,RBI
2006-05-09,44.9600,RBI
2006-05-10,44.9300,RBI
2006-05-11,45.0700,RBI
2006-05-12,45.0500,RBI
2006-05-15,45.3900,RBI
2006-05-16,45.6100,RBI
2006-05-17,45.3400,RBI
2006-05-18,45.4800,RBI
2006-05-19,45.4600,RBI
2006-05-22,45.6800,RBI
2006-05-23,45.5200,RBI
2006-05-24,45.7300,RBI
2006-05-25,45.8500,RBI
2006-05-26,45.8500,RBI
2006-05-29,45.9700,RBI
2006-05-30,46.1900,RBI
2006-05-31,46.4300,RBI
2006-06-01,46.2200,RBI
2006-06-02,46.1700,RBI
2006-06-05,45.8200,RBI
2006-06-06,45.9200,RBI
2006-06-07,45.9300,RBI
2006-06-08,46.0600,RBI
2006-06-09,45.9200,RBI
2006-06-12,45.8800,RBI
2006-06-13,46.0400,RBI
2006-06-14,45.9800,RBI
2006-06-15,45.9100,RBI
2006-06-16,45.9200,RBI
2006-06-19,45.8900,RBI
2006-06-20,45.9100,RBI
2006-06-21,45.9200,RBI
2006-06-22,46.0100,RBI
2006-06-23,46.2000,RBI
2006-06-26,46.3400,RBI
2006-06-27,46.3600,RBI
2006-06-28,46.4000,RBI
2006-06-29,46.3400,RBI
2006-06-30,46.0800,RBI
2006-07-03,45.9800,RBI
2006-07-04,46.0100,RBI
2006-07-05,46.0300,RBI
2006-07-06,46.1500,RBI
2006-07-07,46.1200,RBI
2006-07-10,46.0600,RBI
2006-07-11,46.2100,RBI
2006-07-12,46.2100,RBI
2006-07-13,46.2900,RBI
2006-07-14,46.4300,RBI
2006-07-17,46.4400,RBI
2006-07-18,46.7300,RBI
2006-07-19,46.9500,RBI
2006-07-20,46.8400,RBI
2006-07-21,46.8300,RBI
2006-07-24,46.9300,RBI
2006-07-25,46.8100,RBI
2006-07-26,46.8500,RBI
2006-07-27,46.6400,RBI
2006-07-28,46.5600,RBI
2006-07-31,46.5100,RBI
2006-08-01,46.6500,RBI
2006-08-02,46.5600,RBI
2006-08-03,46.7200,RBI
2006-08-04,46.5400,RBI
2006-08-07,46.4900,RBI
2006-08-08,46.5900,RBI
2006-08-09,46.5300,RBI
2006-08-10,46.4300,RBI
2006-08-11,46.5200,RBI
2006-08-14,46.5600,RBI
2006-08-16,46.5500,RBI
2006-08-17,46.4600,RBI
2006-08-18,46.4800,RBI
2006-08-21,46.4500,RBI
2006-08-22,46.5200,RBI
2006-08-23,46.5600,RBI
2006-08-24,46.5000,RBI
2006-08-25,46.6100,RBI
2006-08-28,46.5600,RBI
2006-08-29,46.5200,RBI
2006-08-30,46.5100,RBI
2006-08-31,46.5500,RBI
2006-09-01,46.5300,RBI
2006-09-04,46.4400,RBI
2006-09-05,46.2200,RBI
2006-09-06,46.2100,RBI
2006-09-07,46.1000,RBI
2006-09-08,46.2000,RBI
2006-09-11,46.2700,RBI
2006-09-12,46.3400,RBI
2006-09-13,46.2200,RBI
2006-09-14,46.1500,RBI
2006-09-15,46.1300,RBI
2006-09-18,46.1200,RBI
2006-09-19,46.1100,RBI
2006-09-20,46.0500,RBI
2006-09-21,45.8800,RBI
2006-09-22,45.9400,RBI
2006-09-25,45.8600,RBI
2006-09-26,45.9700,RBI
2006-09-27,45.9200,RBI
2006-09-28,45.9200,RBI
2006-09-29,45.9600,RBI
2006-10-03,45.8400,RBI
2006-10-04,45.6900,RBI
2006-10-05,45.7100,RBI
2006-10-06,45.6100,RBI
2006-10-09,45.7200,RBI
2006-10-10,45.7400,RBI
2006-10-11,45.7600,RBI
2006-10-12,45.6000,RBI
2006-10-13,45.4900,RBI
2006-10-16,45.4600,RBI
2006-10-17,45.3600,RBI
2006-10-18,45.2600,RBI
2006-10-19,45.3200,RBI
2006-10-20,45.3100,RBI
2006-10-23,45.4000,RBI
2006-10-26,45.3000,RBI
2006-10-27,45.2200,RBI
2006-10-30,45.0900,RBI
2006-10-31,45.0200,RBI
2006-11-01,44.9300,RBI
2006-11-02,44.9300,RBI
2006-11-03,44.8400,RBI
2006-11-06,44.8600,RBI
2006-11-07,44.8300,RBI
2006-11-08,44.6800,RBI
2006-11-09,44.6500,RBI
2006-11-10,44.4500,RBI
2006-11-13,44.9000,RBI
2006-11-14,45.1600,RBI
2006-11-15,45.3400,RBI
2006-11-16,45.1700,RBI
2006-11-17,45.0100,RBI
2006-11-20,44.8600,RBI
2006-11-21,44.9900,RBI
2006-11-22,44.7500,RBI
2006-11-23,44.7000,RBI
2006-11-24,44.8700,RBI
2006-11-27,44.6400,RBI
2006-11-28,44.7400,RBI
2006-11-29,44.6500,RBI
2006-11-30,44.7600,RBI
2006-12-01,44.6700,RBI
2006-12-04,44.5900,RBI
2006-12-05,44.5600,RBI
2006-12-06,44.5100,RBI
2006-12-07,44.6600,RBI
2006-12-08,44.6900,RBI
2006-12-11,44.7600,RBI
2006-12-12,44.8200,RBI
2006-12-13,44.8300,RBI
2006-12-14,44.7400,RBI
2006-12-15,44.6600,RBI
2006-12-18,44.7900,RBI
2006-12-19,44.8300,RBI
2006-12-20,44.7400,RBI
2006-12-21,44.7300,RBI
2006-12-22,44.5900,RBI
2006-12-26,44.5400,RBI
2006-12-27,44.3900,RBI
2006-12-28,44.3600,RBI
2006-12-29,44.2300,RBI
2007-01-02,44.2000,RBI
2007-01-03,44.3300,RBI
2007-01-04,44.4200,RBI
2007-01-05,44.3000,RBI
2007-01-08,44.4200,RBI
2007-01-09,44.4700,RBI
2007-01-10,44.5300,RBI
2007-01-11,44.5600,RBI
2007-01-12,44.6100,RBI
2007-01-15,44.3100,RBI
2007-01-16,44.3200,RBI
2007-01-17,44.2700,RBI
2007-01-18,44.2500,RBI
2007-01-19,44.3400,RBI
2007-01-22,44.2100,RBI
2007-01-23,44.2100,RBI
2007-01-24,44.2300,RBI
2007-01-25,44.2400,RBI
2007-01-29,44.2700,RBI
2007-01-31,44.1700,RBI
2007-02-02,44.1100,RBI
2007-02-05,44.1100,RBI
2007-02-06,44.1300,RBI
2007-02-07,44.0900,RBI
2007-02-08,44.1200,RBI
2007-02-09,44.0600,RBI
2007-02-12,44.1800,RBI
2007-02-13,44.1700,RBI
2007-02-14,44.1600,RBI
2007-02-15,44.0900,RBI
2007-02-19,44.0700,RBI
2007-02-20,44.2000,RBI
2007-02-21,44.1900,RBI
2007-02-22,44.2500,RBI
2007-02-23,44.2800,RBI
2007-02-26,44.1700,RBI
2007-02-27,44.2000,RBI
2007-02-28,44.3100,RBI
2007-03-01,44.2700,RBI
2007-03-02,44.2800,RBI
2007-03-05,44.4900,RBI
2007-03-06,44.5600,RBI
2007-03-07,44.5000,RBI
2007-03-08,44.4400,RBI
2007-03-09,44.2700,RBI
2007-03-12,44.2200,RBI
2007-03-13,44.2200,RBI
2007-03-14,44.3100,RBI
2007-03-15,44.2200,RBI
2007-03-16,44.1700,RBI
2007-03-20,43.9800,RBI
2007-03-21,43.6300,RBI
2007-03-22,43.6600,RBI
2007-03-23,43.7000,RBI
2007-03-26,43.3900,RBI
2007-03-28,43.1400,RBI
2007-03-29,43.4700,RBI
2007-03-30,43.5900,RBI
2007-04-03,43.1300,RBI
2007-04-04,42.9000,RBI
2007-04-05,43.1500,RBI
2007-04-09,42.8800,RBI
2007-04-10,42.8600,RBI
2007-04-11,42.8700,RBI
2007-04-12,42.8600,RBI
2007-04-13,42.7400,RBI
2007-04-16,42.3000,RBI
2007-04-17,41.7300,RBI
2007-04-18,41.8900,RBI
2007-04-19,42.1500,RBI
2007-04-20,41.9900,RBI
2007-04-23,41.6700,RBI
2007-04-24,41.6400,RBI
2007-04-25,40.9700,RBI
2007-04-26,40.7800,RBI
2007-04-27,41.0700,RBI
2007-04-30,41.2900,RBI
2007-05-03,41.1800,RBI
2007-05-04,40.9000,RBI
2007-05-07,40.5700,RBI
2007-05-08,40.7800,RBI
2007-05-09,40.9100,RBI
2007-05-10,41.0000,RBI
2007-05-11,41.3400,RBI
2007-05-14,40.9300,RBI
2007-05-15,40.8700,RBI
2007-05-16,40.8400,RBI
2007-05-17,40.8400,RBI
2007-05-18,40.9000,RBI
2007-05-21,40.6000,RBI
2007-05-22,40.6400,RBI
2007-05-23,40.5500,RBI
2007-05-24,40.5700,RBI
2007-05-25,40.6000,RBI
2007-05-28,40.5300,RBI
2007-05-29,40.4500,RBI
2007-05-30,40.6400,RBI
2007-05-31,40.7300,RBI
2007-06-01,40.5400,RBI
2007-06-04,40.4700,RBI
2007-06-05,40.5600,RBI
2007-06-06,40.5500,RBI
2007-06-07,40.6300,RBI
2007-06-08,40.9800,RBI
2007-06-11,40.9100,RBI
2007-06-12,40.7300,RBI
2007-06-13,40.9300,RBI
2007-06-14,40.8400,RBI
2007-06-15,40.9700,RBI
2007-06-18,40.7600,RBI
2007-06-19,40.7000,RBI
2007-06-20,40.8200,RBI
2007-06-21,40.7500,RBI
2007-06-22,40.7100,RBI
2007-06-25,40.8100,RBI
2007-06-26,40.9500,RBI
2007-06-27,41.0100,RBI
2007-06-28,40.8400,RBI
2007-06-29,40.7500,RBI
2007-07-02,40.6600,RBI
2007-07-03,40.5800,RBI
2007-07-04,40.4900,RBI
2007-07-05,40.4600,RBI
2007-07-06,40.4600,RBI
2007-07-09,40.4100,RBI
2007-07-10,40.4100,RBI
2007-07-11,40.3800,RBI
2007-07-12,40.3800,RBI
2007-07-13,40.4700,RBI
2007-07-16,40.3700,RBI
2007-07-17,40.3600,RBI
2007-07-18,40.4000,RBI
2007-07-19,40.3900,RBI
2007-07-20,40.3300,RBI
2007-07-23,40.3400,RBI
2007-07-24,40.2400,RBI
2007-07-25,40.3000,RBI
2007-07-26,40.2700,RBI
2007-07-27,40.4800,RBI
2007-07-30,40.5400,RBI
2007-07-31,40.4400,RBI
2007-08-01,40.5500,RBI
2007-08-02,40.4300,RBI
2007-08-03,40.3600,RBI
2007-08-06,40.4500,RBI
2007-08-07,40.3700,RBI
2007-08-08,40.5800,RBI
2007-08-09,40.4000,RBI
2007-08-10,40.6700,RBI
2007-08-13,40.5600,RBI
2007-08-14,40.6900,RBI
2007-08-16,41.0900,RBI
2007-08-17,41.5700,RBI
2007-08-21,41.0600,RBI
2007-08-22,41.0100,RBI
2007-08-23,40.8600,RBI
2007-08-24,41.1800,RBI
2007-08-27,40.9800,RBI
2007-08-28,41.1200,RBI
2007-08-29,41.2400,RBI
2007-08-30,41.0400,RBI
2007-08-31,40.9600,RBI
2007-09-03,40.8800,RBI
2007-09-04,40.9100,RBI
2007-09-05,40.9400,RBI
2007-09-06,40.8500,RBI
2007-09-07,40.7100,RBI
2007-09-10,40.6300,RBI
2007-09-11,40.5800,RBI
2007-09-12,40.4900,RBI
2007-09-13,40.4400,RBI
2007-09-14,40.4500,RBI
2007-09-17,40.4700,RBI
2007-09-18,40.5900,RBI
2007-09-19,40.2600,RBI
2007-09-20,39.9100,RBI
2007-09-21,39.8700,RBI
2007-09-24,39.8200,RBI
2007-09-25,39.8100,RBI
2007-09-26,39.7000,RBI
2007-09-27,39.7500,RBI
2007-09-28,39.7400,RBI
2007-10-01,39.7300,RBI
2007-10-03,39.7900,RBI
2007-10-04,39.5600,RBI
2007-10-05,39.4900,RBI
2007-10-08,39.4300,RBI
2007-10-09,39.5500,RBI
2007-10-10,39.3400,RBI
2007-10-11,39.3100,RBI
2007-10-12,39.3300,RBI
2007-10-15,39.3100,RBI
2007-10-16,39.3100,RBI
2007-10-17,39.6800,RBI
2007-10-18,39.4700,RBI
2007-10-19,39.7900,RBI
2007-10-22,39.7900,RBI
2007-10-23,39.6900,RBI
2007-10-24,39.5700,RBI
2007-10-25,39.5400,RBI
2007-10-26,39.5100,RBI
2007-10-29,39.3800,RBI
2007-10-30,39.4000,RBI
2007-10-31,39.3200,RBI
2007-11-01,39.3200,RBI
2007-11-02,39.3700,RBI
2007-11-05,39.3200,RBI
2007-11-06,39.2900,RBI
2007-11-07,39.2700,RBI
2007-11-08,39.3400,RBI
2007-11-12,39.3300,RBI
2007-11-13,39.3900,RBI
2007-11-14,39.3300,RBI
2007-11-15,39.2800,RBI
2007-11-16,39.3500,RBI
2007-11-19,39.2900,RBI
2007-11-20,39.3400,RBI
2007-11-21,39.3900,RBI
2007-11-22,39.4100,RBI
2007-11-23,39.5700,RBI
2007-11-26,39.6800,RBI
2007-11-27,39.8500,RBI
2007-11-28,39.6800,RBI
2007-11-29,39.7700,RBI
2007-11-30,39.6700,RBI
2007-12-03,39.5600,RBI
2007-12-04,39.4300,RBI
2007-12-05,39.4500,RBI
2007-12-06,39.4700,RBI
2007-12-07,39.4100,RBI
2007-12-10,39.3800,RBI
2007-12-11,39.3600,RBI
2007-12-12,39.3600,RBI
2007-12-13,39.3700,RBI
2007-12-14,39.3500,RBI
2007-12-17,39.3700,RBI
2007-12-18,39.5700,RBI
2007-12-19,39.5500,RBI
2007-12-20,39.5700,RBI
2007-12-24,39.4900,RBI
2007-12-26,39.3900,RBI
2007-12-27,39.4300,RBI
2007-12-28,39.4400,RBI
2007-12-31,39.4100,RBI
2008-01-01,39.4200,RBI
2008-01-02,39.4300,RBI
2008-01-03,39.4500,RBI
2008-01-04,39.3200,RBI
2008-01-07,39.2800,RBI
2008-01-08,39.2700,RBI
2008-01-09,39.2900,RBI
2008-01-10,39.2900,RBI
2008-01-11,39.2900,RBI
2008-01-14,39.2900,RBI
2008-01-15,39.2700,RBI
2008-01-16,39.2700,RBI
2008-01-17,39.2900,RBI
2008-01-18,39.2700,RBI
2008-01-21,39.3800,RBI
2008-01-22,39.7300,RBI
2008-01-23,39.5600,RBI
2008-01-24,39.4300,RBI
2008-01-25,39.4000,RBI
2008-01-28,39.4700,RBI
2008-01-29,39.4000,RBI
2008-01-30,39.4300,RBI
2008-01-31,39.3900,RBI
2008-02-01,39.3600,RBI
2008-02-04,39.3800,RBI
2008-02-05,39.4300,RBI
2008-02-06,39.6000,RBI
2008-02-07,39.4800,RBI
2008-02-08,39.5500,RBI
2008-02-11,39.7300,RBI
2008-02-12,39.6500,RBI
2008-02-13,39.6800,RBI
2008-02-14,39.6500,RBI
2008-02-15,39.6600,RBI
2008-02-18,39.6600,RBI
2008-02-19,39.8700,RBI
2008-02-20,40.1500,RBI
2008-02-21,40.0700,RBI
2008-02-22,39.9800,RBI
2008-02-25,40.0500,RBI
2008-02-26,39.9100,RBI
2008-02-27,39.7300,RBI
2008-02-28,39.8100,RBI
2008-02-29,39.9200,RBI
2008-03-03,40.2600,RBI
2008-03-04,40.2900,RBI
2008-03-05,40.2900,RBI
2008-03-07,40.5300,RBI
2008-03-10,40.6700,RBI
2008-03-11,40.4700,RBI
2008-03-12,40.3600,RBI
2008-03-13,40.4400,RBI
2008-03-14,40.4500,RBI
2008-03-17,40.7700,RBI
2008-03-18,40.6200,RBI
2008-03-19,40.4500,RBI
2008-03-24,40.3400,RBI
2008-03-25,40.1200,RBI
2008-03-26,40.1400,RBI
2008-03-27,40.1500,RBI
2008-03-28,40.1000,RBI
2008-03-31,39.9700,RBI
2008-04-02,39.9800,RBI
2008-04-03,39.9500,RBI
2008-04-04,39.9700,RBI
2008-04-07,39.9300,RBI
2008-04-08,40.0200,RBI
2008-04-09,40.0200,RBI
2008-04-10,39.9500,RBI
2008-04-11,39.9400,RBI
2008-04-15,39.9600,RBI
2008-04-16,39.9600,RBI
2008-04-21,39.8900,RBI
2008-04-22,39.9400,RBI
2008-04-23,39.9500,RBI
2008-04-24,40.0400,RBI
2008-04-25,40.1800,RBI
2008-04-28,40.1400,RBI
2008-04-29,40.2200,RBI
2008-04-30,40.4600,RBI
2008-05-02,40.6500,RBI
2008-05-05,40.5500,RBI
2008-05-06,40.6900,RBI
2008-05-07,41.2000,RBI
2008-05-08,41.7900,RBI
2008-05-09,41.3800,RBI
2008-05-12,41.6800,RBI
2008-05-13,42.1600,RBI
2008-05-14,42.3300,RBI
2008-05-15,42.4000,RBI
2008-05-16,42.6400,RBI
2008-05-20,42.6700,RBI
2008-05-21,42.7200,RBI
2008-05-22,43.1500,RBI
2008-05-23,42.8400,RBI
2008-05-26,42.5600,RBI
2008-05-27,42.8900,RBI
2008-05-28,42.8500,RBI
2008-05-29,42.7700,RBI
2008-05-30,42.5900,RBI
2008-06-02,42.2400,RBI
2008-06-03,42.5300,RBI
2008-06-04,42.6300,RBI
2008-06-05,42.8600,RBI
2008-06-06,42.7900,RBI
2008-06-09,42.8900,RBI
2008-06-10,42.8900,RBI
2008-06-11,42.8900,RBI
2008-06-12,42.8100,RBI
2008-06-13,42.8700,RBI
2008-06-16,42.9000,RBI
2008-06-17,42.9200,RBI
2008-06-18,42.9000,RBI
2008-06-19,42.9300,RBI
2008-06-20,42.9700,RBI
2008-06-23,42.9700,RBI
2008-06-24,42.9400,RBI
2008-06-25,42.8200,RBI
2008-06-26,42.7300,RBI
2008-06-27,42.7900,RBI
2008-06-30,42.9500,RBI
2008-07-01,43.2700,RBI
2008-07-02,43.3400,RBI
2008-07-03,43.3000,RBI
2008-07-04,43.2100,RBI
2008-07-07,43.1200,RBI
2008-07-08,43.3700,RBI
2008-07-09,43.1300,RBI
2008-07-10,43.1600,RBI
2008-07-11,42.7200,RBI
2008-07-14,42.8200,RBI
2008-07-15,43.1700,RBI
2008-07-16,43.1700,RBI
2008-07-17,42.9400,RBI
2008-07-18,42.7800,RBI
2008-07-21,42.7100,RBI
2008-07-22,42.7100,RBI
2008-07-23,42.3300,RBI
2008-07-24,41.9600,RBI
2008-07-25,42.2300,RBI
2008-07-28,42.3000,RBI
2008-07-29,42.5400,RBI
2008-07-30,42.4700,RBI
2008-07-31,42.4900,RBI
2008-08-01,42.3700,RBI
2008-08-04,42.4000,RBI
2008-08-05,42.2800,RBI
2008-08-06,42.0000,RBI
2008-08-07,41.8900,RBI
2008-08-08,42.2000,RBI
2008-08-11,42.0000,RBI
2008-08-12,42.4000,RBI
2008-08-13,42.6700,RBI
2008-08-14,42.8200,RBI
2008-08-18,43.2300,RBI
2008-08-20,43.7200,RBI
2008-08-21,43.5800,RBI
2008-08-22,43.3800,RBI
2008-08-25,43.5800,RBI
2008-08-26,44.0700,RBI
2008-08-27,43.7300,RBI
2008-08-28,43.7300,RBI
2008-08-29,43.7900,RBI
2008-09-01,44.2100,RBI
2008-09-02,44.2600,RBI
2008-09-04,44.4500,RBI
2008-09-05,44.3700,RBI
2008-09-08,44.2600,RBI
2008-09-09,44.8900,RBI
2008-09-10,45.1200,RBI
2008-09-11,45.4400,RBI
2008-09-12,45.7700,RBI
2008-09-15,45.9400,RBI
2008-09-16,46.6300,RBI
2008-09-17,46.3400,RBI
2008-09-18,46.7100,RBI
2008-09-19,46.3200,RBI
2008-09-22,45.4000,RBI
2008-09-23,45.7200,RBI
2008-09-24,45.8300,RBI
2008-09-25,46.2500,RBI
2008-09-26,46.4300,RBI
2008-09-29,46.9400,RBI
2008-10-01,46.9600,RBI
2008-10-03,46.8800,RBI
2008-10-06,47.4600,RBI
2008-10-07,48.0100,RBI
2008-10-08,48.7400,RBI
2008-10-10,48.7200,RBI
2008-10-13,48.1400,RBI
2008-10-14,47.7100,RBI
2008-10-15,48.4300,RBI
2008-10-16,48.8600,RBI
2008-10-17,48.6800,RBI
2008-10-20,48.8300,RBI
2008-10-22,49.2900,RBI
2008-10-23,49.7900,RBI
2008-10-24,49.9500,RBI
2008-10-27,50.0900,RBI
2008-10-29,49.7700,RBI
2008-10-31,49.2500,RBI
2008-11-03,48.9600,RBI
2008-11-04,48.6200,RBI
2008-11-05,47.1800,RBI
2008-11-06,47.6700,RBI
2008-11-07,47.7600,RBI
2008-11-10,47.3200,RBI
2008-11-11,47.5900,RBI
2008-11-12,48.7900,RBI
2008-11-14,49.4600,RBI
2008-11-17,48.9900,RBI
2008-11-18,49.6800,RBI
2008-11-19,49.7400,RBI
2008-11-20,50.5200,RBI
2008-11-21,50.0300,RBI
2008-11-24,50.0900,RBI
2008-11-25,49.9700,RBI
2008-11-26,49.8500,RBI
2008-11-28,49.8400,RBI
2008-12-01,50.0900,RBI
2008-12-02,50.5200,RBI
2008-12-03,49.9000,RBI
2008-12-04,49.7900,RBI
2008-12-05,49.6900,RBI
2008-12-08,49.2200,RBI
2008-12-10,49.1200,RBI
2008-12-11,48.5200,RBI
2008-12-12,48.7100,RBI
2008-12-15,47.9400,RBI
2008-12-16,47.8200,RBI
2008-12-17,47.3300,RBI
2008-12-18,47.2800,RBI
2008-12-19,47.0800,RBI
2008-12-22,47.3900,RBI
2008-12-23,48.4900,RBI
2008-12-24,48.9900,RBI
2008-12-26,47.8900,RBI
2008-12-29,48.7600,RBI
2008-12-30,48.5000,RBI
2008-12-31,48.4500,RBI
2009-01-01,48.7300,RBI
2009-01-02,48.8900,RBI
2009-01-05,48.3700,RBI
2009-01-06,48.6800,RBI
2009-01-07,48.6100,RBI
2009-01-09,48.9200,RBI
2009-01-12,48.6000,RBI
2009-01-13,48.9100,RBI
2009-01-14,48.7000,RBI
2009-01-15,49.0800,RBI
2009-01-16,48.7700,RBI
2009-01-19,48.5600,RBI
2009-01-20,48.9900,RBI
2009-01-21,49.1200,RBI
2009-01-22,48.9300,RBI
2009-01-23,49.1900,RBI
2009-01-27,48.8500,RBI
2009-01-28,48.8700,RBI
2009-01-29,48.9000,RBI
2009-01-30,49.0200,RBI
2009-02-02,49.0100,RBI
2009-02-03,48.8000,RBI
2009-02-04,48.6500,RBI
2009-02-05,48.8200,RBI
2009-02-06,48.7300,RBI
2009-02-09,48.6000,RBI
2009-02-10,48.7000,RBI
2009-02-11,48.8200,RBI
2009-02-12,48.7200,RBI
2009-02-13,48.7200,RBI
2009-02-16,48.7200,RBI
2009-02-17,49.1600,RBI
2009-02-18,49.8500,RBI
2009-02-19,49.8500,RBI
2009-02-24,49.8900,RBI
2009-02-25,49.8200,RBI
2009-02-26,50.4100,RBI
2009-02-27,50.7300,RBI
2009-03-02,51.7500,RBI
2009-03-03,51.6600,RBI
2009-03-04,51.9300,RBI
2009-03-05,52.0600,RBI
2009-03-06,51.5100,RBI
2009-03-09,51.8000,RBI
2009-03-12,51.7000,RBI
2009-03-13,51.6700,RBI
2009-03-16,51.5800,RBI
2009-03-17,51.2500,RBI
2009-03-18,51.3500,RBI
2009-03-19,50.7700,RBI
2009-03-20,50.1400,RBI
2009-03-23,50.5200,RBI
2009-03-24,50.3100,RBI
2009-03-25,50.8300,RBI
2009-03-26,50.5400,RBI
2009-03-30,51.0800,RBI
2009-03-31,50.9500,RBI
2009-04-02,50.3000,RBI
2009-04-06,50.0000,RBI
2009-04-08,50.5300,RBI
2009-04-09,49.9100,RBI
2009-04-13,49.8600,RBI
2009-04-15,49.8800,RBI
2009-04-16,49.4900,RBI
2009-04-17,49.7100,RBI
2009-04-20,49.9500,RBI
2009-04-21,50.3600,RBI
2009-04-22,50.2000,RBI
2009-04-23,50.2200,RBI
2009-04-24,49.9400,RBI
2009-04-27,49.9800,RBI
2009-04-28,50.4400,RBI
2009-04-29,50.2200,RBI
2009-05-04,49.6800,RBI
2009-05-05,49.6500,RBI
2009-05-06,49.5000,RBI
2009-05-07,49.4600,RBI
2009-05-08,49.2500,RBI
2009-05-11,49.2300,RBI
2009-05-12,49.5900,RBI
2009-05-13,49.3400,RBI
2009-05-14,49.8300,RBI
2009-05-15,49.5500,RBI
2009-05-18,48.1700,RBI
2009-05-19,47.4900,RBI
2009-05-20,47.7100,RBI
2009-05-21,47.4000,RBI
2009-05-22,47.1900,RBI
2009-05-25,47.2200,RBI
2009-05-26,47.6300,RBI
2009-05-27,47.6700,RBI
2009-05-28,47.8300,RBI
2009-05-29,47.2900,RBI
2009-06-01,46.9900,RBI
2009-06-02,47.1400,RBI
2009-06-03,46.8400,RBI
2009-06-04,47.1600,RBI
2009-06-05,47.0800,RBI
2009-06-08,47.3800,RBI
2009-06-09,47.5900,RBI
2009-06-10,47.2700,RBI
2009-06-11,47.4200,RBI
2009-06-12,47.4100,RBI
2009-06-15,47.9400,RBI
2009-06-16,47.7600,RBI
2009-06-17,47.9100,RBI
2009-06-18,48.0600,RBI
2009-06-19,48.1300,RBI
2009-06-22,48.3900,RBI
2009-06-23,48.9100,RBI
2009-06-24,48.5300,RBI
2009-06-25,48.5300,RBI
2009-06-26,48.5100,RBI
2009-06-29,48.2000,RBI
2009-06-30,47.8700,RBI
2009-07-01,48.0900,RBI
2009-07-02,47.7900,RBI
2009-07-03,47.9900,RBI
2009-07-06,48.2200,RBI
2009-07-07,48.5200,RBI
2009-07-08,48.9200,RBI
2009-07-09,48.9200,RBI
2009-07-10,48.6900,RBI
2009-07-13,49.4000,RBI
2009-07-14,48.8400,RBI
2009-07-15,48.7200,RBI
2009-07-16,48.7400,RBI
2009-07-17,48.6900,RBI
2009-07-20,48.4300,RBI
2009-07-21,48.2700,RBI
2009-07-22,48.3700,RBI
2009-07-23,48.4400,RBI
2009-07-24,48.3800,RBI
2009-07-27,48.2100,RBI
2009-07-28,48.2100,RBI
2009-07-29,48.4700,RBI
2009-07-30,48.4900,RBI
2009-07-31,48.1600,RBI
2009-08-03,47.8700,RBI
2009-08-04,47.5400,RBI
2009-08-05,47.6700,RBI
2009-08-06,47.5800,RBI
2009-08-07,47.8600,RBI
2009-08-10,47.8100,RBI
2009-08-11,47.9400,RBI
2009-08-12,48.3500,RBI
2009-08-13,48.1400,RBI
2009-08-14,48.2700,RBI
2009-08-17,48.6800,RBI
2009-08-18,48.7400,RBI
2009-08-20,48.7000,RBI
2009-08-21,48.7400,RBI
2009-08-24,48.5000,RBI
2009-08-25,48.7900,RBI
2009-08-26,48.8300,RBI
2009-08-27,48.9800,RBI
2009-08-28,48.8700,RBI
2009-08-31,48.8800,RBI
2009-09-01,48.7300,RBI
2009-09-02,49.0600,RBI
2009-09-03,48.8800,RBI
2009-09-04,48.8900,RBI
2009-09-07,48.7500,RBI
2009-09-08,48.6500,RBI
2009-09-09,48.4700,RBI
2009-09-10,48.3700,RBI
2009-09-11,48.5100,RBI
2009-09-14,48.7000,RBI
2009-09-15,48.5700,RBI
2009-09-16,48.3600,RBI
2009-09-17,47.9700,RBI
2009-09-18,48.1800,RBI
2009-09-22,48.1700,RBI
2009-09-23,47.9600,RBI
2009-09-24,48.1000,RBI
2009-09-25,47.9800,RBI
2009-09-29,48.0400,RBI
2009-10-01,47.8600,RBI
2009-10-05,47.5300,RBI
2009-10-06,47.1600,RBI
2009-10-07,46.8200,RBI
2009-10-08,46.2800,RBI
2009-10-09,46.5000,RBI
2009-10-12,46.5800,RBI
2009-10-14,46.1600,RBI
2009-10-15,45.9100,RBI
2009-10-16,46.2700,RBI
2009-10-20,46.0400,RBI
2009-10-21,46.4400,RBI
2009-10-22,46.6600,RBI
2009-10-23,46.4500,RBI
2009-10-26,46.5800,RBI
2009-10-27,46.8300,RBI
2009-10-28,47.1500,RBI
2009-10-29,47.5200,RBI
2009-10-30,46.9600,RBI
2009-11-03,47.0400,RBI
2009-11-04,47.1300,RBI
2009-11-05,47.1300,RBI
2009-11-06,46.8200,RBI
2009-11-09,46.5800,RBI
2009-11-10,46.5300,RBI
2009-11-11,46.5700,RBI
2009-11-12,46.5000,RBI
2009-11-13,46.5000,RBI
2009-11-16,46.0900,RBI
2009-11-17,46.2500,RBI
2009-11-18,46.2600,RBI
2009-11-19,46.4100,RBI
2009-11-20,46.5800,RBI
2009-11-23,46.4900,RBI
2009-11-24,46.6000,RBI
2009-11-25,46.3400,RBI
2009-11-26,46.2700,RBI
2009-11-27,46.8100,RBI
2009-11-30,46.4800,RBI
2009-12-01,46.4500,RBI
2009-12-02,46.2700,RBI
2009-12-03,46.2200,RBI
2009-12-04,46.2500,RBI
2009-12-07,46.4400,RBI
2009-12-08,46.6700,RBI
2009-12-09,46.7700,RBI
2009-12-10,46.7200,RBI
2009-12-11,46.5200,RBI
2009-12-14,46.6600,RBI
2009-12-15,46.6400,RBI
2009-12-16,46.6800,RBI
2009-12-17,46.7800,RBI
2009-12-18,46.8500,RBI
2009-12-21,46.8000,RBI
2009-12-22,46.8000,RBI
2009-12-23,46.8500,RBI
2009-12-24,46.7600,RBI
2009-12-29,46.6900,RBI
2009-12-30,46.7300,RBI
2009-12-31,46.6800,RBI
2010-01-01,46.6500,RBI
2010-01-04,46.5100,RBI
2010-01-05,46.2000,RBI
2010-01-06,46.1200,RBI
2010-01-07,45.8700,RBI
2010-01-08,45.8000,RBI
2010-01-11,45.3600,RBI
2010-01-12,45.4000,RBI
2010-01-13,45.6800,RBI
2010-01-14,45.4800,RBI
2010-01-15,45.6700,RBI
2010-01-18,45.6600,RBI
2010-01-19,45.6200,RBI
2010-01-20,45.9500,RBI
2010-01-21,45.9700,RBI
2010-01-22,46.1700,RBI
2010-01-25,46.1800,RBI
2010-01-27,46.2900,RBI
2010-01-28,46.3100,RBI
2010-01-29,46.3700,RBI
2010-02-01,46.3400,RBI
2010-02-02,46.2500,RBI
2010-02-03,46.0400,RBI
2010-02-04,46.0900,RBI
2010-02-05,46.5600,RBI
2010-02-08,46.8100,RBI
2010-02-09,46.6800,RBI
2010-02-10,46.5600,RBI
2010-02-11,46.4600,RBI
2010-02-15,46.3800,RBI
2010-02-16,46.1800,RBI
2010-02-17,46.0200,RBI
2010-02-18,46.2200,RBI
2010-02-19,46.4700,RBI
2010-02-22,46.1600,RBI
2010-02-23,46.1300,RBI
2010-02-24,46.2500,RBI
2010-02-25,46.3600,RBI
2010-02-26,46.2300,RBI
2010-03-02,46.0200,RBI
2010-03-03,45.9000,RBI
2010-03-04,45.8200,RBI
2010-03-05,45.7800,RBI
2010-03-08,45.4300,RBI
2010-03-09,45.5400,RBI
2010-03-10,45.4100,RBI
2010-03-11,45.4700,RBI
2010-03-12,45.4500,RBI
2010-03-15,45.5800,RBI
2010-03-17,45.4100,RBI
2010-03-18,45.4900,RBI
2010-03-19,45.4800,RBI
2010-03-22,45.4900,RBI
2010-03-23,45.5600,RBI
2010-03-25,45.6300,RBI
2010-03-26,45.3400,RBI
2010-03-29,45.0800,RBI
2010-03-30,44.9400,RBI
2010-03-31,45.1400,RBI
2010-04-05,44.7300,RBI
2010-04-06,44.4500,RBI
2010-04-07,44.4200,RBI
2010-04-08,44.6900,RBI
2010-04-09,44.3500,RBI
2010-04-12,44.3500,RBI
2010-04-13,44.6200,RBI
2010-04-15,44.3800,RBI
2010-04-16,44.4900,RBI
2010-04-19,44.6000,RBI
2010-04-20,44.6100,RBI
2010-04-21,44.4100,RBI
2010-04-22,44.4500,RBI
2010-04-23,44.5400,RBI
2010-04-26,44.3300,RBI
2010-04-27,44.4500,RBI
2010-04-28,44.6000,RBI
2010-04-29,44.5700,RBI
2010-04-30,44.4400,RBI
2010-05-03,44.5600,RBI
2010-05-04,44.5600,RBI
2010-05-05,44.8700,RBI
2010-05-06,45.4000,RBI
2010-05-07,45.5800,RBI
2010-05-10,44.9600,RBI
2010-05-11,45.1400,RBI
2010-05-12,45.3300,RBI
2010-05-13,44.9900,RBI
2010-05-14,45.1000,RBI
2010-05-17,45.7200,RBI
2010-05-18,45.5500,RBI
2010-05-19,46.0000,RBI
2010-05-20,46.7500,RBI
2010-05-21,46.9500,RBI
2010-05-24,46.6700,RBI
2010-05-25,47.4000,RBI
2010-05-26,47.5700,RBI
2010-05-28,46.5400,RBI
2010-05-31,46.4500,RBI
2010-06-01,46.6900,RBI
2010-06-02,47.1900,RBI
2010-06-03,46.5200,RBI
2010-06-04,46.6700,RBI
2010-06-07,47.2800,RBI
2010-06-08,46.9500,RBI
2010-06-09,46.9800,RBI
2010-06-10,46.9800,RBI
2010-06-11,46.8200,RBI
2010-06-14,46.5700,RBI
2010-06-15,46.7300,RBI
2010-06-16,46.3500,RBI
2010-06-17,46.5000,RBI
2010-06-18,46.1400,RBI
2010-06-21,45.6400,RBI
2010-06-22,46.0400,RBI
2010-06-23,46.3100,RBI
2010-06-24,46.2400,RBI
2010-06-25,46.5400,RBI
2010-06-28,46.1600,RBI
2010-06-29,46.5200,RBI
2010-06-30,46.6000,RBI
2010-07-01,46.6800,RBI
2010-07-02,46.6800,RBI
2010-07-05,46.6900,RBI
2010-07-06,46.8000,RBI
2010-07-07,47.0800,RBI
2010-07-08,46.8500,RBI
2010-07-09,46.7500,RBI
2010-07-12,46.7300,RBI
2010-07-13,46.9300,RBI
2010-07-14,46.6300,RBI
2010-07-15,46.7400,RBI
2010-07-16,46.8000,RBI
2010-07-19,47.0800,RBI
2010-07-20,47.1000,RBI
2010-07-21,47.2500,RBI
2010-07-22,47.3300,RBI
2010-07-23,47.0000,RBI
2010-07-26,46.8600,RBI
2010-07-27,46.7600,RBI
2010-07-28,46.5700,RBI
2010-07-29,46.6300,RBI
2010-07-30,46.4600,RBI
2010-08-02,46.1900,RBI
2010-08-03,46.2200,RBI
2010-08-04,46.2200,RBI
2010-08-05,46.2300,RBI
2010-08-06,46.0200,RBI
2010-08-09,46.0700,RBI
2010-08-10,46.3000,RBI
2010-08-11,46.5400,RBI
2010-08-12,46.9400,RBI
2010-08-13,46.5800,RBI
2010-08-16,46.7800,RBI
2010-08-17,46.6800,RBI
2010-08-18,46.6400,RBI
2010-08-20,46.5800,RBI
2010-08-23,46.6100,RBI
2010-08-24,46.7900,RBI
2010-08-25,46.9300,RBI
2010-08-26,46.8100,RBI
2010-08-27,46.8600,RBI
2010-08-30,46.8400,RBI
2010-08-31,47.0800,RBI
2010-09-01,46.8700,RBI
2010-09-02,46.7800,RBI
2010-09-03,46.6700,RBI
2010-09-06,46.4800,RBI
2010-09-07,46.7100,RBI
2010-09-08,46.7000,RBI
2010-09-09,46.5600,RBI
2010-09-13,46.3100,RBI
2010-09-14,46.3700,RBI
2010-09-15,46.3700,RBI
2010-09-16,46.3000,RBI
2010-09-17,45.9700,RBI
2010-09-20,45.6100,RBI
2010-09-21,45.7300,RBI
2010-09-22,45.5300,RBI
2010-09-23,45.5900,RBI
2010-09-24,45.5400,RBI
2010-09-27,45.0400,RBI
2010-09-28,45.1300,RBI
2010-09-29,44.9200,RBI
2010-10-01,44.6800,RBI
2010-10-04,44.3700,RBI
2010-10-05,44.7200,RBI
2010-10-06,44.3000,RBI
2010-10-07,44.2800,RBI
2010-10-08,44.3800,RBI
2010-10-11,44.3000,RBI
2010-10-12,44.7400,RBI
2010-10-13,44.5000,RBI
2010-10-14,44.1800,RBI
2010-10-15,44.0300,RBI
2010-10-18,44.2600,RBI
2010-10-19,44.4600,RBI
2010-10-20,44.2900,RBI
2010-10-21,44.3600,RBI
2010-10-22,44.4600,RBI
2010-10-25,44.3600,RBI
2010-10-26,44.4300,RBI
2010-10-27,44.5200,RBI
2010-10-28,44.4900,RBI
2010-10-29,44.5400,RBI
2010-11-01,44.4200,RBI
2010-11-02,44.4300,RBI
2010-11-03,44.3600,RBI
2010-11-04,44.3200,RBI
2010-11-08,44.2600,RBI
2010-11-09,44.4000,RBI
2010-11-10,44.3900,RBI
2010-11-11,44.2500,RBI
2010-11-12,44.6400,RBI
2010-11-15,45.1400,RBI
2010-11-16,45.2200,RBI
2010-11-18,45.4500,RBI
2010-11-19,45.2600,RBI
2010-11-22,45.2900,RBI
2010-11-23,45.6100,RBI
2010-11-24,45.6600,RBI
2010-11-25,45.6400,RBI
2010-11-26,45.7400,RBI
2010-11-29,45.8100,RBI
2010-11-30,46.0400,RBI
2010-12-01,45.7000,RBI
2010-12-02,45.3700,RBI
2010-12-03,45.0900,RBI
2010-12-06,44.8500,RBI
2010-12-07,44.8400,RBI
2010-12-08,45.1200,RBI
2010-12-09,45.1700,RBI
2010-12-10,45.2200,RBI
2010-12-13,45.2500,RBI
2010-12-14,45.0100,RBI
2010-12-15,45.3200,RBI
2010-12-16,45.3900,RBI
2010-12-20,45.3800,RBI
2010-12-21,45.2600,RBI
2010-12-22,45.1300,RBI
2010-12-23,45.0200,RBI
2010-12-24,45.2300,RBI
2010-12-27,45.1500,RBI
2010-12-28,45.1700,RBI
2010-12-29,45.1200,RBI
2010-12-30,44.9000,RBI
2010-12-31,44.8100,RBI
2011-01-03,44.6700,RBI
2011-01-04,44.8400,RBI
2011-01-05,45.2000,RBI
2011-01-06,45.3100,RBI
2011-01-07,45.3700,RBI
2011-01-10,45.4400,RBI
2011-01-11,45.3200,RBI
2011-01-12,45.1600,RBI
2011-01-13,45.1300,RBI
2011-01-14,45.3000,RBI
2011-01-17,45.5900,RBI
2011-01-18,45.5300,RBI
2011-01-19,45.3800,RBI
2011-01-20,45.5800,RBI
2011-01-21,45.7000,RBI
2011-01-24,45.5800,RBI
2011-01-25,45.5300,RBI
2011-01-27,45.5700,RBI
2011-01-28,45.7400,RBI
2011-01-31,45.9500,RBI
2011-02-01,45.8100,RBI
2011-02-02,45.6300,RBI
2011-02-03,45.6300,RBI
2011-02-04,45.6400,RBI
2011-02-07,45.5900,RBI
2011-02-08,45.3900,RBI
2011-02-09,45.3300,RBI
2011-02-10,45.5800,RBI
2011-02-11,45.7600,RBI
2011-02-14,45.5000,RBI
2011-02-15,45.4500,RBI
2011-02-17,45.3800,RBI
2011-02-18,45.1800,RBI
2011-02-21,45.1100,RBI
2011-02-22,45.2000,RBI
2011-02-23,45.2000,RBI
2011-02-24,45.3700,RBI
2011-02-25,45.3700,RBI
2011-02-28,45.1800,RBI
2011-03-01,45.1200,RBI
2011-03-03,44.9600,RBI
2011-03-04,44.9900,RBI
2011-03-07,45.1300,RBI
2011-03-08,45.0300,RBI
2011-03-09,45.0200,RBI
2011-03-10,45.1100,RBI
2011-03-11,45.2100,RBI
2011-03-14,45.1500,RBI
2011-03-15,45.2700,RBI
2011-03-16,45.1800,RBI
2011-03-17,45.2400,RBI
2011-03-18,45.0900,RBI
2011-03-21,45.0500,RBI
2011-03-22,44.9700,RBI
2011-03-23,44.9600,RBI
2011-03-24,44.7700,RBI
2011-03-25,44.6500,RBI
2011-03-28,44.7800,RBI
2011-03-29,44.6700,RBI
2011-03-30,44.7700,RBI
2011-03-31,44.6500,RBI
2011-04-05,44.4500,RBI
2011-04-06,44.2000,RBI
2011-04-07,44.2200,RBI
2011-04-08,44.0400,RBI
2011-04-11,44.2000,RBI
2011-04-13,44.4800,RBI
2011-04-15,44.5200,RBI
2011-04-18,44.2700,RBI
2011-04-19,44.6800,RBI
2011-04-20,44.3800,RBI
2011-04-21,44.3000,RBI
2011-04-25,44.4500,RBI
2011-04-26,44.5900,RBI
2011-04-27,44.4000,RBI
2011-04-28,44.3300,RBI
2011-04-29,44.3800,RBI
2011-05-02,44.3000,RBI
2011-05-03,44.3400,RBI
2011-05-04,44.5900,RBI
2011-05-05,44.5700,RBI
2011-05-06,44.7800,RBI
2011-05-09,44.7000,RBI
2011-05-10,44.7300,RBI
2011-05-11,44.6900,RBI
2011-05-12,44.7900,RBI
2011-05-13,44.9100,RBI
2011-05-16,45.0700,RBI
2011-05-18,45.0800,RBI
2011-05-19,44.9800,RBI
2011-05-20,44.9300,RBI
2011-05-23,45.2800,RBI
2011-05-24,45.2500,RBI
2011-05-25,45.3800,RBI
2011-05-26,45.2900,RBI
2011-05-27,45.2100,RBI
2011-05-30,45.1000,RBI
2011-05-31,45.0300,RBI
2011-06-01,44.8900,RBI
2011-06-02,44.9400,RBI
2011-06-03,44.8500,RBI
2011-06-06,44.7200,RBI
2011-06-07,44.7400,RBI
2011-06-08,44.6100,RBI
2011-06-09,44.7200,RBI
2011-06-10,44.7200,RBI
2011-06-13,44.8700,RBI
2011-06-14,44.7700,RBI
2011-06-15,44.6800,RBI
2011-06-16,44.9000,RBI
2011-06-17,44.9300,RBI
2011-06-20,44.9900,RBI
2011-06-21,44.9100,RBI
2011-06-22,44.8200,RBI
2011-06-23,44.9300,RBI
2011-06-24,44.9400,RBI
2011-06-27,45.1000,RBI
2011-06-28,45.0500,RBI
2011-06-29,44.9400,RBI
2011-06-30,44.7200,RBI
2011-07-01,44.5855,RBI
2011-07-04,44.4595,RBI
2011-07-05,44.4988,RBI
2011-07-06,44.3830,RBI
2011-07-07,44.4173,RBI
2011-07-08,44.3263,RBI
2011-07-11,44.3705,RBI
2011-07-12,44.6878,RBI
2011-07-13,44.5880,RBI
2011-07-14,44.5278,RBI
2011-07-15,44.5262,RBI
2011-07-18,44.5743,RBI
2011-07-19,44.5868,RBI
2011-07-20,44.4603,RBI
2011-07-21,44.4328,RBI
2011-07-22,44.3763,RBI
2011-07-25,44.4160,RBI
2011-07-26,44.2873,RBI
2011-07-27,43.9485,RBI
2011-07-28,44.1263,RBI
2011-07-29,44.1553,RBI
2011-08-01,44.0485,RBI
2011-08-02,44.2288,RBI
2011-08-03,44.3795,RBI
2011-08-04,44.4163,RBI
2011-08-05,44.8030,RBI
2011-08-08,44.9620,RBI
2011-08-09,45.1745,RBI
2011-08-10,45.2058,RBI
2011-08-11,45.2713,RBI
2011-08-12,45.3740,RBI
2011-08-16,45.2490,RBI
2011-08-17,45.3695,RBI
2011-08-18,45.6105,RBI
2011-08-22,45.9483,RBI
2011-08-23,45.6890,RBI
2011-08-24,45.7695,RBI
2011-08-25,46.1285,RBI
2011-08-26,46.0528,RBI
2011-08-29,45.8708,RBI
2011-08-30,46.0190,RBI
2011-09-02,45.8965,RBI
2011-09-05,45.9375,RBI
2011-09-06,46.1270,RBI
2011-09-07,46.0218,RBI
2011-09-08,46.1775,RBI
2011-09-09,46.3843,RBI
2011-09-12,46.9735,RBI
2011-09-13,47.0963,RBI
2011-09-14,47.8055,RBI
2011-09-15,47.8435,RBI
2011-09-16,47.4670,RBI
2011-09-19,47.7920,RBI
2011-09-20,48.2225,RBI
2011-09-21,47.8900,RBI
2011-09-22,48.8205,RBI
2011-09-23,49.6730,RBI
2011-09-26,49.6170,RBI
2011-09-27,49.1775,RBI
2011-09-28,48.9120,RBI
2011-09-29,48.9253,RBI
2011-10-03,49.4240,RBI
2011-10-04,49.2250,RBI
2011-10-05,49.1918,RBI
2011-10-07,49.1355,RBI
2011-10-10,49.0710,RBI
2011-10-11,49.0333,RBI
2011-10-12,49.2410,RBI
2011-10-13,49.0228,RBI
2011-10-14,49.0675,RBI
2011-10-17,48.8925,RBI
2011-10-18,49.1360,RBI
2011-10-19,49.1775,RBI
2011-10-20,49.7110,RBI
2011-10-21,50.0670,RBI
2011-10-24,49.8745,RBI
2011-10-25,49.6598,RBI
2011-10-28,48.8210,RBI
2011-10-31,48.8730,RBI
2011-11-01,49.0775,RBI
2011-11-02,49.2508,RBI
2011-11-03,49.3748,RBI
2011-11-04,49.0840,RBI
2011-11-08,49.3800,RBI
2011-11-09,49.7810,RBI
2011-11-11,50.2795,RBI
2011-11-14,50.0845,RBI
2011-11-15,50.5645,RBI
2011-11-16,50.9010,RBI
2011-11-17,50.7220,RBI
2011-11-18,51.3530,RBI
2011-11-21,51.7165,RBI
2011-11-22,52.7015,RBI
2011-11-23,52.1005,RBI
2011-11-24,52.2500,RBI
2011-11-25,52.1665,RBI
2011-11-28,51.9830,RBI
2011-11-29,51.9308,RBI
2011-11-30,52.1650,RBI
2011-12-01,51.6520,RBI
2011-12-02,51.3523,RBI
2011-12-05,51.3925,RBI
2011-12-07,51.4490,RBI
2011-12-08,51.7780,RBI
2011-12-09,52.2285,RBI
2011-12-12,52.4238,RBI
2011-12-13,53.4030,RBI
2011-12-14,53.5770,RBI
2011-12-15,54.2355,RBI
2011-12-16,52.8140,RBI
2011-12-19,52.9575,RBI
2011-12-20,53.0270,RBI
2011-12-21,52.6750,RBI
2011-12-22,52.7825,RBI
2011-12-23,52.7220,RBI
2011-12-26,52.8205,RBI
2011-12-27,52.8945,RBI
2011-12-28,53.2145,RBI
2011-12-29,53.3585,RBI
2011-12-30,53.2660,RBI
2012-01-02,53.2975,RBI
2012-01-03,53.2288,RBI
2012-01-04,53.1400,RBI
2012-01-05,52.7810,RBI
2012-01-06,52.7838,RBI
2012-01-09,52.7325,RBI
2012-01-10,52.2255,RBI
2012-01-11,51.7495,RBI
2012-01-12,51.8290,RBI
2012-01-13,51.4310,RBI
2012-01-16,51.6545,RBI
2012-01-17,51.0650,RBI
2012-01-18,50.6655,RBI
2012-01-19,50.2890,RBI
2012-01-20,50.3288,RBI
2012-01-23,50.2435,RBI
2012-01-24,49.9673,RBI
2012-01-25,50.0215,RBI
2012-01-27,49.6480,RBI
2012-01-30,49.5030,RBI
2012-01-31,49.6825,RBI
2012-02-01,49.5325,RBI
2012-02-02,49.1288,RBI
2012-02-03,48.9640,RBI
2012-02-06,48.6790,RBI
2012-02-07,48.9150,RBI
2012-02-08,49.0683,RBI
2012-02-09,49.2895,RBI
2012-02-10,49.6445,RBI
2012-02-13,49.3180,RBI
2012-02-14,49.3313,RBI
2012-02-15,49.2520,RBI
2012-02-17,49.2128,RBI
2012-02-21,49.0835,RBI
2012-02-22,49.2453,RBI
2012-02-23,49.2450,RBI
2012-02-24,49.0650,RBI
2012-02-27,49.0475,RBI
2012-02-28,49.1430,RBI
2012-02-29,48.9408,RBI
2012-03-01,49.1545,RBI
2012-03-02,49.3525,RBI
2012-03-05,49.7958,RBI
2012-03-06,50.0265,RBI
2012-03-07,50.5733,RBI
2012-03-09,50.0150,RBI
2012-03-12,49.9448,RBI
2012-03-13,49.8450,RBI
2012-03-14,49.9030,RBI
2012-03-15,50.2225,RBI
2012-03-16,50.3130,RBI
2012-03-19,50.1245,RBI
2012-03-20,50.2545,RBI
2012-03-21,50.5935,RBI
2012-03-22,50.9055,RBI
2012-03-26,51.3090,RBI
2012-03-27,50.9083,RBI
2012-03-28,50.9175,RBI
2012-03-29,51.1450,RBI
2012-03-30,51.1565,RBI
2012-04-03,50.5645,RBI
2012-04-04,51.0465,RBI
2012-04-09,51.2765,RBI
2012-04-10,51.2040,RBI
2012-04-11,51.5470,RBI
2012-04-12,51.4420,RBI
2012-04-13,51.4175,RBI
2012-04-16,51.6590,RBI
2012-04-17,51.6265,RBI
2012-04-18,51.5035,RBI
2012-04-19,51.8930,RBI
2012-04-20,51.9995,RBI
2012-04-23,52.2295,RBI
2012-04-24,52.7910,RBI
2012-04-25,52.4850,RBI
2012-04-26,52.5670,RBI
2012-04-27,52.6813,RBI
2012-04-30,52.5193,RBI
2012-05-02,52.9305,RBI
2012-05-03,53.2395,RBI
2012-05-04,53.7225,RBI
2012-05-07,53.3420,RBI
2012-05-08,52.8550,RBI
2012-05-09,53.4600,RBI
2012-05-10,53.3375,RBI
2012-05-11,53.6410,RBI
2012-05-14,53.7118,RBI
2012-05-15,53.8400,RBI
2012-05-16,54.2925,RBI
2012-05-17,54.3875,RBI
2012-05-18,54.8755,RBI
2012-05-21,54.6810,RBI
2012-05-22,54.8845,RBI
2012-05-23,55.9300,RBI
2012-05-24,56.2870,RBI
2012-05-25,55.7253,RBI
2012-05-28,55.2625,RBI
2012-05-29,55.5835,RBI
2012-05-30,56.0060,RBI
2012-05-31,56.4225,RBI
2012-06-01,55.9175,RBI
2012-06-04,55.5155,RBI
2012-06-05,55.5615,RBI
2012-06-06,55.4958,RBI
2012-06-07,55.1455,RBI
2012-06-08,55.3640,RBI
2012-06-11,55.2385,RBI
2012-06-12,56.0545,RBI
2012-06-13,55.8505,RBI
2012-06-14,55.7940,RBI
2012-06-15,55.7630,RBI
2012-06-18,55.5990,RBI
2012-06-19,56.0143,RBI
2012-06-20,55.8585,RBI
2012-06-21,56.4178,RBI
2012-06-22,56.9928,RBI
2012-06-25,56.5340,RBI
2012-06-26,57.0728,RBI
2012-06-27,57.2165,RBI
2012-06-28,56.9195,RBI
2012-06-29,56.3090,RBI
2012-07-02,55.8300,RBI
2012-07-03,54.8125,RBI
2012-07-04,54.5525,RBI
2012-07-05,55.0250,RBI
2012-07-06,55.4150,RBI
2012-07-09,56.0215,RBI
2012-07-10,55.8055,RBI
2012-07-11,55.3650,RBI
2012-07-12,55.6985,RBI
2012-07-13,55.6560,RBI
2012-07-16,54.9180,RBI
2012-07-17,55.1455,RBI
2012-07-18,55.3395,RBI
2012-07-19,55.3830,RBI
2012-07-20,55.1515,RBI
2012-07-23,55.7643,RBI
2012-07-24,56.0150,RBI
2012-07-25,56.3755,RBI
2012-07-26,55.9480,RBI
2012-07-27,55.4130,RBI
2012-07-30,55.4428,RBI
2012-07-31,55.8070,RBI
2012-08-01,55.4825,RBI
2012-08-02,55.7765,RBI
2012-08-03,56.0845,RBI
2012-08-06,55.4730,RBI
2012-08-07,55.4995,RBI
2012-08-08,55.1450,RBI
2012-08-09,55.1715,RBI
2012-08-10,55.3440,RBI
2012-08-13,55.4180,RBI
2012-08-14,55.6435,RBI
2012-08-16,55.9890,RBI
2012-08-17,55.7023,RBI
2012-08-21,55.5405,RBI
2012-08-22,55.5105,RBI
2012-08-23,55.1855,RBI
2012-08-24,55.3820,RBI
2012-08-27,55.5930,RBI
2012-08-28,55.7795,RBI
2012-08-29,55.6653,RBI
2012-08-30,55.6485,RBI
2012-08-31,55.7215,RBI
2012-09-03,55.4540,RBI
2012-09-04,55.5360,RBI
2012-09-05,55.8950,RBI
2012-09-06,55.9735,RBI
2012-09-07,55.5230,RBI
2012-09-10,55.3390,RBI
2012-09-11,55.5223,RBI
2012-09-12,55.2605,RBI
2012-09-13,55.4430,RBI
2012-09-14,54.7270,RBI
2012-09-17,53.9740,RBI
2012-09-18,54.2570,RBI
2012-09-20,54.3375,RBI
2012-09-21,53.9055,RBI
2012-09-24,53.2930,RBI
2012-09-25,53.5340,RBI
2012-09-26,53.5785,RBI
2012-09-27,53.2550,RBI
2012-09-28,52.6970,RBI
2012-10-01,52.7845,RBI
2012-10-03,52.3345,RBI
2012-10-04,51.9755,RBI
2012-10-05,51.6185,RBI
2012-10-08,52.2145,RBI
2012-10-09,52.3750,RBI
2012-10-10,53.0445,RBI
2012-10-11,53.0730,RBI
2012-10-12,52.7000,RBI
2012-10-15,53.1198,RBI
2012-10-16,52.8193,RBI
2012-10-17,52.7510,RBI
2012-10-18,52.9690,RBI
2012-10-19,53.7175,RBI
2012-10-22,53.6735,RBI
2012-10-23,53.5895,RBI
2012-10-25,53.6300,RBI
2012-10-29,53.8065,RBI
2012-10-30,54.1650,RBI
2012-10-31,54.1175,RBI
2012-11-01,53.7798,RBI
2012-11-02,53.6645,RBI
2012-11-05,54.0778,RBI
2012-11-06,54.5955,RBI
2012-11-07,54.2520,RBI
2012-11-08,54.4403,RBI
2012-11-09,54.3400,RBI
2012-11-12,54.9340,RBI
2012-11-15,54.9590,RBI
2012-11-16,54.9915,RBI
2012-11-19,54.9665,RBI
2012-11-20,54.9100,RBI
2012-11-21,55.2025,RBI
2012-11-22,55.1575,RBI
2012-11-23,55.3445,RBI
2012-11-26,55.6920,RBI
2012-11-27,55.7045,RBI
2012-11-29,55.2020,RBI
2012-11-30,54.5265,RBI
2012-12-03,54.5610,RBI
2012-12-04,54.9473,RBI
2012-12-05,54.5690,RBI
2012-12-06,54.4650,RBI
2012-12-07,54.2018,RBI
2012-12-10,54.3405,RBI
2012-12-11,54.3160,RBI
2012-12-12,54.2725,RBI
2012-12-13,54.2320,RBI
2012-12-14,54.3880,RBI
2012-12-17,54.6290,RBI
2012-12-18,54.8490,RBI
2012-12-19,54.7365,RBI
2012-12-20,54.8420,RBI
2012-12-21,55.0860,RBI
2012-12-24,55.0858,RBI
2012-12-26,54.9635,RBI
2012-12-27,54.8465,RBI
2012-12-28,54.8473,RBI
2012-12-31,54.7773,RBI
2013-01-01,54.8320,RBI
2013-01-02,54.3890,RBI
2013-01-03,54.4153,RBI
2013-01-04,54.8458,RBI
2013-01-07,54.9780,RBI
2013-01-08,55.3278,RBI
2013-01-09,54.9625,RBI
2013-01-10,54.6305,RBI
2013-01-11,54.5390,RBI
2013-01-14,54.6355,RBI
2013-01-15,54.5425,RBI
2013-01-16,54.8260,RBI
2013-01-17,54.6428,RBI
2013-01-18,53.9465,RBI
2013-01-21,53.8735,RBI
2013-01-22,53.5115,RBI
2013-01-23,53.7710,RBI
2013-01-24,53.8515,RBI
2013-01-28,53.8905,RBI
2013-01-29,53.7015,RBI
2013-01-30,53.5678,RBI
2013-01-31,53.2890,RBI
2013-02-01,53.3238,RBI
2013-02-04,52.9730,RBI
2013-02-05,53.2945,RBI
2013-02-06,53.0855,RBI
2013-02-07,53.1445,RBI
2013-02-08,53.5695,RBI
2013-02-11,53.6793,RBI
2013-02-12,53.9585,RBI
2013-02-13,53.8500,RBI
2013-02-14,53.8715,RBI
2013-02-15,53.9885,RBI
2013-02-18,54.2895,RBI
2013-02-20,54.0510,RBI
2013-02-21,54.4800,RBI
2013-02-22,54.4270,RBI
2013-02-25,54.0415,RBI
2013-02-26,54.0645,RBI
2013-02-27,53.8350,RBI
2013-02-28,53.7735,RBI
2013-03-01,54.4815,RBI
2013-03-04,55.0518,RBI
2013-03-05,54.6520,RBI
2013-03-06,54.7065,RBI
2013-03-07,54.7393,RBI
2013-03-08,54.4035,RBI
2013-03-11,54.2933,RBI
2013-03-12,54.3365,RBI
2013-03-13,54.1100,RBI
2013-03-14,54.4420,RBI
2013-03-15,54.1605,RBI
2013-03-18,54.2915,RBI
2013-03-19,54.2635,RBI
2013-03-20,54.3780,RBI
2013-03-21,54.2810,RBI
2013-03-22,54.3350,RBI
2013-03-25,54.0990,RBI
2013-03-26,54.2735,RBI
2013-03-28,54.3893,RBI
2013-04-02,54.3345,RBI
2013-04-03,54.3885,RBI
2013-04-04,54.6460,RBI
2013-04-05,54.8803,RBI
2013-04-08,54.7215,RBI
2013-04-09,54.4613,RBI
2013-04-10,54.5340,RBI
2013-04-12,54.4425,RBI
2013-04-15,54.6260,RBI
2013-04-16,54.3290,RBI
2013-04-17,53.9423,RBI
2013-04-18,54.0298,RBI
2013-04-22,54.1665,RBI
2013-04-23,54.2995,RBI
2013-04-25,54.1715,RBI
2013-04-26,54.2935,RBI
2013-04-29,54.2770,RBI
2013-04-30,54.2190,RBI
2013-05-02,53.7355,RBI
2013-05-03,53.9510,RBI
2013-05-06,53.9495,RBI
2013-05-07,54.2770,RBI
2013-05-08,54.1600,RBI
2013-05-09,54.2415,RBI
2013-05-10,54.5413,RBI
2013-05-13,54.9150,RBI
2013-05-14,54.6275,RBI
2013-05-15,54.7835,RBI
2013-05-16,54.7723,RBI
2013-05-17,54.8865,RBI
2013-05-20,55.0368,RBI
2013-05-21,55.0395,RBI
2013-05-22,55.5220,RBI
2013-05-23,55.9910,RBI
2013-05-24,55.6075,RBI
2013-05-27,55.6198,RBI
2013-05-28,55.7423,RBI
2013-05-29,56.2430,RBI
2013-05-30,56.0995,RBI
2013-05-31,56.4958,RBI
2013-06-03,56.5740,RBI
2013-06-04,56.6423,RBI
2013-06-05,56.4238,RBI
2013-06-06,56.8690,RBI
2013-06-07,56.7445,RBI
2013-06-10,57.7820,RBI
2013-06-11,58.9255,RBI
2013-06-12,58.2740,RBI
2013-06-13,58.4140,RBI
2013-06-14,57.7410,RBI
2013-06-17,57.7310,RBI
2013-06-18,58.4515,RBI
2013-06-19,58.7445,RBI
2013-06-20,59.7000,RBI
2013-06-21,59.3505,RBI
2013-06-24,59.7340,RBI
2013-06-25,59.7030,RBI
2013-06-26,59.8538,RBI
2013-06-27,60.5880,RBI
2013-06-28,59.6995,RBI
2013-07-01,59.1490,RBI
2013-07-02,59.4145,RBI
2013-07-03,60.1005,RBI
2013-07-04,60.0905,RBI
2013-07-05,60.3395,RBI
2013-07-08,61.0455,RBI
2013-07-09,60.0745,RBI
2013-07-10,60.1330,RBI
2013-07-11,59.6420,RBI
2013-07-12,59.8960,RBI
2013-07-15,60.0510,RBI
2013-07-16,59.3925,RBI
2013-07-17,59.3623,RBI
2013-07-18,59.7120,RBI
2013-07-19,59.7950,RBI
2013-07-22,59.4080,RBI
2013-07-23,59.6875,RBI
2013-07-24,59.4465,RBI
2013-07-25,58.9415,RBI
2013-07-26,58.9133,RBI
2013-07-29,59.2970,RBI
2013-07-30,59.8280,RBI
2013-07-31,61.1150,RBI
2013-08-01,60.7423,RBI
2013-08-02,60.8035,RBI
2013-08-05,60.8220,RBI
2013-08-06,61.5355,RBI
2013-08-07,61.3940,RBI
2013-08-08,61.1150,RBI
2013-08-12,60.8025,RBI
2013-08-13,61.4343,RBI
2013-08-14,61.5160,RBI
2013-08-16,61.8195,RBI
2013-08-19,62.3461,RBI
2013-08-20,63.7335,RBI
2013-08-21,63.4605,RBI
2013-08-22,65.4207,RBI
2013-08-23,64.6880,RBI
2013-08-26,64.2347,RBI
2013-08-27,65.6675,RBI
2013-08-28,68.3611,RBI
2013-08-29,67.7060,RBI
2013-08-30,66.5742,RBI
2013-09-02,65.8608,RBI
2013-09-03,66.8875,RBI
2013-09-04,67.0289,RBI
2013-09-05,66.0430,RBI
2013-09-06,65.9600,RBI
2013-09-10,64.2162,RBI
2013-09-11,63.9035,RBI
2013-09-12,63.6673,RBI
2013-09-13,63.7890,RBI
2013-09-16,62.4840,RBI
2013-09-17,63.3770,RBI
2013-09-18,63.1440,RBI
2013-09-19,61.7480,RBI
2013-09-20,62.2430,RBI
2013-09-23,62.5200,RBI
2013-09-24,62.6585,RBI
2013-09-25,62.6981,RBI
2013-09-26,62.2260,RBI
2013-09-27,61.8110,RBI
2013-09-30,62.7770,RBI
2013-10-01,62.3555,RBI
2013-10-03,61.9348,RBI
2013-10-04,61.4050,RBI
2013-10-07,61.7760,RBI
2013-10-08,61.6885,RBI
2013-10-09,61.9170,RBI
2013-10-10,62.1383,RBI
2013-10-11,61.1570,RBI
2013-10-14,61.3036,RBI
2013-10-15,61.6929,RBI
2013-10-17,61.5810,RBI
2013-10-18,61.2760,RBI
2013-10-21,61.4885,RBI
2013-10-22,61.7800,RBI
2013-10-23,61.5340,RBI
2013-10-24,61.4105,RBI
2013-10-25,61.6250,RBI
2013-10-28,61.5030,RBI
2013-10-29,61.4630,RBI
2013-10-30,61.4871,RBI
2013-10-31,61.4100,RBI
2013-11-01,61.9046,RBI
2013-11-05,61.7880,RBI
2013-11-06,61.9225,RBI
2013-11-07,62.5740,RBI
2013-11-08,62.7315,RBI
2013-11-11,63.2955,RBI
2013-11-12,63.5930,RBI
2013-11-13,63.6545,RBI
2013-11-14,63.0645,RBI
2013-11-18,62.6250,RBI
2013-11-19,62.2311,RBI
2013-11-20,62.5580,RBI
2013-11-21,62.8895,RBI
2013-11-22,63.0236,RBI
2013-11-25,62.5770,RBI
2013-11-26,62.4470,RBI
2013-11-27,62.3625,RBI
2013-11-28,62.3896,RBI
2013-11-29,62.3948,RBI
2013-12-02,62.2260,RBI
2013-12-03,62.3443,RBI
2013-12-04,62.3330,RBI
2013-12-05,61.6895,RBI
2013-12-06,61.6673,RBI
2013-12-09,61.1785,RBI
2013-12-10,61.2070,RBI
2013-12-11,61.3313,RBI
2013-12-12,61.6200,RBI
2013-12-13,62.1266,RBI
2013-12-16,62.1024,RBI
2013-12-17,61.9580,RBI
2013-12-18,61.9176,RBI
2013-12-19,62.3800,RBI
2013-12-20,62.2420,RBI
2013-12-23,61.9915,RBI
2013-12-24,61.8668,RBI
2013-12-26,61.9755,RBI
2013-12-27,62.0595,RBI
2013-12-30,62.0028,RBI
2013-12-31,61.8970,RBI
2014-01-01,61.9335,RBI
2014-01-02,61.9020,RBI
2014-01-03,62.4075,RBI
2014-01-06,62.3265,RBI
2014-01-07,62.3790,RBI
2014-01-08,62.2430,RBI
2014-01-09,62.1810,RBI
2014-01-10,61.9360,RBI
2014-01-13,61.5200,RBI
2014-01-15,61.5885,RBI
2014-01-16,61.5325,RBI
2014-01-17,61.3518,RBI
2014-01-20,61.6345,RBI
2014-01-21,61.5355,RBI
2014-01-22,61.9200,RBI
2014-01-23,61.9880,RBI
2014-01-24,62.1770,RBI
2014-01-27,62.7145,RBI
2014-01-28,62.9898,RBI
2014-01-29,62.2005,RBI
2014-01-30,62.7335,RBI
2014-01-31,62.4768,RBI
2014-02-03,62.6891,RBI
2014-02-04,62.6815,RBI
2014-02-05,62.4525,RBI
2014-02-06,62.5045,RBI
2014-02-07,62.3155,RBI
2014-02-10,62.1930,RBI
2014-02-11,62.4390,RBI
2014-02-12,62.1250,RBI
2014-02-13,62.2725,RBI
2014-02-14,62.2770,RBI
2014-02-17,61.9495,RBI
2014-02-18,62.1220,RBI
2014-02-20,62.2843,RBI
2014-02-21,62.1618,RBI
2014-02-24,62.1185,RBI
2014-02-25,61.9765,RBI
2014-02-26,61.9380,RBI
2014-02-28,62.0720,RBI
2014-03-03,61.8605,RBI
2014-03-04,61.9045,RBI
2014-03-05,61.8550,RBI
2014-03-06,61.3242,RBI
2014-03-07,60.9850,RBI
2014-03-10,61.1965,RBI
2014-03-11,60.6995,RBI
2014-03-12,61.0900,RBI
2014-03-13,61.0155,RBI
2014-03-14,61.5170,RBI
2014-03-18,60.9453,RBI
2014-03-19,61.0970,RBI
2014-03-20,61.1310,RBI
2014-03-21,61.0465,RBI
2014-03-24,60.7030,RBI
2014-03-25,60.4935,RBI
2014-03-26,60.1725,RBI
2014-03-27,60.1295,RBI
2014-03-28,60.0998,RBI
2014-04-02,59.6463,RBI
2014-04-03,60.1245,RBI
2014-04-04,60.3210,RBI
2014-04-07,59.9483,RBI
2014-04-09,60.0740,RBI
2014-04-10,60.2115,RBI
2014-04-11,60.2670,RBI
2014-04-15,60.2620,RBI
2014-04-16,60.2263,RBI
2014-04-17,60.3805,RBI
2014-04-21,60.3350,RBI
2014-04-22,60.7147,RBI
2014-04-23,61.0683,RBI
2014-04-25,61.1163,RBI
2014-04-28,60.5041,RBI
2014-04-29,60.5253,RBI
2014-04-30,60.3375,RBI
2014-05-02,60.2250,RBI
2014-05-05,60.0475,RBI
2014-05-06,60.2020,RBI
2014-05-07,60.0399,RBI
2014-05-08,59.9913,RBI
2014-05-09,60.0540,RBI
2014-05-12,59.7290,RBI
2014-05-13,59.8773,RBI
2014-05-15,59.4745,RBI
2014-05-16,58.8610,RBI
2014-05-19,58.4260,RBI
2014-05-20,58.7455,RBI
2014-05-21,58.7725,RBI
2014-05-22,58.5740,RBI
2014-05-23,58.4830,RBI
2014-05-26,58.5873,RBI
2014-05-27,59.0585,RBI
2014-05-28,59.0770,RBI
2014-05-29,58.8415,RBI
2014-05-30,59.0335,RBI
2014-06-02,59.1385,RBI
2014-06-03,59.2125,RBI
2014-06-04,59.3360,RBI
2014-06-05,59.2973,RBI
2014-06-06,59.1970,RBI
2014-06-09,59.0605,RBI
2014-06-10,59.2647,RBI
2014-06-11,59.3250,RBI
2014-06-12,59.3283,RBI
2014-06-13,59.4783,RBI
2014-06-16,60.0059,RBI
2014-06-17,60.3680,RBI
2014-06-18,60.1240,RBI
2014-06-19,60.0031,RBI
2014-06-20,60.2785,RBI
2014-06-23,60.1927,RBI
2014-06-24,60.1050,RBI
2014-06-25,60.2785,RBI
2014-06-26,60.1618,RBI
2014-06-27,60.0958,RBI
2014-06-30,60.0933,RBI
2014-07-01,60.1370,RBI
2014-07-02,59.9745,RBI
2014-07-03,59.7225,RBI
2014-07-04,59.7939,RBI
2014-07-07,59.9455,RBI
2014-07-08,59.7968,RBI
2014-07-09,59.7260,RBI
2014-07-10,59.8750,RBI
2014-07-11,60.1855,RBI
2014-07-14,60.0050,RBI
2014-07-15,60.2195,RBI
2014-07-16,60.1903,RBI
2014-07-17,60.1401,RBI
2014-07-18,60.3300,RBI
2014-07-21,60.1853,RBI
2014-07-22,60.2360,RBI
2014-07-23,60.1830,RBI
2014-07-24,60.0020,RBI
2014-07-25,60.1448,RBI
2014-07-28,60.1013,RBI
2014-07-30,60.1485,RBI
2014-07-31,60.2460,RBI
2014-08-01,60.8510,RBI
2014-08-04,61.0187,RBI
2014-08-05,60.8690,RBI
2014-08-06,61.3360,RBI
2014-08-07,61.4123,RBI
2014-08-08,61.5575,RBI
2014-08-11,61.1165,RBI
2014-08-12,61.1847,RBI
2014-08-13,61.2458,RBI
2014-08-14,61.0583,RBI
2014-08-19,60.7260,RBI
2014-08-20,60.6690,RBI
2014-08-21,60.7670,RBI
2014-08-22,60.4360,RBI
2014-08-25,60.4270,RBI
2014-08-26,60.4960,RBI
2014-08-27,60.4678,RBI
2014-08-28,60.4745,RBI
2014-09-01,60.4735,RBI
2014-09-02,60.6100,RBI
2014-09-03,60.5445,RBI
2014-09-04,60.4540,RBI
2014-09-05,60.4385,RBI
2014-09-08,60.2628,RBI
2014-09-09,60.4277,RBI
2014-09-10,60.8256,RBI
2014-09-11,60.9155,RBI
2014-09-12,60.8400,RBI
2014-09-15,60.9945,RBI
2014-09-16,61.1015,RBI
2014-09-17,60.9540,RBI
2014-09-18,61.0558,RBI
2014-09-19,60.8055,RBI
2014-09-22,60.7875,RBI
2014-09-23,60.8708,RBI
2014-09-24,61.0293,RBI
2014-09-25,61.0245,RBI
2014-09-26,61.5720,RBI
2014-09-29,61.4273,RBI
2014-09-30,61.6135,RBI
2014-10-01,61.7511,RBI
2014-10-07,61.3595,RBI
2014-10-08,61.4648,RBI
2014-10-09,61.0368,RBI
2014-10-10,61.1624,RBI
2014-10-13,61.2455,RBI
2014-10-14,61.1078,RBI
2014-10-16,61.4795,RBI
2014-10-17,61.6165,RBI
2014-10-20,61.2873,RBI
2014-10-21,61.2967,RBI
2014-10-22,61.2355,RBI
2014-10-27,61.2290,RBI
2014-10-28,61.3524,RBI
2014-10-29,61.3175,RBI
2014-10-30,61.4636,RBI
2014-10-31,61.4080,RBI
2014-11-03,61.4118,RBI
2014-11-05,61.3870,RBI
2014-11-07,61.5205,RBI
2014-11-10,61.4513,RBI
2014-11-11,61.5500,RBI
2014-11-12,61.4785,RBI
2014-11-13,61.5560,RBI
2014-11-14,61.6475,RBI
2014-11-17,61.6780,RBI
2014-11-18,61.8080,RBI
2014-11-19,61.8280,RBI
2014-11-20,62.1044,RBI
2014-11-21,61.8505,RBI
2014-11-24,61.7798,RBI
2014-11-25,61.9195,RBI
2014-11-26,61.8658,RBI
2014-11-27,61.8650,RBI
2014-11-28,61.9736,RBI
2014-12-01,62.1377,RBI
2014-12-02,61.9255,RBI
2014-12-03,61.8866,RBI
2014-12-04,61.8771,RBI
2014-12-05,61.8535,RBI
2014-12-08,61.9253,RBI
2014-12-09,61.8750,RBI
2014-12-10,61.9500,RBI
2014-12-11,62.2059,RBI
2014-12-12,62.4422,RBI
2014-12-15,62.6529,RBI
2014-12-16,63.4135,RBI
2014-12-17,63.5813,RBI
2014-12-18,63.3161,RBI
2014-12-19,63.0670,RBI
2014-12-22,63.1757,RBI
2014-12-23,63.4475,RBI
2014-12-24,63.4614,RBI
2014-12-26,63.6355,RBI
2014-12-29,63.6539,RBI
2014-12-30,63.7498,RBI
2014-12-31,63.3315,RBI
2015-01-01,63.3213,RBI
2015-01-02,63.2878,RBI
2015-01-05,63.3888,RBI
2015-01-06,63.3850,RBI
2015-01-07,63.4495,RBI
2015-01-08,62.9670,RBI
2015-01-09,62.3953,RBI
2015-01-12,62.1605,RBI
2015-01-13,62.1021,RBI
2015-01-14,62.1530,RBI
2015-01-15,61.7588,RBI
2015-01-16,61.8933,RBI
2015-01-19,61.6990,RBI
2015-01-20,61.8475,RBI
2015-01-21,61.6140,RBI
2015-01-22,61.6910,RBI
2015-01-23,61.4988,RBI
2015-01-27,61.4640,RBI
2015-01-28,61.4105,RBI
2015-01-29,61.4998,RBI
2015-01-30,61.7575,RBI
2015-02-02,61.8840,RBI
2015-02-03,61.7389,RBI
2015-02-04,61.6800,RBI
2015-02-05,61.8748,RBI
2015-02-06,61.7363,RBI
2015-02-09,62.1410,RBI
2015-02-10,61.9634,RBI
2015-02-11,62.1536,RBI
2015-02-12,62.4300,RBI
2015-02-13,62.1360,RBI
2015-02-16,62.2023,RBI
2015-02-18,62.2450,RBI
2015-02-20,62.2550,RBI
2015-02-23,62.1838,RBI
2015-02-24,62.2758,RBI
2015-02-25,62.0468,RBI
2015-02-26,61.9395,RBI
2015-02-27,61.7908,RBI
2015-03-02,61.8248,RBI
2015-03-03,61.8387,RBI
2015-03-04,61.8543,RBI
2015-03-05,62.2015,RBI
2015-03-09,62.6160,RBI
2015-03-10,62.6983,RBI
2015-03-11,62.7450,RBI
2015-03-12,62.5665,RBI
2015-03-13,62.6733,RBI
2015-03-16,62.8215,RBI
2015-03-17,62.6920,RBI
2015-03-18,62.6720,RBI
2015-03-19,62.4208,RBI
2015-03-20,62.4923,RBI
2015-03-23,62.2879,RBI
2015-03-24,62.1988,RBI
2015-03-25,62.3419,RBI
2015-03-26,62.6728,RBI
2015-03-27,62.6069,RBI
2015-03-30,62.6305,RBI
2015-03-31,62.5908,RBI
2015-04-06,62.1580,RBI
2015-04-07,62.3321,RBI
2015-04-08,62.3295,RBI
2015-04-09,62.2560,RBI
2015-04-10,62.3660,RBI
2015-04-13,62.3885,RBI
2015-04-15,62.4026,RBI
2015-04-16,62.3685,RBI
2015-04-17,62.3460,RBI
2015-04-20,62.5633,RBI
2015-04-21,62.9200,RBI
2015-04-22,62.8183,RBI
2015-04-23,63.1850,RBI
2015-04-24,63.4006,RBI
2015-04-27,63.6115,RBI
2015-04-28,63.3305,RBI
2015-04-29,63.2025,RBI
2015-04-30,63.5780,RBI
2015-05-05,63.5194,RBI
2015-05-06,63.6425,RBI
2015-05-07,63.8800,RBI
2015-05-08,64.0493,RBI
2015-05-11,63.8495,RBI
2015-05-12,64.2020,RBI
2015-05-13,64.1895,RBI
2015-05-14,63.8380,RBI
2015-05-15,63.5788,RBI
2015-05-18,63.5543,RBI
2015-05-19,63.6868,RBI
2015-05-20,63.8655,RBI
2015-05-21,63.7000,RBI
2015-05-22,63.5728,RBI
2015-05-25,63.6228,RBI
2015-05-26,63.8450,RBI
2015-05-27,63.9475,RBI
2015-05-28,63.9010,RBI
2015-05-29,63.7615,RBI
2015-06-01,63.6083,RBI
2015-06-02,63.8330,RBI
2015-06-03,63.8515,RBI
2015-06-04,64.1775,RBI
2015-06-05,63.8955,RBI
2015-06-08,64.1100,RBI
2015-06-09,63.9360,RBI
2015-06-10,63.8849,RBI
2015-06-11,63.8910,RBI
2015-06-12,64.0301,RBI
2015-06-15,64.0868,RBI
2015-06-16,64.1505,RBI
2015-06-17,64.1135,RBI
2015-06-18,63.8495,RBI
2015-06-19,63.8195,RBI
2015-06-22,63.5098,RBI
2015-06-23,63.6406,RBI
2015-06-24,63.6600,RBI
2015-06-25,63.6121,RBI
2015-06-26,63.6042,RBI
2015-06-29,63.9170,RBI
2015-06-30,63.7549,RBI
2015-07-01,63.6223,RBI
2015-07-02,63.5705,RBI
2015-07-03,63.3963,RBI
2015-07-06,63.5785,RBI
2015-07-07,63.3749,RBI
2015-07-08,63.5690,RBI
2015-07-09,63.5065,RBI
2015-07-10,63.3793,RBI
2015-07-13,63.4655,RBI
2015-07-14,63.4978,RBI
2015-07-15,63.3847,RBI
2015-07-16,63.4955,RBI
2015-07-17,63.4928,RBI
2015-07-20,63.5510,RBI
2015-07-21,63.6506,RBI
2015-07-22,63.5283,RBI
2015-07-23,63.7138,RBI
2015-07-24,63.8916,RBI
2015-07-27,64.0028,RBI
2015-07-28,64.0270,RBI
2015-07-29,63.8943,RBI
2015-07-30,64.0061,RBI
2015-07-31,64.0054,RBI
2015-08-03,63.9623,RBI
2015-08-04,63.9315,RBI
2015-08-05,63.8159,RBI
2015-08-06,63.7603,RBI
2015-08-07,63.8061,RBI
2015-08-10,63.7590,RBI
2015-08-11,64.1732,RBI
2015-08-12,64.8270,RBI
2015-08-13,64.9212,RBI
2015-08-14,65.1225,RBI
2015-08-17,65.2200,RBI
2015-08-19,65.2525,RBI
2015-08-20,65.2385,RBI
2015-08-21,65.8298,RBI
2015-08-24,66.5093,RBI
2015-08-25,66.7090,RBI
2015-08-26,66.1610,RBI
2015-08-27,66.0605,RBI
2015-08-28,66.0808,RBI
2015-08-31,66.3062,RBI
2015-09-01,66.2603,RBI
2015-09-02,66.1638,RBI
2015-09-03,66.2280,RBI
2015-09-04,66.4003,RBI
2015-09-07,66.7445,RBI
2015-09-08,66.6060,RBI
2015-09-09,66.2945,RBI
2015-09-10,66.5840,RBI
2015-09-11,66.3866,RBI
2015-09-14,66.3708,RBI
2015-09-15,66.4383,RBI
2015-09-16,66.5000,RBI
2015-09-18,65.9255,RBI
2015-09-21,65.7531,RBI
2015-09-22,65.6250,RBI
2015-09-23,65.9696,RBI
2015-09-24,66.0993,RBI
2015-09-28,66.0805,RBI
2015-09-29,66.1843,RBI
2015-09-30,65.7418,RBI
2015-10-01,65.5540,RBI
2015-10-05,65.2905,RBI
2015-10-06,65.3908,RBI
2015-10-07,65.2571,RBI
2015-10-08,65.1570,RBI
2015-10-09,64.7848,RBI
2015-10-12,64.7260,RBI
2015-10-13,65.0215,RBI
2015-10-14,65.1123,RBI
2015-10-15,64.8240,RBI
2015-10-16,64.9697,RBI
2015-10-19,64.8178,RBI
2015-10-20,64.8908,RBI
2015-10-21,65.1513,RBI
2015-10-23,64.8815,RBI
2015-10-26,64.9603,RBI
2015-10-27,64.9553,RBI
2015-10-28,65.0408,RBI
2015-10-29,65.1515,RBI
2015-10-30,65.2231,RBI
2015-11-02,65.4793,RBI
2015-11-03,65.4510,RBI
2015-11-04,65.5680,RBI
2015-11-05,65.6755,RBI
2015-11-06,65.7910,RBI
2015-11-09,66.3378,RBI
2015-11-10,66.3495,RBI
2015-11-13,66.1390,RBI
2015-11-16,66.1690,RBI
2015-11-17,65.9805,RBI
2015-11-18,66.1138,RBI
2015-11-19,66.1105,RBI
2015-11-20,66.0940,RBI
2015-11-23,66.3490,RBI
2015-11-24,66.3840,RBI
2015-11-26,66.5507,RBI
2015-11-27,66.7503,RBI
2015-11-30,66.8148,RBI
2015-12-01,66.5180,RBI
2015-12-02,66.6158,RBI
2015-12-03,66.7450,RBI
2015-12-04,66.8365,RBI
2015-12-07,66.6263,RBI
2015-12-08,66.7983,RBI
2015-12-09,66.7500,RBI
2015-12-10,66.7905,RBI
2015-12-11,66.7860,RBI
2015-12-14,66.9940,RBI
2015-12-15,67.0435,RBI
2015-12-16,66.8468,RBI
2015-12-17,66.6488,RBI
2015-12-18,66.4235,RBI
2015-12-21,66.3240,RBI
2015-12-22,66.2985,RBI
2015-12-23,66.2020,RBI
2015-12-28,66.1380,RBI
2015-12-29,66.3700,RBI
2015-12-30,66.4243,RBI
2015-12-31,66.3260,RBI
2016-01-01,66.1780,RBI
2016-01-04,66.4623,RBI
2016-01-05,66.5418,RBI
2016-01-06,66.7165,RBI
2016-01-07,66.9115,RBI
2016-01-08,66.6690,RBI
2016-01-11,66.7885,RBI
2016-01-12,66.8905,RBI
2016-01-13,66.8394,RBI
2016-01-14,67.0950,RBI
2016-01-15,67.4325,RBI
2016-01-18,67.5880,RBI
2016-01-19,67.5630,RBI
2016-01-20,67.9774,RBI
2016-01-21,68.0600,RBI
2016-01-22,67.7480,RBI
2016-01-25,67.6428,RBI
2016-01-27,67.9803,RBI
2016-01-28,68.0858,RBI
2016-01-29,67.8763,RBI
2016-02-01,67.6728,RBI
2016-02-02,67.8340,RBI
2016-02-03,68.1825,RBI
2016-02-04,67.8093,RBI
2016-02-05,67.6365,RBI
2016-02-08,67.8190,RBI
2016-02-09,68.1623,RBI
2016-02-10,67.8781,RBI
2016-02-11,68.0155,RBI
2016-02-12,68.4365,RBI
2016-02-15,68.1348,RBI
2016-02-16,68.3360,RBI
2016-02-17,68.5920,RBI
2016-02-18,68.4940,RBI
2016-02-22,68.5517,RBI
2016-02-23,68.6408,RBI
2016-02-24,68.5650,RBI
2016-02-25,68.5990,RBI
2016-02-26,68.7775,RBI
2016-02-29,68.6160,RBI
2016-03-01,68.1580,RBI
2016-03-02,67.7022,RBI
2016-03-03,67.3786,RBI
2016-03-04,67.2713,RBI
2016-03-08,67.3380,RBI
2016-03-09,67.4632,RBI
2016-03-10,67.0510,RBI
2016-03-11,67.0868,RBI
2016-03-14,67.0230,RBI
2016-03-15,67.2290,RBI
2016-03-16,67.3680,RBI
2016-03-17,66.8806,RBI
2016-03-18,66.6088,RBI
2016-03-21,66.5040,RBI
2016-03-22,66.5411,RBI
2016-03-23,66.8640,RBI
2016-03-28,66.6680,RBI
2016-03-29,66.5580,RBI
2016-03-30,66.4105,RBI
2016-03-31,66.3329,RBI
2016-04-04,66.2430,RBI
2016-04-05,66.3248,RBI
2016-04-06,66.5807,RBI
2016-04-07,66.4698,RBI
2016-04-11,66.3925,RBI
2016-04-12,66.4950,RBI
2016-04-13,66.4293,RBI
2016-04-18,66.6663,RBI
2016-04-20,66.2406,RBI
2016-04-21,66.2930,RBI
2016-04-22,66.4925,RBI
2016-04-25,66.6839,RBI
2016-04-26,66.7330,RBI
2016-04-27,66.5460,RBI
2016-04-28,66.4045,RBI
2016-04-29,66.5176,RBI
2016-05-02,66.3435,RBI
2016-05-03,66.2698,RBI
2016-05-04,66.5388,RBI
2016-05-05,66.5105,RBI
2016-05-06,66.5830,RBI
2016-05-09,66.4379,RBI
2016-05-10,66.7224,RBI
2016-05-11,66.6958,RBI
2016-05-12,66.5977,RBI
2016-05-13,66.7609,RBI
2016-05-16,66.8216,RBI
2016-05-17,66.7233,RBI
2016-05-18,66.9131,RBI
2016-05-19,67.2307,RBI
2016-05-20,67.4076,RBI
2016-05-23,67.3492,RBI
2016-05-24,67.7060,RBI
2016-05-25,67.4467,RBI
2016-05-26,67.2855,RBI
2016-05-27,67.0613,RBI
2016-05-30,67.3398,RBI
2016-05-31,67.2030,RBI
2016-06-01,67.3526,RBI
2016-06-02,67.2533,RBI
2016-06-03,67.2415,RBI
2016-06-06,66.9614,RBI
2016-06-07,66.8305,RBI
2016-06-08,66.7370,RBI
2016-06-09,66.6250,RBI
2016-06-10,66.7948,RBI
2016-06-13,67.0737,RBI
2016-06-14,67.1520,RBI
2016-06-15,67.1596,RBI
2016-06-16,67.2068,RBI
2016-06-17,67.1682,RBI
2016-06-20,67.4087,RBI
2016-06-21,67.4767,RBI
2016-06-22,67.5570,RBI
2016-06-23,67.3702,RBI
2016-06-24,68.0144,RBI
2016-06-27,67.9000,RBI
2016-06-28,67.8867,RBI
2016-06-29,67.7443,RBI
2016-06-30,67.6166,RBI
2016-07-01,67.4410,RBI
2016-07-04,67.1848,RBI
2016-07-05,67.4028,RBI
2016-07-07,67.4972,RBI
2016-07-08,67.4584,RBI
2016-07-11,67.1426,RBI
2016-07-12,67.1471,RBI
2016-07-13,67.2046,RBI
2016-07-14,66.9136,RBI
2016-07-15,67.0655,RBI
2016-07-18,67.1015,RBI
2016-07-19,67.1462,RBI
2016-07-20,67.1720,RBI
2016-07-21,67.2035,RBI
2016-07-22,67.1355,RBI
2016-07-25,67.2430,RBI
2016-07-26,67.3680,RBI
2016-07-27,67.2362,RBI
2016-07-28,67.0550,RBI
2016-07-29,67.0340,RBI
2016-08-01,66.7412,RBI
2016-08-02,66.7612,RBI
2016-08-03,66.9368,RBI
2016-08-04,66.9447,RBI
2016-08-05,66.8141,RBI
2016-08-08,66.7407,RBI
2016-08-09,66.9633,RBI
2016-08-10,66.7442,RBI
2016-08-11,66.8571,RBI
2016-08-12,66.8252,RBI
2016-08-16,66.8983,RBI
2016-08-18,66.7939,RBI
2016-08-19,66.9296,RBI
2016-08-22,67.1940,RBI
2016-08-23,67.0885,RBI
2016-08-24,67.1320,RBI
2016-08-25,67.0876,RBI
2016-08-26,67.0299,RBI
2016-08-29,67.1810,RBI
2016-08-30,67.0879,RBI
2016-08-31,66.9813,RBI
2016-09-01,66.9539,RBI
2016-09-02,66.8405,RBI
2016-09-06,66.5469,RBI
2016-09-07,66.3618,RBI
2016-09-08,66.4483,RBI
2016-09-09,66.5462,RBI
2016-09-12,66.9017,RBI
2016-09-14,66.9642,RBI
2016-09-15,67.0248,RBI
2016-09-16,66.8804,RBI
2016-09-19,66.8737,RBI
2016-09-20,67.0200,RBI
2016-09-21,67.0631,RBI
2016-09-22,66.8451,RBI
2016-09-23,66.6519,RBI
2016-09-26,66.7095,RBI
2016-09-27,66.4627,RBI
2016-09-28,66.4482,RBI
2016-09-29,66.5521,RBI
2016-09-30,66.6596,RBI
2016-10-03,66.5330,RBI
2016-10-04,66.5559,RBI
2016-10-05,66.5699,RBI
2016-10-06,66.6322,RBI
2016-10-07,66.7875,RBI
2016-10-10,66.5856,RBI
2016-10-13,66.8473,RBI
2016-10-14,66.8481,RBI
2016-10-17,66.7779,RBI
2016-10-18,66.7268,RBI
2016-10-19,66.7145,RBI
2016-10-20,66.7411,RBI
2016-10-21,66.8943,RBI
2016-10-24,66.8625,RBI
2016-10-25,66.8777,RBI
2016-10-26,66.7621,RBI
2016-10-27,66.8854,RBI
2016-10-28,66.8566,RBI
2016-11-01,66.7140,RBI
2016-11-02,66.8294,RBI
2016-11-03,66.6942,RBI
2016-11-04,66.7219,RBI
2016-11-07,66.7301,RBI
2016-11-08,66.7073,RBI
2016-11-09,66.7968,RBI
2016-11-10,66.4273,RBI
2016-11-11,67.0292,RBI
2016-11-15,67.7173,RBI
2016-11-16,67.7791,RBI
2016-11-17,67.9106,RBI
2016-11-18,68.0937,RBI
2016-11-21,68.2575,RBI
2016-11-22,68.2317,RBI
2016-11-23,68.4772,RBI
2016-11-24,68.6560,RBI
2016-11-25,68.4626,RBI
2016-11-28,68.7235,RBI
2016-11-29,68.6535,RBI
2016-11-30,68.5260,RBI
2016-12-01,68.3734,RBI
2016-12-02,68.3689,RBI
2016-12-05,68.1703,RBI
2016-12-06,68.0322,RBI
2016-12-07,67.8707,RBI
2016-12-08,67.4325,RBI
2016-12-09,67.5840,RBI
2016-12-13,67.4867,RBI
2016-12-14,67.5604,RBI
2016-12-15,67.7994,RBI
2016-12-16,67.7777,RBI
2016-12-19,67.7262,RBI
2016-12-20,67.8954,RBI
2016-12-21,67.8724,RBI
2016-12-22,67.9136,RBI
2016-12-23,67.9117,RBI
2016-12-26,67.8331,RBI
2016-12-27,67.9967,RBI
2016-12-28,68.2250,RBI
2016-12-29,68.1241,RBI
2016-12-30,67.9547,RBI
2017-01-02,68.0225,RBI
2017-01-03,68.0864,RBI
2017-01-04,68.1791,RBI
2017-01-05,67.7884,RBI
2017-01-06,67.9522,RBI
2017-01-09,68.1863,RBI
2017-01-10,68.0641,RBI
2017-01-11,68.2276,RBI
2017-01-12,68.0858,RBI
2017-01-13,68.2310,RBI
2017-01-16,68.1558,RBI
2017-01-17,68.0509,RBI
2017-01-18,67.9364,RBI
2017-01-19,68.1766,RBI
2017-01-20,68.0883,RBI
2017-01-23,68.0843,RBI
2017-01-24,68.1570,RBI
2017-01-25,68.1556,RBI
2017-01-27,68.2043,RBI
2017-01-30,68.0426,RBI
2017-01-31,67.8125,RBI
2017-02-01,67.6458,RBI
2017-02-02,67.4480,RBI
2017-02-03,67.3825,RBI
2017-02-06,67.1958,RBI
2017-02-07,67.3692,RBI
2017-02-08,67.3058,RBI
2017-02-09,67.0123,RBI
2017-02-10,66.9367,RBI
2017-02-13,66.9663,RBI
2017-02-14,66.9439,RBI
2017-02-15,66.9193,RBI
2017-02-16,66.9468,RBI
2017-02-17,67.0467,RBI
2017-02-20,66.9771,RBI
2017-02-22,66.9644,RBI
2017-02-23,66.8351,RBI
2017-02-27,66.7249,RBI
2017-02-28,66.7375,RBI
2017-03-01,66.8482,RBI
2017-03-02,66.7433,RBI
2017-03-03,66.8354,RBI
2017-03-06,66.7559,RBI
2017-03-07,66.6347,RBI
2017-03-08,66.6362,RBI
2017-03-09,66.7707,RBI
2017-03-10,66.6880,RBI
2017-03-14,66.1800,RBI
2017-03-15,65.5146,RBI
2017-03-16,65.3836,RBI
2017-03-17,65.5411,RBI
2017-03-20,65.3827,RBI
2017-03-21,65.3117,RBI
2017-03-22,65.4881,RBI
2017-03-23,65.4220,RBI
2017-03-24,65.4581,RBI
2017-03-27,65.0892,RBI
2017-03-29,64.9552,RBI
2017-03-30,64.9325,RBI
2017-03-31,64.8386,RBI
2017-04-03,64.9103,RBI
2017-04-05,65.0438,RBI
2017-04-06,64.9791,RBI
2017-04-07,64.3928,RBI
2017-04-10,64.4418,RBI
2017-04-11,64.5438,RBI
2017-04-12,64.6920,RBI
2017-04-13,64.3165,RBI
2017-04-17,64.4053,RBI
2017-04-18,64.5657,RBI
2017-04-19,64.5443,RBI
2017-04-20,64.6364,RBI
2017-04-21,64.5701,RBI
2017-04-24,64.4757,RBI
2017-04-25,64.2776,RBI
2017-04-26,64.0013,RBI
2017-04-27,64.1141,RBI
2017-04-28,64.2170,RBI
2017-05-02,64.2072,RBI
2017-05-03,64.1439,RBI
2017-05-04,64.2115,RBI
2017-05-05,64.3079,RBI
2017-05-08,64.2154,RBI
2017-05-09,64.5065,RBI
2017-05-11,64.4380,RBI
2017-05-12,64.3043,RBI
2017-05-15,64.1188,RBI
2017-05-16,64.0758,RBI
2017-05-17,64.0214,RBI
2017-05-18,64.3441,RBI
2017-05-19,64.9906,RBI
2017-05-22,64.5632,RBI
2017-05-23,64.7751,RBI
2017-05-24,64.8586,RBI
2017-05-25,64.5088,RBI
2017-05-26,64.5945,RBI
2017-05-29,64.5565,RBI
2017-05-30,64.6336,RBI
2017-05-31,64.5459,RBI
2017-06-01,64.4704,RBI
2017-06-02,64.4208,RBI
2017-06-05,64.3485,RBI
2017-06-06,64.3516,RBI
2017-06-07,64.4538,RBI
2017-06-08,64.3554,RBI
2017-06-09,64.2584,RBI
2017-06-12,64.3407,RBI
2017-06-13,64.4453,RBI
2017-06-14,64.3141,RBI
2017-06-15,64.2801,RBI
2017-06-16,64.5883,RBI
2017-06-19,64.3788,RBI
2017-06-20,64.4672,RBI
2017-06-21,64.6025,RBI
2017-06-22,64.4950,RBI
2017-06-23,64.5365,RBI
2017-06-27,64.4572,RBI
2017-06-28,64.5288,RBI
2017-06-29,64.4715,RBI
2017-06-30,64.7379,RBI
2017-07-03,64.7525,RBI
2017-07-04,64.8168,RBI
2017-07-05,64.7209,RBI
2017-07-06,64.7779,RBI
2017-07-07,64.7342,RBI
2017-07-10,64.5405,RBI
2017-07-11,64.5025,RBI
2017-07-12,64.4969,RBI
2017-07-13,64.4384,RBI
2017-07-14,64.4539,RBI
2017-07-17,64.3666,RBI
2017-07-18,64.3301,RBI
2017-07-19,64.3211,RBI
2017-07-20,64.4273,RBI
2017-07-21,64.3185,RBI
2017-07-24,64.4494,RBI
2017-07-25,64.3580,RBI
2017-07-26,64.4208,RBI
2017-07-27,64.1216,RBI
2017-07-28,64.1483,RBI
2017-07-31,64.0773,RBI
2017-08-01,64.0683,RBI
2017-08-02,64.0690,RBI
2017-08-03,63.6314,RBI
2017-08-04,63.7091,RBI
2017-08-07,63.7375,RBI
2017-08-08,63.7382,RBI
2017-08-09,63.7491,RBI
2017-08-10,63.9437,RBI
2017-08-11,64.1693,RBI
2017-08-14,64.0253,RBI
2017-08-16,64.2428,RBI
2017-08-18,64.1048,RBI
2017-08-21,64.0285,RBI
2017-08-22,64.1099,RBI
2017-08-23,64.1272,RBI
2017-08-24,64.0676,RBI
2017-08-28,63.8701,RBI
2017-08-29,64.0174,RBI
2017-08-30,63.9431,RBI
2017-08-31,64.0154,RBI
2017-09-01,63.9804,RBI
2017-09-04,64.0468,RBI
2017-09-05,64.1164,RBI
2017-09-06,64.2146,RBI
2017-09-07,64.0276,RBI
2017-09-08,63.8664,RBI
2017-09-11,63.8859,RBI
2017-09-12,63.9474,RBI
2017-09-13,63.9818,RBI
2017-09-14,64.0692,RBI
2017-09-15,64.0774,RBI
2017-09-18,64.0371,RBI
2017-09-19,64.1769,RBI
2017-09-20,64.3637,RBI
2017-09-21,64.5256,RBI
2017-09-22,64.9596,RBI
2017-09-25,64.8357,RBI
2017-09-26,65.3371,RBI
2017-09-27,65.6947,RBI
2017-09-28,65.7604,RBI
2017-09-29,65.3552,RBI
2017-10-03,65.5529,RBI
2017-10-04,65.2899,RBI
2017-10-05,65.1758,RBI
2017-10-06,65.2276,RBI
2017-10-09,65.3074,RBI
2017-10-10,65.2652,RBI
2017-10-11,65.2691,RBI
2017-10-12,65.1003,RBI
2017-10-13,64.9301,RBI
2017-10-16,64.7603,RBI
2017-10-17,64.9226,RBI
2017-10-18,65.0649,RBI
2017-10-23,65.0239,RBI
2017-10-24,64.9256,RBI
2017-10-25,65.1386,RBI
2017-10-26,64.7888,RBI
2017-10-27,65.0931,RBI
2017-10-30,64.9338,RBI
2017-10-31,64.7745,RBI
2017-11-01,64.5256,RBI
2017-11-02,64.5930,RBI
2017-11-03,64.5764,RBI
2017-11-06,64.7267,RBI
2017-11-07,64.8064,RBI
2017-11-08,65.0592,RBI
2017-11-09,64.8967,RBI
2017-11-10,65.0147,RBI
2017-11-13,65.4272,RBI
2017-11-14,65.5171,RBI
2017-11-15,65.3689,RBI
2017-11-16,65.2969,RBI
2017-11-17,64.8462,RBI
2017-11-20,65.0565,RBI
2017-11-21,65.0386,RBI
2017-11-22,64.7453,RBI
2017-11-23,64.7949,RBI
2017-11-24,64.7328,RBI
2017-11-27,64.6948,RBI
2017-11-28,64.4206,RBI
2017-11-29,64.4058,RBI
2017-11-30,64.4332,RBI
2017-12-04,64.3799,RBI
2017-12-05,64.3764,RBI
2017-12-06,64.4467,RBI
2017-12-07,64.5388,RBI
2017-12-08,64.4649,RBI
2017-12-11,64.3616,RBI
2017-12-12,64.4834,RBI
2017-12-13,64.4525,RBI
2017-12-14,64.2798,RBI
2017-12-15,64.0958,RBI
2017-12-18,64.1065,RBI
2017-12-19,64.1205,RBI
2017-12-20,64.0577,RBI
2017-12-21,64.0883,RBI
2017-12-22,64.0409,RBI
2017-12-26,64.0538,RBI
2017-12-27,64.1577,RBI
2017-12-28,64.1716,RBI
2017-12-29,63.9273,RBI
2018-01-01,63.6697,RBI
2018-01-02,63.6728,RBI
2018-01-03,63.4833,RBI
2018-01-04,63.3914,RBI
2018-01-05,63.3823,RBI
2018-01-08,63.3482,RBI
2018-01-09,63.4690,RBI
2018-01-10,63.8264,RBI
2018-01-11,63.7364,RBI
2018-01-12,63.5263,RBI
2018-01-15,63.4125,RBI
2018-01-16,63.7602,RBI
2018-01-17,63.9797,RBI
2018-01-18,63.8431,RBI
2018-01-19,63.7183,RBI
2018-01-22,63.8895,RBI
2018-01-23,63.7722,RBI
2018-01-24,63.6439,RBI
2018-01-25,63.4983,RBI
2018-01-29,63.5470,RBI
2018-01-30,63.7534,RBI
2018-01-31,63.6878,RBI
2018-02-01,63.6113,RBI
2018-02-02,64.0781,RBI
2018-02-05,64.0295,RBI
2018-02-06,64.2723,RBI
2018-02-07,64.1377,RBI
2018-02-08,64.1616,RBI
2018-02-09,64.3686,RBI
2018-02-12,64.2838,RBI
2018-02-14,64.1259,RBI
2018-02-15,63.9222,RBI
2018-02-16,63.9097,RBI
2018-02-20,64.5254,RBI
2018-02-21,64.8161,RBI
2018-02-22,65.0458,RBI
2018-02-23,64.8227,RBI
2018-02-26,64.6639,RBI
2018-02-27,64.8514,RBI
2018-02-28,65.1031,RBI
2018-03-01,65.2261,RBI
2018-03-05,65.0530,RBI
2018-03-06,64.9941,RBI
2018-03-07,64.9627,RBI
2018-03-08,64.9212,RBI
2018-03-09,65.0784,RBI
2018-03-12,65.0199,RBI
2018-03-13,64.9567,RBI
2018-03-14,64.9875,RBI
2018-03-15,64.9366,RBI
2018-03-16,64.8737,RBI
2018-03-19,65.0375,RBI
2018-03-20,65.1993,RBI
2018-03-21,65.2162,RBI
2018-03-22,65.0622,RBI
2018-03-23,65.1333,RBI
2018-03-26,64.9055,RBI
2018-03-27,64.7973,RBI
2018-03-28,65.0441,RBI
2018-04-03,65.0240,RBI
2018-04-04,65.0232,RBI
2018-04-05,65.0601,RBI
2018-04-06,64.9884,RBI
2018-04-09,64.9287,RBI
2018-04-10,64.9368,RBI
2018-04-11,65.1272,RBI
2018-04-12,65.3496,RBI
2018-04-13,65.2226,RBI
2018-04-16,65.4476,RBI
2018-04-17,65.6124,RBI
2018-04-18,65.6814,RBI
2018-04-19,65.7837,RBI
2018-04-20,66.0167,RBI
2018-04-23,66.2177,RBI
2018-04-24,66.3622,RBI
2018-04-25,66.6983,RBI
2018-04-26,66.8299,RBI
2018-04-27,66.7801,RBI
2018-05-02,66.6636,RBI
2018-05-03,66.6093,RBI
2018-05-04,66.7681,RBI
2018-05-07,67.1060,RBI
2018-05-08,67.0809,RBI
2018-05-09,67.3815,RBI
2018-05-10,67.3786,RBI
2018-05-11,67.2203,RBI
2018-05-14,67.3153,RBI
2018-05-15,67.5288,RBI
2018-05-16,67.8276,RBI
2018-05-17,67.7156,RBI
2018-05-18,67.9577,RBI
2018-05-21,68.0883,RBI
2018-05-22,68.0187,RBI
2018-05-23,68.2139,RBI
2018-05-24,68.3872,RBI
2018-05-25,68.2600,RBI
2018-05-28,67.4430,RBI
2018-05-29,67.8201,RBI
2018-05-30,67.6288,RBI
2018-05-31,67.4526,RBI
2018-06-01,67.1840,RBI
2018-06-04,67.0543,RBI
2018-06-05,67.1794,RBI
2018-06-06,67.0397,RBI
2018-06-07,67.0181,RBI
2018-06-08,67.5228,RBI
2018-06-11,67.3353,RBI
2018-06-12,67.4571,RBI
2018-06-13,67.6251,RBI
2018-06-14,67.6875,RBI
2018-06-15,67.9739,RBI
2018-06-18,68.0248,RBI
2018-06-19,68.1511,RBI
2018-06-20,68.0838,RBI
2018-06-21,68.1950,RBI
2018-06-22,67.7695,RBI
2018-06-25,68.1466,RBI
2018-06-26,68.1676,RBI
2018-06-27,68.5246,RBI
2018-06-28,68.9389,RBI
2018-06-29,68.5753,RBI
2018-07-02,68.6227,RBI
2018-07-03,68.6935,RBI
2018-07-04,68.5312,RBI
2018-07-05,68.7545,RBI
2018-07-06,68.8757,RBI
2018-07-09,68.6573,RBI
2018-07-10,68.7942,FBIL
2018-07-11,68.8290,FBIL
2018-07-12,68.6313,FBIL
2018-07-13,68.4094,FBIL
2018-07-16,68.5877,FBIL
2018-07-17,68.2978,FBIL
2018-07-18,68.5652,FBIL
2018-07-19,68.8331,FBIL
2018-07-20,68.8458,FBIL
2018-07-23,68.7040,FBIL
2018-07-24,69.0530,FBIL
2018-07-25,68.8028,FBIL
2018-07-26,68.7017,FBIL
2018-07-27,68.7041,FBIL
2018-07-30,68.7531,FBIL
2018-07-31,68.6068,FBIL
2018-08-01,68.6058,FBIL
2018-08-02,68.3566,FBIL
2018-08-03,68.7933,FBIL
2018-08-06,68.6833,FBIL
2018-08-07,68.8000,FBIL
2018-08-08,68.6465,FBIL
2018-08-09,68.6240,FBIL
2018-08-10,68.9538,FBIL
2018-08-13,69.4685,FBIL
2018-08-14,69.7696,FBIL
2018-08-16,70.2287,FBIL
2018-08-20,69.7617,FBIL
2018-08-21,69.6668,FBIL
2018-08-23,70.0656,FBIL
2018-08-24,70.1377,FBIL
2018-08-27,70.0366,FBIL
2018-08-28,70.1687,FBIL
2018-08-29,70.5046,FBIL
2018-08-30,70.7329,FBIL
2018-08-31,70.9255,FBIL
2018-09-03,70.7695,FBIL
2018-09-04,71.1857,FBIL
2018-09-05,71.7533,FBIL
2018-09-06,71.9214,FBIL
2018-09-07,71.9009,FBIL
2018-09-10,72.5745,FBIL
2018-09-11,72.3227,FBIL
2018-09-12,72.7549,FBIL
2018-09-14,71.8129,FBIL
2018-09-17,72.5505,FBIL
2018-09-18,72.3796,FBIL
2018-09-19,72.6781,FBIL
2018-09-21,71.8489,FBIL
2018-09-24,72.6927,FBIL
2018-09-25,72.8134,FBIL
2018-09-26,72.7182,FBIL
2018-09-27,72.6505,FBIL
2018-09-28,72.5474,FBIL
2018-10-01,72.8036,FBIL
2018-10-03,73.0299,FBIL
2018-10-04,73.7509,FBIL
2018-10-05,73.5809,FBIL
2018-10-08,73.9235,FBIL
2018-10-09,74.0989,FBIL
2018-10-10,74.1316,FBIL
2018-10-11,74.3875,FBIL
2018-10-12,73.7967,FBIL
2018-10-15,73.9708,FBIL
2018-10-16,73.9041,FBIL
2018-10-17,73.4846,FBIL
2018-10-19,73.4354,FBIL
2018-10-22,73.3025,FBIL
2018-10-23,73.7818,FBIL
2018-10-24,73.2645,FBIL
2018-10-25,73.2746,FBIL
2018-10-26,73.3740,FBIL
2018-10-29,73.4181,FBIL
2018-10-30,73.5709,FBIL
2018-10-31,73.9936,FBIL
2018-11-01,73.8295,FBIL
2018-11-02,72.8798,FBIL
2018-11-05,73.0740,FBIL
2018-11-06,73.0097,FBIL
2018-11-09,72.7347,FBIL
2018-11-12,72.9078,FBIL
2018-11-13,72.5853,FBIL
2018-11-14,72.1039,FBIL
2018-11-15,72.1600,FBIL
2018-11-16,71.8023,FBIL
2018-11-19,71.9007,FBIL
2018-11-20,71.3276,FBIL
2018-11-22,71.1787,FBIL
2018-11-26,70.7144,FBIL
2018-11-27,70.9065,FBIL
2018-11-28,70.6881,FBIL
2018-11-29,69.9159,FBIL
2018-11-30,69.6574,FBIL
2018-12-03,70.0280,FBIL
2018-12-04,70.3455,FBIL
2018-12-05,70.5171,FBIL
2018-12-06,71.0371,FBIL
2018-12-07,70.5663,FBIL
2018-12-10,71.3257,FBIL
2018-12-11,71.9274,FBIL
2018-12-12,72.0407,FBIL
2018-12-13,71.5368,FBIL
2018-12-14,71.7359,FBIL
2018-12-17,71.6730,FBIL
2018-12-18,71.1940,FBIL
2018-12-19,70.1094,FBIL
2018-12-20,70.2835,FBIL
2018-12-21,70.0368,FBIL
2018-12-24,70.1757,FBIL
2018-12-26,69.9906,FBIL
2018-12-27,70.3270,FBIL
2018-12-28,69.9786,FBIL
2018-12-31,69.7923,FBIL
2019-01-01,69.7131,FBIL
2019-01-02,69.6089,FBIL
2019-01-03,70.3627,FBIL
2019-01-04,69.8653,FBIL
2019-01-07,69.4814,FBIL
2019-01-08,70.0221,FBIL
2019-01-09,70.4418,FBIL
2019-01-10,70.5135,FBIL
2019-01-11,70.4737,FBIL
2019-01-14,70.8244,FBIL
2019-01-15,71.0298,FBIL
2019-01-16,71.1847,FBIL
2019-01-17,71.3418,FBIL
2019-01-18,71.1418,FBIL
2019-01-21,71.3782,FBIL
2019-01-22,71.3761,FBIL
2019-01-23,71.2039,FBIL
2019-01-24,71.2820,FBIL
2019-01-25,71.1051,FBIL
2019-01-28,71.1340,FBIL
2019-01-29,71.0942,FBIL
2019-01-30,71.2442,FBIL
2019-01-31,71.0333,FBIL
2019-02-01,71.1102,FBIL
2019-02-04,71.6580,FBIL
2019-02-05,71.7459,FBIL
2019-02-06,71.5731,FBIL
2019-02-07,71.4688,FBIL
2019-02-08,71.2949,FBIL
2019-02-11,71.1621,FBIL
2019-02-12,70.9353,FBIL
2019-02-13,70.5547,FBIL
2019-02-14,70.9408,FBIL
2019-02-15,71.2515,FBIL
2019-02-18,71.4705,FBIL
2019-02-20,71.1773,FBIL
2019-02-21,71.1540,FBIL
2019-02-22,71.2177,FBIL
2019-02-25,71.0420,FBIL
2019-02-26,71.0952,FBIL
2019-02-27,71.1663,FBIL
2019-02-28,71.1953,FBIL
2019-03-01,70.9696,FBIL
2019-03-05,70.7601,FBIL
2019-03-06,70.5798,FBIL
2019-03-07,70.0268,FBIL
2019-03-08,70.1010,FBIL
2019-03-11,69.9308,FBIL
2019-03-12,69.5950,FBIL
2019-03-13,69.6225,FBIL
2019-03-14,69.6657,FBIL
2019-03-15,69.2131,FBIL
2019-03-18,68.6088,FBIL
2019-03-19,68.5847,FBIL
2019-03-20,68.8604,FBIL
2019-03-22,68.6607,FBIL
2019-03-25,68.9903,FBIL
2019-03-26,68.8469,FBIL
2019-03-27,68.9030,FBIL
2019-03-28,69.0038,FBIL
2019-03-29,69.1713,FBIL
2019-04-02,69.1198,FBIL
2019-04-03,68.4896,FBIL
2019-04-04,68.8446,FBIL
2019-04-05,69.1965,FBIL
2019-04-08,69.5142,FBIL
2019-04-09,69.5397,FBIL
2019-04-10,69.1482,FBIL
2019-04-11,68.9742,FBIL
2019-04-12,69.3240,FBIL
2019-04-15,69.2293,FBIL
2019-04-16,69.5770,FBIL
2019-04-18,69.4189,FBIL
2019-04-22,69.7423,FBIL
2019-04-23,69.7474,FBIL
2019-04-24,69.9045,FBIL
2019-04-25,69.9418,FBIL
2019-04-26,70.1445,FBIL
2019-04-30,69.8368,FBIL
2019-05-02,69.5419,FBIL
2019-05-03,69.2679,FBIL
2019-05-06,69.3558,FBIL
2019-05-07,69.3095,FBIL
2019-05-08,69.6009,FBIL
2019-05-09,69.8685,FBIL
2019-05-10,69.9212,FBIL
2019-05-13,70.2576,FBIL
2019-05-14,70.4208,FBIL
2019-05-15,70.2087,FBIL
2019-05-16,70.2469,FBIL
2019-05-17,70.1666,FBIL
2019-05-20,69.5466,FBIL
2019-05-21,69.7291,FBIL
2019-05-22,69.7655,FBIL
2019-05-23,69.6732,FBIL
2019-05-24,69.6096,FBIL
2019-05-27,69.4327,FBIL
2019-05-28,69.6142,FBIL
2019-05-29,69.8805,FBIL
2019-05-30,69.7852,FBIL
2019-05-31,69.8058,FBIL
2019-06-03,69.4338,FBIL
2019-06-04,69.2918,FBIL
2019-06-06,69.3205,FBIL
2019-06-07,69.3019,FBIL
2019-06-10,69.4598,FBIL
2019-06-11,69.4222,FBIL
2019-06-12,69.4048,FBIL
2019-06-13,69.3579,FBIL
2019-06-14,69.5646,FBIL
2019-06-17,69.8362,FBIL
2019-06-18,69.8010,FBIL
2019-06-19,69.6677,FBIL
2019-06-20,69.5645,FBIL
2019-06-21,69.6343,FBIL
2019-06-24,69.4788,FBIL
2019-06-25,69.3398,FBIL
2019-06-26,69.3192,FBIL
2019-06-27,69.2216,FBIL
2019-06-28,68.9180,FBIL
2019-07-01,68.9665,FBIL
2019-07-02,68.9924,FBIL
2019-07-03,68.8776,FBIL
2019-07-04,68.8545,FBIL
2019-07-05,68.7499,FBIL
2019-07-08,68.6982,FBIL
2019-07-09,68.7301,FBIL
2019-07-10,68.5269,FBIL
2019-07-11,68.3665,FBIL
2019-07-12,68.5855,FBIL
2019-07-15,68.5836,FBIL
2019-07-16,68.5672,FBIL
2019-07-17,68.8051,FBIL
2019-07-18,68.8758,FBIL
2019-07-19,68.8249,FBIL
2019-07-22,69.0199,FBIL
2019-07-23,68.9922,FBIL
2019-07-24,69.0135,FBIL
2019-07-25,68.9904,FBIL
2019-07-26,69.0611,FBIL
2019-07-29,68.9023,FBIL
2019-07-30,68.7500,FBIL
2019-07-31,68.8569,FBIL
2019-08-01,69.0580,FBIL
2019-08-02,69.3981,FBIL
2019-08-05,70.3584,FBIL
2019-08-06,70.7226,FBIL
2019-08-07,70.9553,FBIL
2019-08-08,70.8497,FBIL
2019-08-09,70.5185,FBIL
2019-08-13,71.2365,FBIL
2019-08-14,71.0968,FBIL
2019-08-16,71.2872,FBIL
2019-08-19,71.3419,FBIL
2019-08-20,71.6483,FBIL
2019-08-21,71.5508,FBIL
2019-08-22,71.7033,FBIL
2019-08-23,71.7267,FBIL
2019-08-26,72.1814,FBIL
2019-08-27,71.8206,FBIL
2019-08-28,71.7041,FBIL
2019-08-29,71.9971,FBIL
2019-08-30,71.7586,FBIL
2019-09-03,72.1899,FBIL
2019-09-04,72.0700,FBIL
2019-09-05,71.8611,FBIL
2019-09-06,71.7323,FBIL
2019-09-09,71.5886,FBIL
2019-09-11,71.6637,FBIL
2019-09-12,71.3175,FBIL
2019-09-13,70.9387,FBIL
2019-09-16,71.5362,FBIL
2019-09-17,71.8196,FBIL
2019-09-18,71.3132,FBIL
2019-09-19,71.1382,FBIL
2019-09-20,70.9370,FBIL
2019-09-23,70.9212,FBIL
2019-09-24,70.8477,FBIL
2019-09-25,71.0395,FBIL
2019-09-26,70.9021,FBIL
2019-09-27,70.8381,FBIL
2019-09-30,70.6850,FBIL
2019-10-01,70.9109,FBIL
2019-10-03,71.1163,FBIL
2019-10-04,70.8703,FBIL
2019-10-07,70.9763,FBIL
2019-10-09,71.1121,FBIL
2019-10-10,71.0516,FBIL
2019-10-11,71.0272,FBIL
2019-10-14,71.0188,FBIL
2019-10-15,71.3186,FBIL
2019-10-16,71.5051,FBIL
2019-10-17,71.4087,FBIL
2019-10-18,71.1988,FBIL
2019-10-22,70.8731,FBIL
2019-10-23,70.9373,FBIL
2019-10-24,70.9338,FBIL
2019-10-25,70.9593,FBIL
2019-10-29,70.7303,FBIL
2019-10-30,70.9915,FBIL
2019-10-31,70.8095,FBIL
2019-11-01,70.8798,FBIL
2019-11-04,70.6821,FBIL
2019-11-05,70.7283,FBIL
2019-11-06,70.8861,FBIL
2019-11-07,71.0079,FBIL
2019-11-08,71.2494,FBIL
2019-11-11,71.4450,FBIL
2019-11-13,71.7002,FBIL
2019-11-14,72.0501,FBIL
2019-11-15,71.7109,FBIL
2019-11-18,71.7131,FBIL
2019-11-19,71.8138,FBIL
2019-11-20,71.6756,FBIL
2019-11-21,71.7996,FBIL
2019-11-22,71.8514,FBIL
2019-11-25,71.6468,FBIL
2019-11-26,71.5909,FBIL
2019-11-27,71.3627,FBIL
2019-11-28,71.5147,FBIL
2019-11-29,71.7255,FBIL
2019-12-02,71.7217,FBIL
2019-12-03,71.6006,FBIL
2019-12-04,71.7800,FBIL
2019-12-05,71.5476,FBIL
2019-12-06,71.3165,FBIL
2019-12-09,71.1620,FBIL
2019-12-10,70.8962,FBIL
2019-12-11,70.8679,FBIL
2019-12-12,70.7494,FBIL
2019-12-13,70.7178,FBIL
2019-12-16,70.9410,FBIL
2019-12-17,70.9687,FBIL
2019-12-18,71.0611,FBIL
2019-12-19,71.0813,FBIL
2019-12-20,71.1569,FBIL
2019-12-23,71.1699,FBIL
2019-12-24,71.1959,FBIL
2019-12-26,71.2699,FBIL
2019-12-27,71.2214,FBIL
2019-12-30,71.3449,FBIL
2019-12-31,71.2740,FBIL
2020-01-01,71.3717,FBIL
2020-01-02,71.3429,FBIL
2020-01-03,71.6949,FBIL
2020-01-06,72.0919,FBIL
2020-01-07,71.7764,FBIL
2020-01-08,72.0178,FBIL
2020-01-09,71.4221,FBIL
2020-01-10,71.1136,FBIL
2020-01-13,70.8115,FBIL
2020-01-14,70.9242,FBIL
2020-01-15,70.8753,FBIL
2020-01-16,70.9065,FBIL
2020-01-17,71.0436,FBIL
2020-01-20,71.0570,FBIL
2020-01-21,71.1825,FBIL
2020-01-22,71.2056,FBIL
2020-01-23,71.2437,FBIL
2020-01-24,71.2404,FBIL
2020-01-27,71.3948,FBIL
2020-01-28,71.3263,FBIL
2020-01-29,71.1875,FBIL
2020-01-30,71.4772,FBIL
2020-01-31,71.5096,FBIL
2020-02-03,71.5803,FBIL
2020-02-04,71.1350,FBIL
2020-02-05,71.2664,FBIL
2020-02-06,71.2558,FBIL
2020-02-07,71.2476,FBIL
2020-02-10,71.3046,FBIL
2020-02-11,71.2291,FBIL
2020-02-12,71.2580,FBIL
2020-02-13,71.4699,FBIL
2020-02-14,71.3865,FBIL
2020-02-17,71.4259,FBIL
2020-02-18,71.4013,FBIL
2020-02-20,71.5899,FBIL
2020-02-24,71.8522,FBIL
2020-02-25,71.8598,FBIL
2020-02-26,71.7291,FBIL
2020-02-27,71.6124,FBIL
2020-02-28,72.1895,FBIL
2020-03-02,72.2420,FBIL
2020-03-03,72.8733,FBIL
2020-03-04,73.5603,FBIL
2020-03-05,73.2824,FBIL
2020-03-06,73.6629,FBIL
2020-03-09,73.9538,FBIL
2020-03-11,73.8128,FBIL
2020-03-12,74.1694,FBIL
2020-03-13,74.0694,FBIL
2020-03-16,74.2723,FBIL
2020-03-17,74.0309,FBIL
2020-03-18,74.1727,FBIL
2020-03-19,75.0583,FBIL
2020-03-20,75.0063,FBIL
2020-03-23,75.8814,FBIL
2020-03-24,76.1522,FBIL
2020-03-26,75.2392,FBIL
2020-03-27,74.8434,FBIL
2020-03-30,75.3451,FBIL
2020-03-31,75.3859,FBIL
2020-04-03,75.8276,FBIL
2020-04-07,75.8438,FBIL
2020-04-08,76.0867,FBIL
2020-04-09,76.4577,FBIL
2020-04-13,76.3617,FBIL
2020-04-15,76.2743,FBIL
2020-04-16,76.7408,FBIL
2020-04-17,76.5444,FBIL
2020-04-20,76.6335,FBIL
2020-04-21,76.6516,FBIL
2020-04-22,76.8084,FBIL
2020-04-23,76.0635,FBIL
2020-04-24,76.4173,FBIL
2020-04-27,76.1269,FBIL
2020-04-28,76.3710,FBIL
2020-04-29,75.6961,FBIL
2020-04-30,75.1150,FBIL
2020-05-04,75.7902,FBIL
2020-05-05,75.5715,FBIL
2020-05-06,75.6911,FBIL
2020-05-08,75.4411,FBIL
2020-05-11,75.6838,FBIL
2020-05-12,75.7944,FBIL
2020-05-13,75.3885,FBIL
2020-05-14,75.4440,FBIL
2020-05-15,75.5634,FBIL
2020-05-18,75.9345,FBIL
2020-05-19,75.6638,FBIL
2020-05-20,75.6712,FBIL
2020-05-21,75.7785,FBIL
2020-05-22,75.7868,FBIL
2020-05-26,75.6404,FBIL
2020-05-27,75.6476,FBIL
2020-05-28,75.7501,FBIL
2020-05-29,75.6369,FBIL
2020-06-01,75.4792,FBIL
2020-06-02,75.5871,FBIL
2020-06-03,75.3260,FBIL
2020-06-04,75.5290,FBIL
2020-06-05,75.4665,FBIL
2020-06-08,75.6307,FBIL
2020-06-09,75.4931,FBIL
2020-06-10,75.4688,FBIL
2020-06-11,75.7907,FBIL
2020-06-12,75.9730,FBIL
2020-06-15,76.1056,FBIL
2020-06-16,75.8410,FBIL
2020-06-17,76.2032,FBIL
2020-06-18,76.1509,FBIL
2020-06-19,76.2144,FBIL
2020-06-22,76.0620,FBIL
2020-06-23,75.7549,FBIL
2020-06-24,75.7087,FBIL
2020-06-25,75.6349,FBIL
2020-06-26,75.4757,FBIL
2020-06-29,75.5680,FBIL
2020-06-30,75.5270,FBIL
2020-07-01,75.5813,FBIL
2020-07-02,75.4876,FBIL
2020-07-03,74.7843,FBIL
2020-07-06,74.6822,FBIL
2020-07-07,74.8609,FBIL
2020-07-08,75.0270,FBIL
2020-07-09,75.0031,FBIL
2020-07-10,75.2865,FBIL
2020-07-13,75.1567,FBIL
2020-07-14,75.3935,FBIL
2020-07-15,75.3123,FBIL
2020-07-16,75.2420,FBIL
2020-07-17,75.1015,FBIL
2020-07-20,74.9666,FBIL
2020-07-21,74.7678,FBIL
2020-07-22,74.6848,FBIL
2020-07-23,74.7548,FBIL
2020-07-24,74.8672,FBIL
2020-07-27,74.7620,FBIL
2020-07-28,74.7458,FBIL
2020-07-29,74.7667,FBIL
2020-07-30,74.8412,FBIL
2020-07-31,74.7722,FBIL
2020-08-03,74.9789,FBIL
2020-08-04,75.0894,FBIL
2020-08-05,74.9086,FBIL
2020-08-06,74.8591,FBIL
2020-08-07,74.9556,FBIL
2020-08-10,74.8780,FBIL
2020-08-11,74.8436,FBIL
2020-08-12,74.8286,FBIL
2020-08-13,74.8369,FBIL
2020-08-14,74.7721,FBIL
2020-08-17,74.8464,FBIL
2020-08-18,74.8190,FBIL
2020-08-19,74.7608,FBIL
2020-08-20,75.0062,FBIL
2020-08-21,74.8755,FBIL
2020-08-24,74.8282,FBIL
2020-08-25,74.3952,FBIL
2020-08-26,74.3541,FBIL
2020-08-27,74.3263,FBIL
2020-08-28,73.3528,FBIL
2020-08-31,73.5951,FBIL
2020-09-01,72.8204,FBIL
2020-09-02,73.0126,FBIL
2020-09-03,73.3560,FBIL
2020-09-04,73.3380,FBIL
2020-09-07,73.2831,FBIL
2020-09-08,73.4272,FBIL
2020-09-09,73.6728,FBIL
2020-09-10,73.3541,FBIL
2020-09-11,73.4737,FBIL
2020-09-14,73.3830,FBIL
2020-09-15,73.4169,FBIL
2020-09-16,73.7451,FBIL
2020-09-17,73.7021,FBIL
2020-09-18,73.2970,FBIL
2020-09-21,73.3164,FBIL
2020-09-22,73.4951,FBIL
2020-09-23,73.6273,FBIL
2020-09-24,73.9246,FBIL
2020-09-25,73.7297,FBIL
2020-09-28,73.5733,FBIL
2020-09-29,73.8521,FBIL
2020-09-30,73.7978,FBIL
2020-10-01,73.3834,FBIL
2020-10-05,73.2640,FBIL
2020-10-06,73.3684,FBIL
2020-10-07,73.3603,FBIL
2020-10-08,73.2943,FBIL
2020-10-09,73.2103,FBIL
2020-10-12,73.1351,FBIL
2020-10-13,73.3790,FBIL
2020-10-14,73.4558,FBIL
2020-10-15,73.2677,FBIL
2020-10-16,73.3830,FBIL
2020-10-19,73.4189,FBIL
2020-10-20,73.3337,FBIL
2020-10-21,73.4546,FBIL
2020-10-22,73.6557,FBIL
2020-10-23,73.5780,FBIL
2020-10-26,73.7331,FBIL
2020-10-27,73.7487,FBIL
2020-10-28,73.7650,FBIL
2020-10-29,73.9732,FBIL
2020-11-02,74.3220,FBIL
2020-11-03,74.3260,FBIL
2020-11-04,74.6915,FBIL
2020-11-05,74.2677,FBIL
2020-11-06,74.0535,FBIL
2020-11-09,73.9258,FBIL
2020-11-10,74.2116,FBIL
2020-11-11,74.2529,FBIL
2020-11-12,74.4500,FBIL
2020-11-13,74.6713,FBIL
2020-11-17,74.5087,FBIL
2020-11-18,74.3629,FBIL
2020-11-19,74.2555,FBIL
2020-11-20,74.1598,FBIL
2020-11-23,74.1409,FBIL
2020-11-24,73.9752,FBIL
2020-11-25,73.9762,FBIL
2020-11-26,73.8262,FBIL
2020-11-27,73.7983,FBIL
2020-12-01,73.5083,FBIL
2020-12-02,73.6501,FBIL
2020-12-03,73.8938,FBIL
2020-12-04,73.7413,FBIL
2020-12-07,73.7657,FBIL
2020-12-08,73.7613,FBIL
2020-12-09,73.5882,FBIL
2020-12-10,73.6684,FBIL
2020-12-11,73.5914,FBIL
2020-12-14,73.5417,FBIL
2020-12-15,73.6532,FBIL
2020-12-16,73.5209,FBIL
2020-12-17,73.4336,FBIL
2020-12-18,73.5146,FBIL
2020-12-21,73.6498,FBIL
2020-12-22,73.8879,FBIL
2020-12-23,73.8132,FBIL
2020-12-24,73.5838,FBIL
2020-12-28,73.5886,FBIL
2020-12-29,73.3669,FBIL
2020-12-30,73.2839,FBIL
2020-12-31,73.0536,FBIL
2021-01-04,73.0115,FBIL
2021-01-05,73.1086,FBIL
2021-01-06,73.1390,FBIL
2021-01-07,73.1330,FBIL
2021-01-08,73.3344,FBIL
2021-01-11,73.4511,FBIL
2021-01-12,73.3725,FBIL
2021-01-13,73.1546,FBIL
2021-01-14,73.1226,FBIL
2021-01-15,73.0243,FBIL
2021-01-18,73.2200,FBIL
2021-01-19,73.1803,FBIL
2021-01-20,73.1251,FBIL
2021-01-21,72.9735,FBIL
2021-01-22,73.0380,FBIL
2021-01-25,72.9297,FBIL
2021-01-27,72.8176,FBIL
2021-01-28,73.0674,FBIL
2021-01-29,72.9519,FBIL
2021-02-16,72.7219,FBIL
2021-02-17,72.8359,FBIL
2021-02-18,72.7327,FBIL
2021-02-22,72.3664,FBIL
2021-02-23,72.3707,FBIL
2021-02-24,72.2923,FBIL
2021-02-25,72.4953,FBIL
2021-02-26,73.0408,FBIL
2021-03-01,73.2948,FBIL
2021-03-02,73.3507,FBIL
2021-03-03,73.0662,FBIL
2021-03-04,72.7126,FBIL
2021-03-05,72.7572,FBIL
2021-03-08,73.0023,FBIL
2021-03-09,73.1181,FBIL
2021-03-10,72.9737,FBIL
2021-03-12,72.6845,FBIL
2021-03-15,72.7097,FBIL
2021-03-16,72.4811,FBIL
2021-03-17,72.5716,FBIL
2021-03-18,72.5248,FBIL
2021-03-19,72.5155,FBIL
2021-03-22,72.3772,FBIL
2021-03-23,72.2928,FBIL
2021-03-24,72.6558,FBIL
2021-03-25,72.6102,FBIL
2021-03-26,72.4046,FBIL
2021-03-30,73.0407,FBIL
2021-03-31,73.5047,FBIL
2021-04-05,73.4330,FBIL
2021-04-06,73.3141,FBIL
2021-04-07,74.1172,FBIL
2021-04-08,74.3700,FBIL
2021-04-09,74.8899,FBIL
2021-04-12,74.8525,FBIL
2021-04-15,75.1699,FBIL
2021-04-16,74.5607,FBIL
2021-04-19,74.8847,FBIL
2021-04-20,74.7296,FBIL
2021-04-22,74.9404,FBIL
2021-04-23,74.9144,FBIL
2021-04-26,74.7672,FBIL
2021-04-27,74.5993,FBIL
2021-04-28,74.4042,FBIL
2021-04-29,74.0573,FBIL
2021-04-30,74.0232,FBIL
2021-05-03,74.1812,FBIL
2021-05-04,73.8546,FBIL
2021-05-05,73.9666,FBIL
2021-05-06,73.9406,FBIL
2021-05-07,73.7443,FBIL
2021-05-10,73.4135,FBIL
2021-05-11,73.4518,FBIL
2021-05-12,73.4389,FBIL
2021-05-14,73.3721,FBIL
2021-05-17,73.2423,FBIL
2021-05-18,73.0353,FBIL
2021-05-19,72.9670,FBIL
2021-05-20,73.1168,FBIL
2021-05-21,73.0233,FBIL
2021-05-24,72.8961,FBIL
2021-05-25,72.8045,FBIL
2021-05-27,72.6404,FBIL
2021-05-28,72.4767,FBIL
2021-05-31,72.5211,FBIL
2021-06-01,72.7714,FBIL
2021-06-02,73.2088,FBIL
2021-06-03,73.1197,FBIL
2021-06-04,73.0266,FBIL
2021-06-07,72.8087,FBIL
2021-06-08,72.8419,FBIL
2021-06-09,72.9769,FBIL
2021-06-10,72.9947,FBIL
2021-06-11,72.9844,FBIL
2021-06-14,73.1893,FBIL
2021-06-15,73.2765,FBIL
2021-06-16,73.3703,FBIL
2021-06-17,73.7310,FBIL
2021-06-18,74.1442,FBIL
2021-06-21,74.1522,FBIL
2021-06-22,74.1300,FBIL
2021-06-23,74.3737,FBIL
2021-06-24,74.2362,FBIL
2021-06-25,74.1790,FBIL
2021-06-28,74.2023,FBIL
2021-06-29,74.2183,FBIL
2021-06-30,74.3456,FBIL
2021-07-01,74.3943,FBIL
2021-07-02,74.7747,FBIL
2021-07-05,74.3930,FBIL
2021-07-06,74.3289,FBIL
2021-07-07,74.7438,FBIL
2021-07-08,74.6979,FBIL
2021-07-09,74.6446,FBIL
2021-07-12,74.4660,FBIL
2021-07-13,74.4884,FBIL
2021-07-14,74.5708,FBIL
2021-07-15,74.5187,FBIL
2021-07-16,74.6232,FBIL
2021-07-19,74.7902,FBIL
2021-07-20,74.8596,FBIL
2021-07-22,74.3679,FBIL
2021-07-23,74.4262,FBIL
2021-07-26,74.4578,FBIL
2021-07-27,74.4160,FBIL
2021-07-28,74.4350,FBIL
2021-07-29,74.2822,FBIL
2021-07-30,74.3871,FBIL
2021-08-02,74.4035,FBIL
2021-08-03,74.2957,FBIL
2021-08-04,74.1493,FBIL
2021-08-05,74.2644,FBIL
2021-08-06,74.1888,FBIL
2021-08-09,74.2261,FBIL
2021-08-10,74.3855,FBIL
2021-08-11,74.4276,FBIL
2021-08-12,74.2816,FBIL
2021-08-13,74.2971,FBIL
2021-08-17,74.2856,FBIL
2021-08-18,74.3002,FBIL
2021-08-20,74.4275,FBIL
2021-08-23,74.2765,FBIL
2021-08-24,74.1379,FBIL
2021-08-25,74.2992,FBIL
2021-08-26,74.2578,FBIL
2021-08-27,74.1332,FBIL
2021-08-30,73.5007,FBIL
2021-08-31,73.1536,FBIL
2021-09-01,72.9589,FBIL
2021-09-02,72.9771,FBIL
2021-09-03,73.0651,FBIL
2021-09-06,73.0589,FBIL
2021-09-07,73.2814,FBIL
2021-09-08,73.6519,FBIL
2021-09-09,73.6887,FBIL
2021-09-13,73.6350,FBIL
2021-09-14,73.6214,FBIL
2021-09-15,73.6712,FBIL
2021-09-16,73.4311,FBIL
2021-09-17,73.4927,FBIL
2021-09-20,73.6459,FBIL
2021-09-21,73.5907,FBIL
2021-09-22,73.8026,FBIL
2021-09-23,73.7261,FBIL
2021-09-24,73.6935,FBIL
2021-09-27,73.6567,FBIL
2021-09-28,73.7746,FBIL
2021-09-29,74.1530,FBIL
2021-09-30,74.2551,FBIL
2021-10-01,74.2644,FBIL
2021-10-04,74.2429,FBIL
2021-10-05,74.5307,FBIL
2021-10-06,74.6292,FBIL
2021-10-07,74.8607,FBIL
2021-10-08,74.9940,FBIL
2021-10-11,75.1283,FBIL
2021-10-12,75.3424,FBIL
2021-10-13,75.4576,FBIL
2021-10-14,75.3039,FBIL
2021-10-18,75.3434,FBIL
2021-10-20,75.0507,FBIL
2021-10-21,74.7635,FBIL
2021-10-22,74.7836,FBIL
2021-10-25,75.0191,FBIL
2021-10-26,75.1167,FBIL
2021-10-27,74.9519,FBIL
2021-10-28,74.8216,FBIL
2021-10-29,74.7858,FBIL
2021-11-01,74.9298,FBIL
2021-11-02,74.7616,FBIL
2021-11-03,74.5684,FBIL
2021-11-08,74.1106,FBIL
2021-11-09,73.9191,FBIL
2021-11-10,74.1659,FBIL
2021-11-11,74.4749,FBIL
2021-11-12,74.4694,FBIL
2021-11-15,74.3548,FBIL
2021-11-16,74.4535,FBIL
2021-11-17,74.3753,FBIL
2021-11-18,74.1552,FBIL
2021-11-22,74.3836,FBIL
2021-11-23,74.5042,FBIL
2021-11-24,74.4063,FBIL
2021-11-25,74.5068,FBIL
2021-11-26,74.7148,FBIL
2021-11-29,75.0910,FBIL
2021-11-30,75.0885,FBIL
2021-12-01,74.9163,FBIL
2021-12-02,74.9989,FBIL
2021-12-03,74.9852,FBIL
2021-12-06,75.2978,FBIL
2021-12-07,75.3532,FBIL
2021-12-08,75.4733,FBIL
2021-12-09,75.4992,FBIL
2021-12-10,75.7189,FBIL
2021-12-13,75.7060,FBIL
2021-12-14,75.8985,FBIL
2021-12-15,76.0433,FBIL
2021-12-16,76.2528,FBIL
2021-12-17,76.1733,FBIL
2021-12-20,75.9865,FBIL
2021-12-21,75.5925,FBIL
2021-12-22,75.5947,FBIL
2021-12-23,75.3481,FBIL
2021-12-24,75.1462,FBIL
2021-12-27,75.1082,FBIL
2021-12-28,74.8528,FBIL
2021-12-29,74.7375,FBIL
2021-12-30,74.5823,FBIL
2021-12-31,74.3025,FBIL
2022-01-03,74.3115,FBIL
2022-01-04,74.5717,FBIL
2022-01-05,74.4840,FBIL
2022-01-06,74.4398,FBIL
2022-01-07,74.2939,FBIL
2022-01-10,74.1630,FBIL
2022-01-11,73.9319,FBIL
2022-01-12,73.9968,FBIL
2022-01-13,73.9348,FBIL
2022-01-14,74.1157,FBIL
2022-01-17,74.3134,FBIL
2022-01-18,74.4115,FBIL
2022-01-19,74.5955,FBIL
2022-01-20,74.3618,FBIL
2022-01-21,74.5343,FBIL
2022-01-24,74.5788,FBIL
2022-01-25,74.7025,FBIL
2022-01-27,75.1724,FBIL
2022-01-28,74.9513,FBIL
2022-01-31,74.9674,FBIL
2022-02-01,74.5295,FBIL
2022-02-02,74.8334,FBIL
2022-02-03,74.8570,FBIL
2022-02-04,74.7231,FBIL
2022-02-08,74.6900,FBIL
2022-02-09,74.8180,FBIL
2022-02-10,74.9367,FBIL
2022-02-11,75.3542,FBIL
2022-02-14,75.5533,FBIL
2022-02-15,75.6611,FBIL
2022-02-16,75.0815,FBIL
2022-02-17,75.0866,FBIL
2022-02-18,74.9223,FBIL
2022-02-21,74.4797,FBIL
2022-02-22,74.8804,FBIL
2022-02-23,74.6224,FBIL
2022-02-24,75.2578,FBIL
2022-02-25,75.2842,FBIL
2022-02-28,75.4882,FBIL
2022-03-02,75.7200,FBIL
2022-03-03,75.7111,FBIL
2022-03-04,76.1246,FBIL
2022-03-07,76.9239,FBIL
2022-03-08,76.8816,FBIL
2022-03-09,76.8567,FBIL
2022-03-10,76.1160,FBIL
2022-03-11,76.4359,FBIL
2022-03-14,76.6086,FBIL
2022-03-15,76.4879,FBIL
2022-03-16,76.3482,FBIL
2022-03-17,75.8935,FBIL
2022-03-21,76.1347,FBIL
2022-03-22,76.3807,FBIL
2022-03-23,76.1872,FBIL
2022-03-24,76.3403,FBIL
2022-03-25,76.1781,FBIL
2022-03-28,76.2569,FBIL
2022-03-29,75.9731,FBIL
2022-03-30,75.7678,FBIL
2022-03-31,75.8071,FBIL
2022-04-04,75.5565,FBIL
2022-04-05,75.3899,FBIL
2022-04-06,75.6016,FBIL
2022-04-07,75.8029,FBIL
2022-04-08,75.7811,FBIL
2022-04-11,75.9627,FBIL
2022-04-12,76.1127,FBIL
2022-04-13,76.2248,FBIL
2022-04-18,76.3737,FBIL
2022-04-19,76.2797,FBIL
2022-04-20,76.4183,FBIL
2022-04-21,76.2091,FBIL
2022-04-22,76.3279,FBIL
2022-04-25,76.7366,FBIL
2022-04-26,76.5612,FBIL
2022-04-27,76.6414,FBIL
2022-04-28,76.6167,FBIL
2022-04-29,76.4242,FBIL
2022-05-02,76.4346,FBIL
2022-05-04,76.4841,FBIL
2022-05-05,76.0887,FBIL
2022-05-06,76.7470,FBIL
2022-05-09,77.3679,FBIL
2022-05-10,77.3537,FBIL
2022-05-11,77.2641,FBIL
2022-05-12,77.5868,FBIL
2022-05-13,77.3543,FBIL
2022-05-17,77.6510,FBIL
2022-05-18,77.5716,FBIL
2022-05-19,77.6999,FBIL
2022-05-20,77.5829,FBIL
2022-05-23,77.5890,FBIL
2022-05-24,77.6352,FBIL
2022-05-25,77.5137,FBIL
2022-05-26,77.6262,FBIL
2022-05-27,77.6592,FBIL
2022-05-30,77.5115,FBIL
2022-05-31,77.6641,FBIL
2022-06-01,77.5554,FBIL
2022-06-02,77.5883,FBIL
2022-06-03,77.5994,FBIL
2022-06-06,77.6718,FBIL
2022-06-07,77.7239,FBIL
2022-06-08,77.7251,FBIL
2022-06-09,77.7870,FBIL
2022-06-10,77.8400,FBIL
2022-06-13,78.1430,FBIL
2022-06-14,78.0015,FBIL
2022-06-15,78.0755,FBIL
2022-06-16,78.0864,FBIL
2022-06-17,78.0875,FBIL
2022-06-20,77.9960,FBIL
2022-06-21,78.0861,FBIL
2022-06-22,78.2115,FBIL
2022-06-23,78.2662,FBIL
2022-06-24,78.3308,FBIL
2022-06-27,78.2890,FBIL
2022-06-28,78.6966,FBIL
2022-06-29,78.9376,FBIL
2022-06-30,78.9421,FBIL
2022-07-01,79.0940,FBIL
2022-07-04,78.9866,FBIL
2022-07-05,79.0790,FBIL
2022-07-06,79.3320,FBIL
2022-07-07,79.0235,FBIL
2022-07-08,79.2499,FBIL
2022-07-11,79.4098,FBIL
2022-07-12,79.6401,FBIL
2022-07-13,79.6592,FBIL
2022-07-14,79.8710,FBIL
2022-07-15,79.8797,FBIL
2022-07-18,79.8958,FBIL
2022-07-19,79.9478,FBIL
2022-07-20,79.9738,FBIL
2022-07-21,79.9763,FBIL
2022-07-22,79.9101,FBIL
2022-07-25,79.8488,FBIL
2022-07-26,79.7948,FBIL
2022-07-27,79.8967,FBIL
2022-07-28,79.7434,FBIL
2022-07-29,79.4203,FBIL
2022-08-01,79.1690,FBIL
2022-08-02,78.6082,FBIL
2022-08-03,78.8427,FBIL
2022-08-04,79.5427,FBIL
2022-08-05,79.1158,FBIL
2022-08-08,79.5785,FBIL
2022-08-10,79.5033,FBIL
2022-08-11,79.4881,FBIL
2022-08-12,79.7011,FBIL
2022-08-17,79.4335,FBIL
2022-08-18,79.6667,FBIL
2022-08-19,79.7528,FBIL
2022-08-22,79.8703,FBIL
2022-08-23,79.8903,FBIL
2022-08-24,79.7927,FBIL
2022-08-25,79.8705,FBIL
2022-08-26,79.9097,FBIL
2022-08-29,80.0906,FBIL
2022-08-30,79.7194,FBIL
2022-09-01,79.3970,FBIL
2022-09-02,79.7888,FBIL
2022-09-05,79.8936,FBIL
2022-09-06,79.8893,FBIL
2022-09-07,79.9220,FBIL
2022-09-08,79.6712,FBIL
2022-09-09,79.6358,FBIL
2022-09-12,79.6776,FBIL
2022-09-13,79.0640,FBIL
2022-09-14,79.5837,FBIL
2022-09-15,79.5830,FBIL
2022-09-16,79.8180,FBIL
2022-09-19,79.6657,FBIL
2022-09-20,79.6778,FBIL
2022-09-21,79.9226,FBIL
2022-09-22,80.7246,FBIL
2022-09-23,80.9165,FBIL
2022-09-26,81.5750,FBIL
2022-09-27,81.3720,FBIL
2022-09-28,81.9005,FBIL
2022-09-29,81.8633,FBIL
2022-09-30,81.5522,FBIL
2022-10-03,81.7417,FBIL
2022-10-04,81.4267,FBIL
2022-10-06,81.7044,FBIL
2022-10-07,82.4000,FBIL
2022-10-10,82.4028,FBIL
2022-10-11,82.3901,FBIL
2022-10-12,82.2411,FBIL
2022-10-13,82.4013,FBIL
2022-10-14,82.3877,FBIL
2022-10-17,82.4047,FBIL
2022-10-18,82.2279,FBIL
2022-10-19,82.3735,FBIL
2022-10-20,83.2042,FBIL
2022-10-21,82.8619,FBIL
2022-10-25,82.7626,FBIL
2022-10-27,82.3889,FBIL
2022-10-28,82.4092,FBIL
2022-10-31,82.3934,FBIL
2022-11-01,82.7126,FBIL
2022-11-02,82.7650,FBIL
2022-11-03,82.8835,FBIL
2022-11-04,82.5287,FBIL
2022-11-07,82.2112,FBIL
2022-11-09,81.4800,FBIL
2022-11-10,81.7421,FBIL
2022-11-11,80.6483,FBIL
2022-11-14,81.2332,FBIL
2022-11-15,81.4280,FBIL
2022-11-16,81.3354,FBIL
2022-11-17,81.6335,FBIL
2022-11-18,81.6975,FBIL
2022-11-21,81.7732,FBIL
2022-11-22,81.7742,FBIL
2022-11-23,81.8165,FBIL
2022-11-24,81.7655,FBIL
2022-11-25,81.5289,FBIL
2022-11-28,81.7545,FBIL
2022-11-29,81.7121,FBIL
2022-11-30,81.5970,FBIL
2022-12-01,81.1512,FBIL
2022-12-02,81.1771,FBIL
2022-12-05,81.5855,FBIL
2022-12-06,82.2800,FBIL
2022-12-07,82.5391,FBIL
2022-12-08,82.2844,FBIL
2022-12-09,82.2092,FBIL
2022-12-12,82.6425,FBIL
2022-12-13,82.7154,FBIL
2022-12-14,82.5170,FBIL
2022-12-15,82.4822,FBIL
2022-12-16,82.8184,FBIL
2022-12-19,82.6405,FBIL
2022-12-20,82.7902,FBIL
2022-12-21,82.7736,FBIL
2022-12-22,82.6679,FBIL
2022-12-23,82.8685,FBIL
2022-12-26,82.7373,FBIL
2022-12-27,82.7936,FBIL
2022-12-28,82.9183,FBIL
2022-12-29,82.8346,FBIL
2022-12-30,82.7862,FBIL
2023-01-02,82.6287,FBIL
2023-01-03,82.7817,FBIL
2023-01-04,82.9052,FBIL
2023-01-05,82.6973,FBIL
2023-01-06,82.6348,FBIL
2023-01-09,82.3662,FBIL
2023-01-10,82.2108,FBIL
2023-01-11,81.7029,FBIL
2023-01-12,81.7187,FBIL
2023-01-13,81.4328,FBIL
2023-01-16,81.3719,FBIL
2023-01-17,81.7727,FBIL
2023-01-18,81.6480,FBIL
2023-01-19,81.3577,FBIL
2023-01-20,81.2196,FBIL
2023-01-23,81.2757,FBIL
2023-01-24,81.6020,FBIL
2023-01-25,81.6263,FBIL
2023-01-27,81.5445,FBIL
2023-01-30,81.6552,FBIL
2023-01-31,81.7387,FBIL
2023-02-01,81.8494,FBIL
2023-02-02,81.9536,FBIL
2023-02-03,82.2296,FBIL
2023-02-06,82.4540,FBIL
2023-02-07,82.6959,FBIL
2023-02-08,82.6746,FBIL
2023-02-09,82.6103,FBIL
2023-02-10,82.5787,FBIL
2023-02-13,82.7046,FBIL
2023-02-14,82.7163,FBIL
2023-02-15,82.8621,FBIL
2023-02-16,82.6414,FBIL
2023-02-17,82.8085,FBIL
2023-02-20,82.6902,FBIL
2023-02-21,82.7562,FBIL
2023-02-22,82.8434,FBIL
2023-02-23,82.7628,FBIL
2023-02-24,82.7432,FBIL
2023-02-27,82.9145,FBIL
2023-02-28,82.6816,FBIL
2023-03-01,82.5467,FBIL
2023-03-02,82.5555,FBIL
2023-03-03,82.2643,FBIL
2023-03-06,81.7448,FBIL
2023-03-08,82.0890,FBIL
2023-03-09,81.9159,FBIL
2023-03-10,82.0147,FBIL
2023-03-13,81.9132,FBIL
2023-03-14,82.3619,FBIL
2023-03-15,82.4955,FBIL
2023-03-16,82.6841,FBIL
2023-03-17,82.4663,FBIL
2023-03-20,82.5030,FBIL
2023-03-21,82.6799,FBIL
2023-03-23,82.1590,FBIL
2023-03-24,82.2378,FBIL
2023-03-27,82.3558,FBIL
2023-03-28,82.2068,FBIL
2023-03-29,82.3603,FBIL
2023-03-31,82.2169,FBIL
2023-04-03,82.3867,FBIL
2023-04-05,82.1892,FBIL
2023-04-06,81.9753,FBIL
2023-04-10,81.9105,FBIL
2023-04-11,82.0881,FBIL
2023-04-12,82.0712,FBIL
2023-04-13,81.9755,FBIL
2023-04-17,81.9456,FBIL
2023-04-18,82.0734,FBIL
2023-04-19,82.1202,FBIL
2023-04-20,82.1635,FBIL
2023-04-21,82.1542,FBIL
2023-04-24,82.0495,FBIL
2023-04-25,81.8994,FBIL
2023-04-26,81.9155,FBIL
2023-04-27,81.6526,FBIL
2023-04-28,81.7829,FBIL
2023-05-02,81.7625,FBIL
2023-05-03,81.8552,FBIL
2023-05-04,81.7353,FBIL
2023-05-08,81.7606,FBIL
2023-05-09,82.0231,FBIL
2023-05-10,82.0240,FBIL
2023-05-11,82.0431,FBIL
2023-05-12,82.1606,FBIL
2023-05-15,82.2841,FBIL
2023-05-16,82.2735,FBIL
2023-05-17,82.3695,FBIL
2023-05-18,82.4783,FBIL
2023-05-19,82.6989,FBIL
2023-05-22,82.7982,FBIL
2023-05-23,82.7961,FBIL
2023-05-24,82.7207,FBIL
2023-05-25,82.7477,FBIL
2023-05-26,82.7182,FBIL
2023-05-29,82.5497,FBIL
2023-05-30,82.7332,FBIL
2023-05-31,82.6773,FBIL
2023-06-01,82.4562,FBIL
2023-06-02,82.3175,FBIL
2023-06-05,82.5768,FBIL
2023-06-06,82.6396,FBIL
2023-06-07,82.5339,FBIL
2023-06-08,82.5795,FBIL
2023-06-09,82.4251,FBIL
2023-06-12,82.4553,FBIL
2023-06-13,82.3907,FBIL
2023-06-14,82.3141,FBIL
2023-06-15,82.1982,FBIL
2023-06-16,81.8834,FBIL
2023-06-19,81.9658,FBIL
2023-06-20,82.1157,FBIL
2023-06-21,82.0951,FBIL
2023-06-22,81.9188,FBIL
2023-06-23,82.0510,FBIL
2023-06-26,81.9729,FBIL
2023-06-27,81.9620,FBIL
2023-06-28,82.0124,FBIL
2023-06-30,82.0428,FBIL
2023-07-03,81.8630,FBIL
2023-07-04,81.9689,FBIL
2023-07-05,82.1616,FBIL
2023-07-06,82.4572,FBIL
2023-07-07,82.6773,FBIL
2023-07-10,82.6335,FBIL
2023-07-11,82.3533,FBIL
2023-07-12,82.2817,FBIL
2023-07-13,82.1201,FBIL
2023-07-14,82.1021,FBIL
2023-07-17,82.1460,FBIL
2023-07-18,82.0486,FBIL
2023-07-19,82.1029,FBIL
2023-07-20,82.0446,FBIL
2023-07-21,82.0217,FBIL
2023-07-24,81.9246,FBIL
2023-07-25,81.8088,FBIL
2023-07-26,81.9880,FBIL
2023-07-27,81.9923,FBIL
2023-07-28,82.2465,FBIL
2023-07-31,82.2481,FBIL
2023-08-01,82.2833,FBIL
2023-08-02,82.5347,FBIL
2023-08-03,82.7171,FBIL
2023-08-04,82.7978,FBIL
2023-08-07,82.7431,FBIL
2023-08-08,82.7968,FBIL
2023-08-09,82.8166,FBIL
2023-08-10,82.8372,FBIL
2023-08-11,82.7796,FBIL
2023-08-14,82.9521,FBIL
2023-08-17,83.1263,FBIL
2023-08-18,83.0905,FBIL
2023-08-21,83.1146,FBIL
2023-08-22,83.0670,FBIL
2023-08-23,82.9218,FBIL
2023-08-24,82.5517,FBIL
2023-08-25,82.6523,FBIL
2023-08-28,82.6126,FBIL
2023-08-29,82.6498,FBIL
2023-08-30,82.7698,FBIL
2023-08-31,82.6784,FBIL
2023-09-01,82.6648,FBIL
2023-09-04,82.7373,FBIL
2023-09-05,82.9440,FBIL
2023-09-06,83.0902,FBIL
2023-09-07,83.1829,FBIL
2023-09-08,83.1589,FBIL
2023-09-11,82.8809,FBIL
2023-09-12,82.9760,FBIL
2023-09-13,82.9527,FBIL
2023-09-14,82.9760,FBIL
2023-09-15,83.0557,FBIL
2023-09-18,83.2102,FBIL
2023-09-20,83.2553,FBIL
2023-09-21,83.1511,FBIL
2023-09-22,82.9477,FBIL
2023-09-25,83.0968,FBIL
2023-09-26,83.2328,FBIL
2023-09-27,83.2188,FBIL
2023-09-28,83.1591,FBIL
2023-09-29,83.0580,FBIL
2023-10-03,83.1812,FBIL
2023-10-04,83.2588,FBIL
2023-10-05,83.2413,FBIL
2023-10-06,83.2388,FBIL
2023-10-09,83.2542,FBIL
2023-10-10,83.2556,FBIL
2023-10-11,83.2368,FBIL
2023-10-12,83.1834,FBIL
2023-10-13,83.2574,FBIL
2023-10-16,83.2632,FBIL
2023-10-17,83.2555,FBIL
2023-10-18,83.2571,FBIL
2023-10-19,83.2746,FBIL
2023-10-20,83.1982,FBIL
2023-10-23,83.1663,FBIL
2023-10-25,83.1518,FBIL
2023-10-26,83.2439,FBIL
2023-10-27,83.2518,FBIL
2023-10-30,83.2676,FBIL
2023-10-31,83.2692,FBIL
2023-11-01,83.2843,FBIL
2023-11-02,83.2630,FBIL
2023-11-03,83.2669,FBIL
2023-11-06,83.2213,FBIL
2023-11-07,83.2650,FBIL
2023-11-08,83.2691,FBIL
2023-11-09,83.2808,FBIL
2023-11-10,83.3530,FBIL
2023-11-13,83.3248,FBIL
2023-11-15,83.1272,FBIL
2023-11-16,83.2388,FBIL
2023-11-17,83.2646,FBIL
2023-11-20,83.3309,FBIL
2023-11-21,83.3466,FBIL
2023-11-22,83.3375,FBIL
2023-11-23,83.3571,FBIL
2023-11-24,83.3675,FBIL
2023-11-28,83.3926,FBIL
2023-11-29,83.3191,FBIL
2023-11-30,83.3500,FBIL
2023-12-01,83.3602,FBIL
2023-12-04,83.3357,FBIL
2023-12-05,83.3931,FBIL
2023-12-06,83.3544,FBIL
2023-12-07,83.3650,FBIL
2023-12-08,83.3681,FBIL
2023-12-11,83.3872,FBIL
2023-12-12,83.3800,FBIL
2023-12-13,83.3950,FBIL
2023-12-14,83.3500,FBIL
2023-12-15,83.1802,FBIL
2023-12-18,83.0173,FBIL
2023-12-19,83.1790,FBIL
2023-12-20,83.1523,FBIL
2023-12-21,83.2729,FBIL
2023-12-22,83.2493,FBIL
2023-12-26,83.1703,FBIL
2023-12-27,83.3226,FBIL
2023-12-28,83.2254,FBIL
2023-12-29,83.1164,FBIL
2024-01-01,83.1975,FBIL
2024-01-02,83.3282,FBIL
2024-01-03,83.3242,FBIL
2024-01-04,83.3002,FBIL
2024-01-05,83.1760,FBIL
2024-01-08,83.0687,FBIL
2024-01-09,83.1289,FBIL
2024-01-10,83.1548,FBIL
2024-01-11,82.9415,FBIL
2024-01-12,82.9881,FBIL
2024-01-15,82.8530,FBIL
2024-01-16,82.9774,FBIL
2024-01-17,83.1310,FBIL
2024-01-18,83.1243,FBIL
2024-01-19,83.1338,FBIL
2024-01-23,83.1029,FBIL
2024-01-24,83.1457,FBIL
2024-01-25,83.1155,FBIL
2024-01-29,83.1494,FBIL
2024-01-30,83.1190,FBIL
2024-01-31,83.0805,FBIL
2024-02-01,82.9553,FBIL
2024-02-02,82.8406,FBIL
2024-02-05,83.0284,FBIL
2024-02-06,83.0629,FBIL
2024-02-07,82.9765,FBIL
2024-02-08,82.9762,FBIL
2024-02-09,82.9995,FBIL
2024-02-12,82.9954,FBIL
2024-02-13,83.0190,FBIL
2024-02-14,83.0864,FBIL
2024-02-15,83.0119,FBIL
2024-02-16,83.0375,FBIL
2024-02-20,82.9704,FBIL
2024-02-21,82.8851,FBIL
2024-02-22,82.9240,FBIL
2024-02-23,82.8865,FBIL
2024-02-26,82.8856,FBIL
2024-02-27,82.8915,FBIL
2024-02-28,82.9155,FBIL
2024-02-29,82.9246,FBIL
2024-03-01,82.8702,FBIL
2024-03-04,82.8954,FBIL
2024-03-05,82.9271,FBIL
2024-03-06,82.9078,FBIL
2024-03-07,82.7785,FBIL
2024-03-11,82.6770,FBIL
2024-03-12,82.7450,FBIL
2024-03-13,82.9027,FBIL
2024-03-14,82.8709,FBIL
2024-03-15,82.8919,FBIL
2024-03-18,82.9078,FBIL
2024-03-19,82.9401,FBIL
2024-03-20,83.1022,FBIL
2024-03-21,83.1308,FBIL
2024-03-22,83.3546,FBIL
2024-03-26,83.3559,FBIL
2024-03-27,83.3255,FBIL
2024-03-28,83.3739,FBIL
2024-04-02,83.3585,FBIL
2024-04-03,83.4204,FBIL
2024-04-04,83.4475,FBIL
2024-04-05,83.4073,FBIL
2024-04-08,83.3176,FBIL
2024-04-10,83.2253,FBIL
2024-04-12,83.3931,FBIL
2024-04-15,83.4422,FBIL
2024-04-16,83.4982,FBIL
2024-04-18,83.5170,FBIL
2024-04-19,83.5214,FBIL
2024-04-22,83.4113,FBIL
2024-04-23,83.3765,FBIL
2024-04-24,83.2987,FBIL
2024-04-25,83.3758,FBIL
2024-04-26,83.3395,FBIL
2024-04-29,83.4392,FBIL
2024-04-30,83.5187,FBIL
2024-05-02,83.4526,FBIL
2024-05-03,83.3795,FBIL
2024-05-06,83.4725,FBIL
2024-05-07,83.5015,FBIL
2024-05-08,83.5147,FBIL
2024-05-09,83.4976,FBIL
2024-05-10,83.4946,FBIL
2024-05-13,83.5234,FBIL
2024-05-14,83.5201,FBIL
2024-05-15,83.5092,FBIL
2024-05-16,83.5011,FBIL
2024-05-17,83.4815,FBIL
2024-05-21,83.3614,FBIL
2024-05-22,83.2301,FBIL
2024-05-24,83.1219,FBIL
2024-05-27,83.0838,FBIL
2024-05-28,83.1644,FBIL
2024-05-29,83.3270,FBIL
2024-05-30,83.4231,FBIL
2024-05-31,83.2988,FBIL
2024-06-03,83.0659,FBIL
2024-06-04,83.5021,FBIL
2024-06-05,83.3898,FBIL
2024-06-06,83.4649,FBIL
2024-06-07,83.4257,FBIL
2024-06-10,83.4919,FBIL
2024-06-11,83.5054,FBIL
2024-06-12,83.5645,FBIL
2024-06-13,83.5469,FBIL
2024-06-14,83.5458,FBIL
2024-06-18,83.4817,FBIL
2024-06-19,83.4251,FBIL
2024-06-20,83.5265,FBIL
2024-06-21,83.5860,FBIL
2024-06-24,83.5138,FBIL
2024-06-25,83.4275,FBIL
2024-06-26,83.5409,FBIL
2024-06-27,83.4896,FBIL
2024-06-28,83.4534,FBIL
2024-07-01,83.4043,FBIL
2024-07-02,83.5150,FBIL
2024-07-03,83.5337,FBIL
2024-07-04,83.5016,FBIL
2024-07-05,83.5000,FBIL
2024-07-08,83.4755,FBIL
2024-07-09,83.4843,FBIL
2024-07-10,83.4923,FBIL
2024-07-11,83.5342,FBIL
2024-07-12,83.5385,FBIL
2024-07-15,83.5658,FBIL
2024-07-16,83.5781,FBIL
2024-07-18,83.6393,FBIL
2024-07-19,83.6405,FBIL
2024-07-22,83.6654,FBIL
2024-07-23,83.6625,FBIL
2024-07-24,83.7028,FBIL
2024-07-25,83.7075,FBIL
2024-07-26,83.7272,FBIL
2024-07-29,83.7371,FBIL
2024-07-30,83.7328,FBIL
2024-07-31,83.7440,FBIL
2024-08-01,83.7251,FBIL
2024-08-02,83.7375,FBIL
2024-08-05,83.8390,FBIL
2024-08-06,83.9078,FBIL
2024-08-07,83.9519,FBIL
2024-08-08,83.9584,FBIL
2024-08-09,83.9000,FBIL
2024-08-12,83.9691,FBIL
2024-08-13,83.9696,FBIL
2024-08-14,83.9366,FBIL
2024-08-16,83.9561,FBIL
2024-08-19,83.9201,FBIL
2024-08-20,83.7804,FBIL
2024-08-21,83.9183,FBIL
2024-08-22,83.9569,FBIL
2024-08-23,83.8746,FBIL
2024-08-26,83.8504,FBIL
2024-08-27,83.9424,FBIL
2024-08-28,83.9671,FBIL
2024-08-29,83.8899,FBIL
2024-08-30,83.8709,FBIL
2024-09-02,83.8759,FBIL
2024-09-03,83.9525,FBIL
2024-09-04,83.9682,FBIL
2024-09-05,83.9825,FBIL
2024-09-06,83.9308,FBIL
2024-09-09,83.9425,FBIL
2024-09-10,83.9750,FBIL
2024-09-11,83.9508,FBIL
2024-09-12,83.9843,FBIL
2024-09-13,83.9180,FBIL
2024-09-16,83.8939,FBIL
2024-09-17,83.8302,FBIL
2024-09-19,83.6172,FBIL
2024-09-20,83.4922,FBIL
2024-09-23,83.5128,FBIL
2024-09-24,83.6319,FBIL
2024-09-25,83.5471,FBIL
2024-09-26,83.7009,FBIL
2024-09-27,83.6688,FBIL
2024-09-30,83.7888,FBIL
2024-10-01,83.8149,FBIL
2024-10-03,83.9492,FBIL
2024-10-04,83.9660,FBIL
2024-10-07,83.9719,FBIL
2024-10-08,83.9399,FBIL
2024-10-09,83.9620,FBIL
2024-10-10,83.9685,FBIL
2024-10-11,84.0586,FBIL
2024-10-14,84.0725,FBIL
2024-10-15,84.0736,FBIL
2024-10-16,84.0696,FBIL
2024-10-17,84.0304,FBIL
2024-10-18,84.0710,FBIL
2024-10-21,84.0744,FBIL
2024-10-22,84.0718,FBIL
2024-10-23,84.0750,FBIL
2024-10-24,84.0738,FBIL
2024-10-25,84.0771,FBIL
2024-10-28,84.0775,FBIL
2024-10-29,84.0783,FBIL
2024-10-30,84.0847,FBIL
2024-10-31,84.0886,FBIL
2024-11-04,84.1055,FBIL
2024-11-05,84.1225,FBIL
2024-11-06,84.2366,FBIL
2024-11-07,84.3562,FBIL
2024-11-08,84.3751,FBIL
2024-11-11,84.3848,FBIL
2024-11-12,84.4011,FBIL
2024-11-13,84.4063,FBIL
2024-11-14,84.4050,FBIL
2024-11-18,84.3875,FBIL
2024-11-19,84.4036,FBIL
2024-11-21,84.4561,FBIL
2024-11-22,84.4975,FBIL
2024-11-25,84.2776,FBIL
2024-11-26,84.2835,FBIL
2024-11-27,84.4708,FBIL
2024-11-28,84.4917,FBIL
2024-11-29,84.4971,FBIL
2024-12-02,84.6812,FBIL
2024-12-03,84.7450,FBIL
2024-12-04,84.6885,FBIL
2024-12-05,84.7335,FBIL
2024-12-06,84.6578,FBIL
2024-12-09,84.7305,FBIL
2024-12-10,84.8531,FBIL
2024-12-11,84.8427,FBIL
2024-12-12,84.8732,FBIL
2024-12-13,84.8411,FBIL
2024-12-16,84.8259,FBIL
2024-12-17,84.9264,FBIL
2024-12-18,84.9370,FBIL
2024-12-19,85.0739,FBIL
2024-12-20,85.0880,FBIL
2024-12-23,85.0713,FBIL
2024-12-24,85.1932,FBIL
2024-12-26,85.2684,FBIL
2024-12-27,85.5914,FBIL
2024-12-30,85.4655,FBIL
2024-12-31,85.6232,FBIL
2025-01-01,85.7090,FBIL
2025-01-02,85.7853,FBIL
2025-01-03,85.7598,FBIL
2025-01-06,85.8279,FBIL
2025-01-07,85.7191,FBIL
2025-01-08,85.8443,FBIL
2025-01-09,85.8806,FBIL
2025-01-10,85.8956,FBIL
2025-01-13,86.4368,FBIL
2025-01-14,86.5497,FBIL
2025-01-15,86.5008,FBIL
2025-01-16,86.4854,FBIL
2025-01-17,86.5844,FBIL
2025-01-20,86.5481,FBIL
2025-01-21,86.5139,FBIL
2025-01-22,86.5661,FBIL
2025-01-23,86.4593,FBIL
2025-01-24,86.2904,FBIL
2025-01-27,86.4175,FBIL
2025-01-28,86.5358,FBIL
2025-01-29,86.5768,FBIL
2025-01-30,86.5842,FBIL
2025-01-31,86.6414,FBIL
2025-02-03,87.1162,FBIL
2025-02-04,87.1206,FBIL
2025-02-05,87.2237,FBIL
2025-02-06,87.5617,FBIL
2025-02-07,87.4782,FBIL
2025-02-10,87.5858,FBIL
2025-02-11,86.8861,FBIL
2025-02-12,86.8461,FBIL
2025-02-13,86.8822,FBIL
2025-02-14,86.8862,FBIL
2025-02-17,86.7721,FBIL
2025-02-18,86.9742,FBIL
2025-02-20,86.6995,FBIL
2025-02-21,86.6466,FBIL
2025-02-24,86.6916,FBIL
2025-02-25,87.0022,FBIL
2025-02-27,87.2119,FBIL
2025-02-28,87.4006,FBIL
2025-03-03,87.3314,FBIL
2025-03-04,87.3786,FBIL
2025-03-05,87.0896,FBIL
2025-03-06,87.0859,FBIL
2025-03-07,87.0612,FBIL
2025-03-10,87.2392,FBIL
2025-03-11,87.3267,FBIL
2025-03-12,87.2605,FBIL
2025-03-13,87.0833,FBIL
2025-03-17,86.7920,FBIL
2025-03-18,86.6705,FBIL
2025-03-19,86.5016,FBIL
2025-03-20,86.3040,FBIL
2025-03-21,86.2184,FBIL
2025-03-24,85.8318,FBIL
2025-03-25,85.7302,FBIL
2025-03-26,85.8683,FBIL
2025-03-27,85.7610,FBIL
2025-03-28,85.5814,FBIL
2025-04-02,85.6024,FBIL
2025-04-03,85.6468,FBIL
2025-04-04,85.2281,FBIL
2025-04-07,85.8087,FBIL
2025-04-08,85.9085,FBIL
2025-04-09,86.6171,FBIL
2025-04-11,86.1441,FBIL
2025-04-15,85.6905,FBIL
2025-04-16,85.6464,FBIL
2025-04-17,85.5703,FBIL
2025-04-21,85.1622,FBIL
2025-04-22,85.1003,FBIL
2025-04-23,85.4372,FBIL
2025-04-24,85.5085,FBIL
2025-04-25,85.5788,FBIL
2025-04-28,85.1980,FBIL
2025-04-29,85.2005,FBIL
2025-04-30,85.0535,FBIL
2025-05-02,83.8568,FBIL
2025-05-05,84.2369,FBIL
2025-05-06,84.5436,FBIL
2025-05-07,84.5715,FBIL
2025-05-08,84.8642,FBIL
2025-05-09,85.6438,FBIL
2025-05-13,84.8888,FBIL
2025-05-14,85.2982,FBIL
2025-05-15,85.5871,FBIL
2025-05-16,85.5665,FBIL
2025-05-19,85.4910,FBIL
2025-05-20,85.4582,FBIL
2025-05-21,85.5546,FBIL
2025-05-22,85.6653,FBIL
2025-05-23,85.6821,FBIL
2025-05-26,84.9004,FBIL
2025-05-27,85.3220,FBIL
2025-05-28,85.6873,FBIL
2025-05-29,85.4976,FBIL
2025-05-30,85.4778,FBIL
2025-06-02,85.4353,FBIL
2025-06-03,85.4576,FBIL
2025-06-04,85.9579,FBIL
2025-06-05,85.7730,FBIL
2025-06-06,85.7883,FBIL
2025-06-09,85.4984,FBIL
2025-06-10,85.5949,FBIL
2025-06-11,85.4542,FBIL
2025-06-12,85.5353,FBIL
2025-06-13,86.0979,FBIL
2025-06-16,86.0242,FBIL
2025-06-17,86.0978,FBIL
2025-06-18,86.3030,FBIL
2025-06-19,86.6994,FBIL
2025-06-20,86.6133,FBIL
2025-06-23,86.8080,FBIL
2025-06-24,86.1043,FBIL
2025-06-25,85.8732,FBIL
2025-06-26,85.7528,FBIL
2025-06-27,85.5594,FBIL
2025-06-30,85.5439,FBIL
2025-07-01,85.6179,FBIL
2025-07-02,85.6928,FBIL
2025-07-03,85.5121,FBIL
2025-07-04,85.3886,FBIL
2025-07-07,85.8150,FBIL
2025-07-08,85.7188,FBIL
2025-07-09,85.7979,FBIL
2025-07-10,85.5780,FBIL
2025-07-11,85.8536,FBIL
2025-07-14,85.9910,FBIL
2025-07-15,85.8262,FBIL
2025-07-16,85.8051,FBIL
2025-07-17,85.9149,FBIL
2025-07-18,86.2007,FBIL
2025-07-21,86.2248,FBIL
2025-07-22,86.2581,FBIL
2025-07-23,86.3676,FBIL
2025-07-24,86.3301,FBIL
2025-07-25,86.5247,FBIL
2025-07-28,86.5510,FBIL
2025-07-29,86.8417,FBIL
2025-07-30,87.2713,FBIL
2025-07-31,87.5544,FBIL
2025-08-01,87.3519,FBIL
2025-08-04,87.5018,FBIL
2025-08-05,87.7917,FBIL
2025-08-06,87.7000,FBIL
2025-08-07,87.6945,FBIL
2025-08-08,87.6196,FBIL
2025-08-11,87.5776,FBIL
2025-08-12,87.6726,FBIL
2025-08-13,87.6956,FBIL
2025-08-14,87.4852,FBIL
2025-08-18,87.4137,FBIL
2025-08-19,87.1756,FBIL
2025-08-20,87.0919,FBIL
2025-08-21,86.9741,FBIL
2025-08-22,87.4375,FBIL
2025-08-25,87.4174,FBIL
2025-08-26,87.7414,FBIL
2025-08-28,87.6559,FBIL
2025-08-29,87.8514,FBIL
2025-09-01,88.2576,FBIL
2025-09-02,88.0265,FBIL
2025-09-03,88.1070,FBIL
2025-09-04,88.1641,FBIL
2025-09-05,88.3242,FBIL
2025-09-09,88.1409,FBIL
2025-09-10,88.1252,FBIL
2025-09-11,88.2649,FBIL
2025-09-12,88.2806,FBIL
2025-09-15,88.2690,FBIL
2025-09-16,88.0461,FBIL
2025-09-17,87.7520,FBIL
2025-09-18,88.1209,FBIL
2025-09-19,88.3055,FBIL
2025-09-22,88.1447,FBIL
2025-09-23,88.7435,FBIL
2025-09-24,88.7606,FBIL
2025-09-25,88.6696,FBIL
2025-09-26,88.7234,FBIL
2025-09-29,88.7558,FBIL
2025-09-30,88.7923,FBIL
2025-10-01,88.6778,FBIL
2025-10-03,88.7775,FBIL
2025-10-06,88.7859,FBIL
2025-10-07,88.7319,FBIL
2025-10-08,88.7903,FBIL
2025-10-09,88.7875,FBIL
2025-10-10,88.6920,FBIL
2025-10-13,88.7797,FBIL
2025-10-14,88.7907,FBIL
2025-10-15,88.2898,FBIL
2025-10-16,87.9039,FBIL
2025-10-17,87.9097,FBIL
2025-10-20,87.7861,FBIL
2025-10-23,87.9474,FBIL
2025-10-24,87.7058,FBIL
2025-10-27,88.0637,FBIL
2025-10-28,88.2960,FBIL
2025-10-29,88.2834,FBIL
2025-10-30,88.6048,FBIL
2025-10-31,88.7241,FBIL
2025-11-03,88.7932,FBIL
2025-11-04,88.6372,FBIL
2025-11-06,88.6026,FBIL
2025-11-07,88.7050,FBIL
2025-11-10,88.6761,FBIL
2025-11-11,88.6983,FBIL
2025-11-12,88.6362,FBIL
2025-11-13,88.7160,FBIL
2025-11-14,88.7420,FBIL
2025-11-17,88.6300,FBIL
2025-11-18,88.6344,FBIL
2025-11-19,88.4558,FBIL
2025-11-20,88.6915,FBIL
2025-11-21,88.6402,FBIL
2025-11-24,89.1919,FBIL
2025-11-25,89.2213,FBIL
2025-11-26,89.2649,FBIL
2025-11-27,89.2942,FBIL
2025-11-28,89.4557,FBIL
2025-12-01,89.7436,FBIL
2025-12-02,89.8887,FBIL
2025-12-03,90.2697,FBIL
2025-12-04,90.1865,FBIL
2025-12-05,89.9238,FBIL
2025-12-08,90.1745,FBIL
2025-12-09,89.9644,FBIL
2025-12-10,89.8822,FBIL
2025-12-11,90.3702,FBIL
2025-12-12,90.3883,FBIL
2025-12-15,90.7228,FBIL
2025-12-16,91.0202,FBIL
2025-12-17,90.3291,FBIL
2025-12-18,90.1303,FBIL
2025-12-19,90.1975,FBIL
2025-12-22,89.5467,FBIL
2025-12-23,89.8314,FBIL
2025-12-24,89.7703,FBIL
2025-12-26,89.8296,FBIL
2025-12-29,89.9756,FBIL
2025-12-30,89.9429,FBIL
2025-12-31,89.9198,FBIL
2026-01-01,89.9792,FBIL
2026-01-02,90.1242,FBIL
2026-01-05,90.2729,FBIL
2026-01-06,90.1810,FBIL
2026-01-07,89.9432,FBIL
2026-01-08,89.8930,FBIL
2026-01-09,90.1395,FBIL
2026-01-12,90.1899,FBIL
2026-01-13,90.2677,FBIL
2026-01-14,90.2016,FBIL
2026-01-16,90.6497,FBIL
2026-01-19,90.9705,FBIL
2026-01-20,91.0356,FBIL
2026-01-21,91.5500,FBIL
2026-01-22,91.5826,FBIL
2026-01-23,91.6195,FBIL
2026-01-27,91.8244,FBIL
2026-01-28,91.6945,FBIL
2026-01-29,91.9644,FBIL
2026-01-30,91.8983,FBIL
2026-02-02,91.6443,FBIL
2026-02-03,90.4495,FBIL
2026-02-04,90.4693,FBIL
2026-02-05,90.3957,FBIL
2026-02-06,90.4163,FBIL
2026-02-09,90.4006,FBIL
2026-02-10,90.5773,FBIL
2026-02-11,90.5675,FBIL
2026-02-12,90.5947,FBIL
2026-02-13,90.7415,FBIL
2026-02-16,90.7125,FBIL
2026-02-17,90.7744,FBIL
2026-02-18,90.6669,FBIL
2026-02-20,90.9518,FBIL
2026-02-23,90.7461,FBIL
2026-02-24,90.9661,FBIL
2026-02-25,90.9502,FBIL
2026-02-26,90.9072,FBIL
2026-02-27,90.9542,FBIL
2026-03-02,91.4514,FBIL
2026-03-04,92.2828,FBIL
2026-03-05,91.6275,FBIL
2026-03-06,91.6829,FBIL
2026-03-09,92.2639,FBIL
2026-03-10,92.0174,FBIL
2026-03-11,91.9257,FBIL
2026-03-12,92.3530,FBIL
2026-03-13,92.4405,FBIL
2026-03-16,92.3966,FBIL
2026-03-17,92.4570,FBIL
2026-03-18,92.4514,FBIL
2026-03-20,93.3483,FBIL
2026-03-23,93.8980,FBIL
2026-03-24,93.8792,FBIL
2026-03-25,93.9657,FBIL
2026-03-27,94.5988,FBIL
2026-03-30,94.6543,FBIL
