date,nav_regular_growth,nav_direct_growth
2006-04-03,14.5174,
2006-04-04,14.5280,
2006-04-05,14.5412,
2006-04-07,14.5490,
2006-04-10,14.5538,
2006-04-12,14.5530,
2006-04-13,14.5477,
2006-04-17,14.5452,
2006-04-18,14.6214,
2006-04-19,14.6926,
2006-04-20,14.6690,
2006-04-21,14.6809,
2006-04-24,14.6745,
2006-04-25,14.6788,
2006-04-26,14.6530,
2006-04-27,14.6466,
2006-04-28,14.6554,
2006-05-02,14.6421,
2006-05-03,14.6370,
2006-05-04,14.6362,
2006-05-05,14.6359,
2006-05-08,14.6400,
2006-05-09,14.6463,
2006-05-10,14.6491,
2006-05-11,14.6424,
2006-05-12,14.6342,
2006-05-15,14.6256,
2006-05-16,14.6238,
2006-05-17,14.6214,
2006-05-18,14.6190,
2006-05-19,14.6255,
2006-05-22,14.6332,
2006-05-23,14.6329,
2006-05-24,14.6324,
2006-05-25,14.6332,
2006-05-26,14.6382,
2006-05-29,14.6353,
2006-05-30,14.6314,
2006-05-31,14.6345,
2006-06-01,14.6293,
2006-06-02,14.6330,
2006-06-05,14.6388,
2006-06-06,14.6417,
2006-06-07,14.6367,
2006-06-08,14.6359,
2006-06-09,14.6098,
2006-06-12,14.6140,
2006-06-13,14.6121,
2006-06-14,14.6200,
2006-06-15,14.6216,
2006-06-16,14.6192,
2006-06-19,14.6029,
2006-06-20,14.6044,
2006-06-21,14.6069,
2006-06-22,14.5934,
2006-06-23,14.5808,
2006-06-26,14.5842,
2006-06-27,14.5870,
2006-06-28,14.5891,
2006-06-29,14.5905,
2006-06-30,14.5917,
2006-07-03,14.5977,
2006-07-04,14.5999,
2006-07-05,14.6024,
2006-07-06,14.5998,
2006-07-07,14.5972,
2006-07-10,14.5954,
2006-07-11,14.5845,
2006-07-12,14.5842,
2006-07-13,14.5924,
2006-07-14,14.5925,
2006-07-17,14.5993,
2006-07-18,14.6017,
2006-07-19,14.6063,
2006-07-20,14.6140,
2006-07-21,14.6293,
2006-07-24,14.6386,
2006-07-25,14.6352,
2006-07-26,14.6331,
2006-07-27,14.6380,
2006-07-28,14.6325,
2006-07-31,14.6407,
2006-08-01,14.6311,
2006-08-02,14.6356,
2006-08-03,14.6393,
2006-08-04,14.6435,
2006-08-07,14.6550,
2006-08-08,14.6679,
2006-08-09,14.6952,
2006-08-10,14.7081,
2006-08-11,14.6963,
2006-08-14,14.7019,
2006-08-16,14.7229,
2006-08-17,14.7553,
2006-08-18,14.7437,
2006-08-21,14.7489,
2006-08-22,14.7548,
2006-08-23,14.7733,
2006-08-24,14.8041,
2006-08-25,14.7840,
2006-08-28,14.7995,
2006-08-29,14.8008,
2006-08-30,14.8063,
2006-08-31,14.8172,
2006-09-01,14.8216,
2006-09-04,14.8833,
2006-09-05,14.8751,
2006-09-06,14.8672,
2006-09-07,14.8677,
2006-09-08,14.9120,
2006-09-11,14.9135,
2006-09-12,14.8811,
2006-09-13,14.8971,
2006-09-14,14.8728,
2006-09-15,14.8589,
2006-09-18,14.8898,
2006-09-19,14.9177,
2006-09-20,14.9789,
2006-09-21,14.9458,
2006-09-22,14.9721,
2006-09-25,14.9839,
2006-09-26,15.0158,
2006-09-27,15.0070,
2006-09-28,14.9891,
2006-09-29,14.9803,
2006-10-03,15.0076,
2006-10-04,15.0161,
2006-10-05,15.0197,
2006-10-06,15.0175,
2006-10-09,14.9979,
2006-10-10,15.0178,
2006-10-11,15.0092,
2006-10-12,15.0256,
2006-10-13,15.0110,
2006-10-16,15.0044,
2006-10-17,15.0033,
2006-10-18,15.0038,
2006-10-19,15.0079,
2006-10-20,15.0204,
2006-10-23,15.0256,
2006-10-26,15.0404,
2006-10-27,15.0483,
2006-10-30,15.0480,
2006-10-31,15.0471,
2006-11-01,15.0562,
2006-11-02,15.0651,
2006-11-03,15.0569,
2006-11-06,15.0618,
2006-11-07,15.0773,
2006-11-08,15.0956,
2006-11-09,15.0856,
2006-11-10,15.0917,
2006-11-13,15.1068,
2006-11-14,15.1294,
2006-11-15,15.1624,
2006-11-16,15.1554,
2006-11-17,15.1715,
2006-11-20,15.2028,
2006-11-21,15.2231,
2006-11-22,15.2248,
2006-11-23,15.2290,
2006-11-24,15.2387,
2006-11-27,15.2742,
2006-11-28,15.2771,
2006-11-29,15.2639,
2006-11-30,15.2487,
2006-12-01,15.2432,
2006-12-04,15.2701,
2006-12-05,15.2800,
2006-12-06,15.2827,
2006-12-07,15.2787,
2006-12-08,15.2840,
2006-12-11,15.1959,
2006-12-12,15.1697,
2006-12-13,15.1704,
2006-12-14,15.1658,
2006-12-15,15.1813,
2006-12-18,15.1962,
2006-12-19,15.2043,
2006-12-20,15.2072,
2006-12-21,15.2032,
2006-12-22,15.2071,
2006-12-26,15.2096,
2006-12-27,15.2143,
2006-12-28,15.2119,
2006-12-29,15.2158,
2007-01-02,15.2558,
2007-01-03,15.2528,
2007-01-04,15.2440,
2007-01-05,15.2559,
2007-01-08,15.2869,
2007-01-09,15.2832,
2007-01-10,15.2757,
2007-01-11,15.2790,
2007-01-12,15.1462,
2007-01-15,15.1708,
2007-01-16,15.1901,
2007-01-17,15.1800,
2007-01-18,15.1732,
2007-01-19,15.1851,
2007-01-22,15.1441,
2007-01-23,15.1636,
2007-01-24,15.1726,
2007-01-25,15.1751,
2007-01-29,15.1678,
2007-01-31,15.2618,
2007-02-01,15.2644,
2007-02-02,15.2865,
2007-02-05,15.2838,
2007-02-06,15.2602,
2007-02-07,15.2564,
2007-02-08,15.2147,
2007-02-09,15.2107,
2007-02-12,15.2065,
2007-02-13,15.1516,
2007-02-14,15.0945,
2007-02-15,15.1189,
2007-02-19,15.1304,
2007-02-20,15.1376,
2007-02-21,15.1716,
2007-02-22,15.1607,
2007-02-23,15.1743,
2007-02-26,15.1981,
2007-02-27,15.1996,
2007-02-28,15.1608,
2007-03-01,15.1901,
2007-03-02,15.1864,
2007-03-05,15.1904,
2007-03-06,15.1909,
2007-03-07,15.1931,
2007-03-08,15.1752,
2007-03-09,15.1818,
2007-03-12,15.2147,
2007-03-13,15.2076,
2007-03-14,15.2049,
2007-03-15,15.1966,
2007-03-16,15.1909,
2007-03-19,15.2001,
2007-03-20,15.1883,
2007-03-21,15.2078,
2007-03-22,15.2323,
2007-03-23,15.2366,
2007-03-26,15.2330,
2007-03-28,15.2446,
2007-03-29,15.2541,
2007-03-30,15.2484,
2007-04-02,15.2585,
2007-04-03,15.2079,
2007-04-04,15.2129,
2007-04-05,15.2130,
2007-04-09,15.2371,
2007-04-10,15.2524,
2007-04-11,15.2446,
2007-04-12,15.2338,
2007-04-13,15.2343,
2007-04-16,15.2401,
2007-04-17,15.2411,
2007-04-18,15.2552,
2007-04-19,15.2641,
2007-04-20,15.2667,
2007-04-23,15.2738,
2007-04-24,15.3563,
2007-04-25,15.3599,
2007-04-26,15.3193,
2007-04-27,15.2881,
2007-04-30,15.2897,
2007-05-03,15.3018,
2007-05-04,15.2966,
2007-05-07,15.2992,
2007-05-08,15.3125,
2007-05-09,15.3283,
2007-05-10,15.2934,
2007-05-11,15.2914,
2007-05-14,15.3101,
2007-05-15,15.3308,
2007-05-16,15.3466,
2007-05-17,15.3400,
2007-05-18,15.3316,
2007-05-21,15.3635,
2007-05-22,15.3568,
2007-05-23,15.3568,
2007-05-24,15.3533,
2007-05-25,15.3744,
2007-05-28,15.4054,
2007-05-29,15.3988,
2007-05-30,15.3951,
2007-05-31,15.4045,
2007-06-01,15.4082,
2007-06-04,15.4088,
2007-06-05,15.4008,
2007-06-06,15.3765,
2007-06-07,15.3890,
2007-06-08,15.3671,
2007-06-11,15.3248,
2007-06-12,15.3279,
2007-06-13,15.3208,
2007-06-14,15.3555,
2007-06-15,15.3692,
2007-06-18,15.3821,
2007-06-19,15.3773,
2007-06-20,15.3752,
2007-06-21,15.3846,
2007-06-22,15.3900,
2007-06-25,15.4052,
2007-06-26,15.3946,
2007-06-27,15.3850,
2007-06-28,15.4053,
2007-06-29,15.4082,
2007-07-02,15.4418,
2007-07-03,15.4510,
2007-07-04,15.4759,
2007-07-05,15.5022,
2007-07-06,15.4990,
2007-07-09,15.5427,
2007-07-10,15.5309,
2007-07-11,15.5293,
2007-07-12,15.5379,
2007-07-13,15.5323,
2007-07-16,15.5462,
2007-07-17,15.5725,
2007-07-18,15.6241,
2007-07-19,15.5855,
2007-07-20,15.5997,
2007-07-23,15.6503,
2007-07-24,15.6448,
2007-07-25,15.6127,
2007-07-26,15.6287,
2007-07-27,15.5957,
2007-07-30,15.6375,
2007-07-31,15.5831,
2007-08-01,15.5572,
2007-08-02,15.5707,
2007-08-03,15.5731,
2007-08-06,15.5914,
2007-08-07,15.6147,
2007-08-08,15.5631,
2007-08-09,15.5220,
2007-08-10,15.5276,
2007-08-13,15.5168,
2007-08-14,15.5146,
2007-08-16,15.4958,
2007-08-17,15.5324,
2007-08-20,15.5396,
2007-08-21,15.5514,
2007-08-22,15.5776,
2007-08-23,15.5737,
2007-08-24,15.5827,
2007-08-27,15.5956,
2007-08-28,15.5949,
2007-08-29,15.5856,
2007-08-30,15.5747,
2007-08-31,15.6042,
2007-09-03,15.6253,
2007-09-04,15.6134,
2007-09-05,15.6147,
2007-09-06,15.6142,
2007-09-07,15.6360,
2007-09-10,15.6604,
2007-09-11,15.6340,
2007-09-12,15.6426,
2007-09-13,15.6376,
2007-09-14,15.6591,
2007-09-17,15.6562,
2007-09-18,15.6627,
2007-09-19,15.6843,
2007-09-20,15.7009,
2007-09-21,15.6943,
2007-09-24,15.6746,
2007-09-25,15.6508,
2007-09-26,15.6478,
2007-09-27,15.6392,
2007-09-28,15.6480,
2007-10-01,15.6543,
2007-10-03,15.6872,
2007-10-04,15.6747,
2007-10-05,15.6572,
2007-10-08,15.6545,
2007-10-09,15.6569,
2007-10-10,15.6810,
2007-10-11,15.7009,
2007-10-12,15.7017,
2007-10-15,15.7018,
2007-10-16,15.6980,
2007-10-17,15.6988,
2007-10-18,15.7097,
2007-10-19,15.7133,
2007-10-22,15.7474,
2007-10-23,15.7846,
2007-10-24,15.7751,
2007-10-25,15.7926,
2007-10-26,15.7961,
2007-10-29,15.8160,
2007-10-30,15.7920,
2007-10-31,15.8041,
2007-11-01,15.7976,
2007-11-02,15.8000,
2007-11-05,15.7949,
2007-11-06,15.7844,
2007-11-07,15.7804,
2007-11-08,15.7671,
2007-11-12,15.7832,
2007-11-13,15.8076,
2007-11-14,15.8114,
2007-11-15,15.8092,
2007-11-16,15.8139,
2007-11-19,15.8262,
2007-11-20,15.8184,
2007-11-21,15.8184,
2007-11-22,15.8310,
2007-11-23,15.8343,
2007-11-26,15.8466,
2007-11-27,15.8431,
2007-11-28,15.8338,
2007-11-29,15.8320,
2007-11-30,15.8482,
2007-12-03,15.8793,
2007-12-04,15.8871,
2007-12-05,15.9018,
2007-12-06,15.9084,
2007-12-07,15.9210,
2007-12-10,15.9320,
2007-12-11,15.9327,
2007-12-12,15.9428,
2007-12-13,15.9349,
2007-12-14,15.9450,
2007-12-17,15.9623,
2007-12-18,15.9741,
2007-12-19,15.9807,
2007-12-20,15.9907,
2007-12-24,16.0026,
2007-12-26,16.0079,
2007-12-27,16.0261,
2007-12-28,16.0707,
2007-12-31,16.1111,
2008-01-01,16.1602,
2008-01-02,16.1751,
2008-01-03,16.1603,
2008-01-04,16.2106,
2008-01-07,16.2595,
2008-01-08,16.2484,
2008-01-09,16.2685,
2008-01-10,16.3610,
2008-01-11,16.4044,
2008-01-14,16.4540,
2008-01-15,16.4293,
2008-01-16,16.4232,
2008-01-17,16.4406,
2008-01-18,16.4506,
2008-01-21,16.4675,
2008-01-22,16.5722,
2008-01-23,16.6782,
2008-01-24,16.6850,
2008-01-25,16.6476,
2008-01-28,16.6032,
2008-01-29,16.4845,
2008-01-30,16.4396,
2008-01-31,16.5242,
2008-02-01,16.5393,
2008-02-04,16.5184,
2008-02-05,16.5159,
2008-02-06,16.5685,
2008-02-07,16.6133,
2008-02-08,16.6312,
2008-02-11,16.6817,
2008-02-12,16.6667,
2008-02-13,16.6806,
2008-02-14,16.6728,
2008-02-15,16.5955,
2008-02-18,16.5360,
2008-02-19,16.5199,
2008-02-20,16.4255,
2008-02-21,16.4879,
2008-02-22,16.3607,
2008-02-25,16.4380,
2008-02-26,16.3835,
2008-02-27,16.3986,
2008-02-28,16.3943,
2008-02-29,16.4622,
2008-03-03,16.5142,
2008-03-04,16.4140,
2008-03-05,16.4596,
2008-03-07,16.3944,
2008-03-10,16.3414,
2008-03-11,16.3520,
2008-03-12,16.4495,
2008-03-13,16.3970,
2008-03-14,16.3272,
2008-03-17,16.3357,
2008-03-18,16.3796,
2008-03-19,16.3377,
2008-03-24,16.2137,
2008-03-25,16.1751,
2008-03-26,16.1349,
2008-03-27,16.1413,
2008-03-28,16.0208,
2008-03-31,15.9841,
2008-04-01,15.9869,
2008-04-02,15.9641,
2008-04-03,15.9900,
2008-04-04,15.9556,
2008-04-07,15.9588,
2008-04-08,15.9682,
2008-04-09,15.9748,
2008-04-10,15.9627,
2008-04-11,15.9503,
2008-04-15,15.9612,
2008-04-16,15.9449,
2008-04-17,15.9393,
2008-04-21,15.9254,
2008-04-22,15.9280,
2008-04-23,15.9254,
2008-04-24,15.9266,
2008-04-25,15.9347,
2008-04-28,15.9448,
2008-04-29,15.9884,
2008-04-30,15.9989,
2008-05-02,16.0306,
2008-05-05,16.0639,
2008-05-06,16.0507,
2008-05-07,16.0243,
2008-05-08,16.0196,
2008-05-09,16.0296,
2008-05-12,16.0679,
2008-05-13,16.0548,
2008-05-14,16.0512,
2008-05-15,16.0353,
2008-05-16,16.0195,
2008-05-20,16.0236,
2008-05-21,16.0092,
2008-05-22,15.9917,
2008-05-23,15.9868,
2008-05-26,15.9952,
2008-05-27,15.9871,
2008-05-28,15.9987,
2008-05-29,15.9922,
2008-05-30,15.9913,
2008-06-02,16.0041,
2008-06-03,16.0005,
2008-06-04,15.9990,
2008-06-05,15.9899,
2008-06-06,15.9882,
2008-06-09,15.9852,
2008-06-10,15.9876,
2008-06-11,15.9910,
2008-06-12,15.9837,
2008-06-13,15.9714,
2008-06-16,15.9819,
2008-06-17,15.9862,
2008-06-18,15.9805,
2008-06-19,15.9710,
2008-06-20,15.9400,
2008-06-23,15.9425,
2008-06-24,15.9503,
2008-06-25,15.9311,
2008-06-26,15.9310,
2008-06-27,15.9156,
2008-06-30,15.9181,
2008-07-01,15.9148,
2008-07-02,15.9142,
2008-07-03,15.9128,
2008-07-04,15.8981,
2008-07-07,15.9062,
2008-07-08,15.9026,
2008-07-09,15.9044,
2008-07-10,15.9066,
2008-07-11,15.9096,
2008-07-14,15.9186,
2008-07-15,15.9217,
2008-07-16,15.9248,
2008-07-17,15.9279,
2008-07-18,15.9307,
2008-07-21,15.9395,
2008-07-22,15.9427,
2008-07-23,15.9478,
2008-07-24,15.9513,
2008-07-25,15.9445,
2008-07-28,15.9609,
2008-07-29,15.9628,
2008-07-30,15.9656,
2008-07-31,15.9681,
2008-08-01,15.9703,
2008-08-04,15.9779,
2008-08-05,15.9833,
2008-08-06,15.9748,
2008-08-07,15.9405,
2008-08-08,16.0082,
2008-08-11,16.1856,
2008-08-12,16.1262,
2008-08-13,16.0727,
2008-08-14,16.0650,
2008-08-18,16.0783,
2008-08-19,16.0816,
2008-08-20,16.0772,
2008-08-21,16.0805,
2008-08-22,16.0908,
2008-08-25,16.1154,
2008-08-26,16.1451,
2008-08-27,16.1377,
2008-08-28,16.2219,
2008-08-29,16.2113,
2008-09-01,16.3398,
2008-09-02,16.4266,
2008-09-04,16.5640,
2008-09-05,16.5673,
2008-09-08,16.5771,
2008-09-09,16.5802,
2008-09-10,16.5835,
2008-09-11,16.5888,
2008-09-12,16.5865,
2008-09-15,16.6475,
2008-09-16,16.7096,
2008-09-17,16.6188,
2008-09-18,16.6223,
2008-09-19,16.6262,
2008-09-22,16.6374,
2008-09-23,16.6380,
2008-09-24,16.6412,
2008-09-25,16.6338,
2008-09-26,16.6405,
2008-09-29,16.6264,
2008-09-30,16.6306,
2008-10-01,16.6409,
2008-10-03,16.6419,
2008-10-06,16.8254,
2008-10-07,16.8587,
2008-10-08,17.1145,
2008-10-10,17.4500,
2008-10-13,17.4650,
2008-10-14,17.2671,
2008-10-15,17.2813,
2008-10-16,17.5833,
2008-10-17,17.6078,
2008-10-20,17.9529,
2008-10-21,17.9561,
2008-10-22,17.8603,
2008-10-23,17.8142,
2008-10-24,17.6048,
2008-10-27,17.9550,
2008-10-29,18.0553,
2008-10-31,18.0065,
2008-11-03,17.9860,
2008-11-04,17.8996,
2008-11-05,17.6942,
2008-11-06,17.6843,
2008-11-07,17.6703,
2008-11-10,17.6994,
2008-11-11,17.7212,
2008-11-12,17.8810,
2008-11-14,18.1604,
2008-11-17,18.2082,
2008-11-18,18.4404,
2008-11-19,18.4683,
2008-11-20,18.7116,
2008-11-21,18.8300,
2008-11-24,18.8029,
2008-11-25,18.7671,
2008-11-26,18.8702,
2008-11-28,18.9237,
2008-12-01,19.0489,
2008-12-02,19.1892,
2008-12-03,19.5924,
2008-12-04,19.4945,
2008-12-05,19.6259,
2008-12-08,19.6758,
2008-12-10,19.7097,
2008-12-11,19.8714,
2008-12-12,20.2426,
2008-12-15,20.1894,
2008-12-16,20.3915,
2008-12-17,20.6603,
2008-12-18,20.9550,
2008-12-19,20.9194,
2008-12-22,20.6416,
2008-12-23,20.5579,
2008-12-24,20.7203,
2008-12-26,20.6792,
2008-12-29,20.8388,
2008-12-30,21.3993,
2008-12-31,21.4576,
2009-01-01,21.5247,
2009-01-02,21.9052,
2009-01-05,21.6632,
2009-01-06,21.3387,
2009-01-07,20.0176,
2009-01-09,19.4734,
2009-01-12,19.9314,
2009-01-13,20.0898,
2009-01-14,20.2974,
2009-01-15,20.3899,
2009-01-16,20.3317,
2009-01-19,20.3454,
2009-01-20,20.1986,
2009-01-21,20.0012,
2009-01-22,20.0589,
2009-01-23,20.1758,
2009-01-27,19.8893,
2009-01-28,19.8139,
2009-01-29,19.8378,
2009-01-30,19.7579,
2009-02-02,19.7556,
2009-02-03,19.6746,
2009-02-04,19.5397,
2009-02-05,19.4548,
2009-02-06,19.6098,
2009-02-09,19.4097,
2009-02-10,19.1562,
2009-02-11,19.2860,
2009-02-12,19.4499,
2009-02-13,19.4610,
2009-02-16,19.2145,
2009-02-17,19.1082,
2009-02-18,19.1915,
2009-02-19,19.1756,
2009-02-24,18.9780,
2009-02-25,18.8332,
2009-02-26,18.9734,
2009-02-27,19.1307,
2009-03-02,19.1928,
2009-03-03,19.1350,
2009-03-04,19.0567,
2009-03-05,19.0302,
2009-03-06,18.8873,
2009-03-09,18.6698,
2009-03-12,18.3904,
2009-03-13,18.5856,
2009-03-16,18.7673,
2009-03-17,18.7303,
2009-03-18,18.7816,
2009-03-19,18.7565,
2009-03-20,18.7608,
2009-03-23,18.7068,
2009-03-24,18.6444,
2009-03-25,18.6229,
2009-03-26,18.4369,
2009-03-30,18.4529,
2009-03-31,18.4672,
2009-04-02,18.5331,
2009-04-06,18.5719,
2009-04-08,18.6553,
2009-04-09,18.6973,
2009-04-13,18.6726,
2009-04-15,18.7250,
2009-04-16,18.7687,
2009-04-17,18.7792,
2009-04-20,18.7799,
2009-04-21,18.8353,
2009-04-22,18.8407,
2009-04-23,18.8138,
2009-04-24,18.8350,
2009-04-27,18.8589,
2009-04-28,18.8393,
2009-04-29,18.8295,
2009-05-04,18.7802,
2009-05-05,18.8392,
2009-05-06,18.9119,
2009-05-07,18.8825,
2009-05-08,18.8505,
2009-05-11,18.8518,
2009-05-12,18.8287,
2009-05-13,18.8431,
2009-05-14,18.8529,
2009-05-15,18.8639,
2009-05-18,18.9167,
2009-05-19,18.8863,
2009-05-20,18.9026,
2009-05-21,18.8795,
2009-05-22,18.8878,
2009-05-25,18.8440,
2009-05-26,18.8633,
2009-05-27,18.8587,
2009-05-28,18.8504,
2009-05-29,18.8636,
2009-06-01,18.8482,
2009-06-02,18.8478,
2009-06-03,18.8686,
2009-06-04,18.8750,
2009-06-05,18.8595,
2009-06-08,18.8663,
2009-06-09,18.8581,
2009-06-10,18.8421,
2009-06-11,18.8292,
2009-06-12,18.8380,
2009-06-15,18.8577,
2009-06-16,18.8554,
2009-06-17,18.8619,
2009-06-18,18.8675,
2009-06-19,18.8578,
2009-06-22,18.8578,
2009-06-23,18.8587,
2009-06-24,18.8842,
2009-06-25,18.8697,
2009-06-26,18.8848,
2009-06-29,18.9072,
2009-06-30,18.8944,
2009-07-02,19.0102,
2009-07-03,19.0977,
2009-07-06,18.8883,
2009-07-07,18.8340,
2009-07-08,18.8573,
2009-07-09,18.8547,
2009-07-10,18.8587,
2009-07-13,18.8919,
2009-07-14,18.8625,
2009-07-15,18.8427,
2009-07-16,18.8854,
2009-07-17,18.8717,
2009-07-20,18.7998,
2009-07-21,18.7958,
2009-07-22,18.8273,
2009-07-23,18.8313,
2009-07-24,18.8244,
2009-07-27,18.8284,
2009-07-28,18.8478,
2009-07-29,18.8342,
2009-07-30,18.8161,
2009-07-31,18.7984,
2009-08-03,18.7874,
2009-08-04,18.7898,
2009-08-05,18.7709,
2009-08-06,18.7682,
2009-08-07,18.7717,
2009-08-10,18.7401,
2009-08-11,18.7677,
2009-08-12,18.7825,
2009-08-13,18.7794,
2009-08-14,18.7762,
2009-08-17,18.7569,
2009-08-18,18.7288,
2009-08-20,18.7278,
2009-08-21,18.7116,
2009-08-24,18.6924,
2009-08-25,18.7144,
2009-08-26,18.8156,
2009-08-27,18.7383,
2009-08-28,18.7328,
2009-08-31,18.6945,
2009-09-01,18.7334,
2009-09-02,18.7586,
2009-09-03,18.7357,
2009-09-04,18.7410,
2009-09-07,18.7646,
2009-09-08,18.7520,
2009-09-09,18.7587,
2009-09-10,18.7505,
2009-09-11,18.7651,
2009-09-14,18.8311,
2009-09-15,18.9065,
2009-09-16,18.9165,
2009-09-17,18.8709,
2009-09-18,18.8897,
2009-09-22,18.8653,
2009-09-23,18.8805,
2009-09-24,18.8777,
2009-09-25,18.8439,
2009-09-29,18.7801,
2009-09-30,18.7823,
2009-10-01,18.7818,
2009-10-05,18.8598,
2009-10-06,18.7582,
2009-10-07,18.7583,
2009-10-08,18.7770,
2009-10-09,18.6969,
2009-10-12,18.6279,
2009-10-14,18.6171,
2009-10-15,18.6129,
2009-10-16,18.6085,
2009-10-20,18.6341,
2009-10-21,18.6968,
2009-10-22,18.6683,
2009-10-23,18.6388,
2009-10-26,18.6750,
2009-10-27,18.7330,
2009-10-28,18.8074,
2009-10-29,18.8324,
2009-10-30,18.7946,
2009-11-03,18.8706,
2009-11-04,18.8214,
2009-11-05,18.8335,
2009-11-06,18.8386,
2009-11-09,18.8464,
2009-11-10,18.8493,
2009-11-11,18.8456,
2009-11-12,18.8480,
2009-11-13,18.8673,
2009-11-16,18.8591,
2009-11-17,18.8897,
2009-11-18,18.9116,
2009-11-19,18.9588,
2009-11-20,19.0813,
2009-11-23,19.0228,
2009-11-24,19.0493,
2009-11-25,19.1211,
2009-11-26,19.1897,
2009-11-27,19.1624,
2009-11-30,19.0968,
2009-12-01,19.0327,
2009-12-02,19.0407,
2009-12-03,19.0173,
2009-12-04,19.0047,
2009-12-07,19.0465,
2009-12-08,19.0965,
2009-12-09,19.0493,
2009-12-10,18.9984,
2009-12-11,19.0141,
2009-12-14,19.0595,
2009-12-15,19.0237,
2009-12-16,18.9746,
2009-12-17,19.0676,
2009-12-18,18.9655,
2009-12-21,18.9800,
2009-12-22,18.9993,
2009-12-23,19.0187,
2009-12-24,19.0228,
2009-12-29,18.9976,
2009-12-30,19.0153,
2009-12-31,19.0205,
2010-01-01,19.0316,
2010-01-04,18.9946,
2010-01-05,18.9905,
2010-01-06,18.9835,
2010-01-07,18.9740,
2010-01-08,18.9828,
2010-01-11,18.9917,
2010-01-12,18.9753,
2010-01-13,18.9930,
2010-01-14,19.0213,
2010-01-15,19.0092,
2010-01-18,19.0357,
2010-01-19,19.0255,
2010-01-20,19.0313,
2010-01-21,19.0681,
2010-01-22,19.0692,
2010-01-25,19.0505,
2010-01-27,19.0663,
2010-01-28,19.0732,
2010-01-29,19.0363,
2010-02-01,19.0254,
2010-02-02,19.0109,
2010-02-03,19.0135,
2010-02-04,19.0117,
2010-02-05,19.0163,
2010-02-08,19.0235,
2010-02-09,19.0200,
2010-02-10,19.0145,
2010-02-11,19.0114,
2010-02-15,19.0110,
2010-02-16,19.0192,
2010-02-17,19.0144,
2010-02-18,19.0215,
2010-02-19,19.0177,
2010-02-22,19.0241,
2010-02-23,19.0282,
2010-02-24,19.0262,
2010-02-25,19.0243,
2010-02-26,19.0227,
2010-03-02,19.0118,
2010-03-03,19.0131,
2010-03-04,19.0160,
2010-03-05,19.0136,
2010-03-08,19.0122,
2010-03-09,19.0156,
2010-03-10,19.0077,
2010-03-11,19.0119,
2010-03-12,19.0030,
2010-03-15,19.0128,
2010-03-17,19.0333,
2010-03-18,19.0540,
2010-03-19,19.0733,
2010-03-22,19.0836,
2010-03-23,19.0966,
2010-03-25,19.0989,
2010-03-26,19.1021,
2010-03-29,19.1140,
2010-03-30,19.1184,
2010-03-31,19.1210,
2010-04-05,19.1318,
2010-04-06,19.1387,
2010-04-07,19.1502,
2010-04-08,19.1507,
2010-04-09,19.1484,
2010-04-12,19.1483,
2010-04-13,19.1385,
2010-04-15,19.1394,
2010-04-16,19.1416,
2010-04-19,19.1502,
2010-04-20,19.1804,
2010-04-21,19.1891,
2010-04-22,19.2054,
2010-04-23,19.1890,
2010-04-26,19.1849,
2010-04-27,19.1914,
2010-04-28,19.1981,
2010-04-29,19.2072,
2010-04-30,19.2253,
2010-05-03,19.2311,
2010-05-04,19.2474,
2010-05-05,19.2524,
2010-05-06,19.2626,
2010-05-07,19.2618,
2010-05-10,19.2517,
2010-05-11,19.2701,
2010-05-12,19.2939,
2010-05-13,19.3032,
2010-05-14,19.3233,
2010-05-17,19.3984,
2010-05-18,19.3949,
2010-05-19,19.4176,
2010-05-20,19.4162,
2010-05-21,19.4457,
2010-05-24,19.4254,
2010-05-25,19.4610,
2010-05-26,19.4354,
2010-05-28,19.4357,
2010-05-31,19.4576,
2010-06-01,19.4592,
2010-06-02,19.4706,
2010-06-03,19.4687,
2010-06-04,19.4799,
2010-06-07,19.4842,
2010-06-08,19.4501,
2010-06-09,19.4321,
2010-06-10,19.4200,
2010-06-11,19.3675,
2010-06-14,19.3284,
2010-06-15,19.3519,
2010-06-16,19.3636,
2010-06-17,19.3615,
2010-06-18,19.3771,
2010-06-21,19.3948,
2010-06-22,19.3926,
2010-06-23,19.3931,
2010-06-24,19.3993,
2010-06-25,19.3630,
2010-06-28,19.3890,
2010-06-29,19.3892,
2010-06-30,19.4048,
2010-07-02,19.4028,
2010-07-05,19.3714,
2010-07-06,19.3722,
2010-07-07,19.4026,
2010-07-08,19.3912,
2010-07-09,19.3803,
2010-07-12,19.4086,
2010-07-13,19.3991,
2010-07-14,19.3764,
2010-07-15,19.3756,
2010-07-16,19.3770,
2010-07-19,19.3997,
2010-07-20,19.3683,
2010-07-21,19.3649,
2010-07-22,19.3693,
2010-07-23,19.3705,
2010-07-26,19.3793,
2010-07-27,19.3744,
2010-07-28,19.3692,
2010-07-29,19.3669,
2010-07-30,19.3600,
2010-08-02,19.3541,
2010-08-03,19.3777,
2010-08-04,19.3672,
2010-08-05,19.3459,
2010-08-06,19.3707,
2010-08-09,19.3795,
2010-08-10,19.3696,
2010-08-11,19.4277,
2010-08-12,19.3985,
2010-08-13,19.4161,
2010-08-16,19.4262,
2010-08-17,19.3819,
2010-08-18,19.3494,
2010-08-20,19.3366,
2010-08-23,19.3257,
2010-08-24,19.3691,
2010-08-25,19.3482,
2010-08-26,19.3617,
2010-08-27,19.3900,
2010-08-30,19.3902,
2010-08-31,19.4068,
2010-09-01,19.4042,
2010-09-02,19.4047,
2010-09-03,19.4092,
2010-09-06,19.3990,
2010-09-07,19.4106,
2010-09-08,19.4192,
2010-09-09,19.4213,
2010-09-13,19.3716,
2010-09-14,19.3876,
2010-09-15,19.3916,
2010-09-16,19.3901,
2010-09-17,19.3872,
2010-09-20,19.3965,
2010-09-21,19.4117,
2010-09-22,19.4275,
2010-09-23,19.4704,
2010-09-24,19.4981,
2010-09-27,19.5108,
2010-09-28,19.5124,
2010-09-29,19.5283,
2010-10-01,19.5058,
2010-10-04,19.4917,
2010-10-05,19.4966,
2010-10-06,19.5023,
2010-10-07,19.4990,
2010-10-08,19.4862,
2010-10-11,19.5043,
2010-10-12,19.5274,
2010-10-13,19.5190,
2010-10-14,19.5242,
2010-10-15,19.5157,
2010-10-18,19.5040,
2010-10-19,19.5172,
2010-10-20,19.5137,
2010-10-21,19.5233,
2010-10-22,19.5286,
2010-10-25,19.5284,
2010-10-26,19.5162,
2010-10-27,19.5246,
2010-10-28,19.5297,
2010-10-29,19.5588,
2010-11-01,19.5771,
2010-11-02,19.6621,
2010-11-03,19.6858,
2010-11-04,19.6641,
2010-11-08,19.6709,
2010-11-09,19.6614,
2010-11-10,19.6296,
2010-11-11,19.6204,
2010-11-12,19.6299,
2010-11-15,19.6394,
2010-11-16,19.6310,
2010-11-18,19.6862,
2010-11-19,19.6822,
2010-11-22,19.6973,
2010-11-23,19.7301,
2010-11-24,19.6940,
2010-11-25,19.7188,
2010-11-26,19.7642,
2010-11-29,19.7224,
2010-11-30,19.6843,
2010-12-01,19.6682,
2010-12-02,19.6924,
2010-12-03,19.6286,
2010-12-06,19.5955,
2010-12-07,19.6405,
2010-12-08,19.6402,
2010-12-09,19.6445,
2010-12-10,19.6742,
2010-12-13,19.6743,
2010-12-14,19.7319,
2010-12-15,19.7475,
2010-12-16,19.8343,
2010-12-20,19.8274,
2010-12-21,19.8335,
2010-12-22,19.8394,
2010-12-23,19.8381,
2010-12-24,19.8569,
2010-12-27,19.8826,
2010-12-28,19.9009,
2010-12-29,19.9017,
2010-12-30,19.9005,
2010-12-31,19.9047,
2011-01-03,19.9020,
2011-01-04,19.8854,
2011-01-05,19.8967,
2011-01-06,19.8777,
2011-01-07,19.8747,
2011-01-10,19.8809,
2011-01-11,19.8917,
2011-01-12,19.9042,
2011-01-13,19.9016,
2011-01-14,19.8951,
2011-01-17,19.8971,
2011-01-18,19.8985,
2011-01-19,19.9012,
2011-01-20,19.9196,
2011-01-21,19.9064,
2011-01-24,19.9028,
2011-01-25,19.9486,
2011-01-27,19.9730,
2011-01-28,19.9759,
2011-01-31,19.9797,
2011-02-01,19.9730,
2011-02-02,19.9778,
2011-02-03,19.9643,
2011-02-04,19.9290,
2011-02-07,19.9273,
2011-02-08,19.9400,
2011-02-09,19.9513,
2011-02-10,19.9710,
2011-02-11,19.9644,
2011-02-14,20.0099,
2011-02-15,20.0181,
2011-02-17,20.0500,
2011-02-18,20.0530,
2011-02-21,20.0827,
2011-02-22,20.1003,
2011-02-23,20.0953,
2011-02-24,20.0943,
2011-02-25,20.0936,
2011-02-28,20.1001,
2011-03-01,20.1036,
2011-03-03,20.1171,
2011-03-04,20.1096,
2011-03-07,20.1136,
2011-03-08,20.1259,
2011-03-09,20.1352,
2011-03-10,20.1409,
2011-03-11,20.1359,
2011-03-14,20.1356,
2011-03-15,20.1450,
2011-03-16,20.1545,
2011-03-17,20.1554,
2011-03-18,20.1435,
2011-03-21,20.1545,
2011-03-22,20.1599,
2011-03-23,20.1742,
2011-03-24,20.1877,
2011-03-25,20.2213,
2011-03-28,20.2391,
2011-03-29,20.2303,
2011-03-30,20.2229,
2011-03-31,20.2250,
2011-04-05,20.2458,
2011-04-06,20.2517,
2011-04-07,20.2536,
2011-04-08,20.2564,
2011-04-11,20.2609,
2011-04-13,20.2654,
2011-04-15,20.2837,
2011-04-18,20.2921,
2011-04-19,20.2955,
2011-04-20,20.2975,
2011-04-21,20.3007,
2011-04-25,20.2935,
2011-04-26,20.2978,
2011-04-27,20.3005,
2011-04-28,20.3034,
2011-04-29,20.3065,
2011-05-02,20.3153,
2011-05-03,20.2910,
2011-05-04,20.2900,
2011-05-05,20.2982,
2011-05-06,20.3536,
2011-05-09,20.3495,
2011-05-10,20.3467,
2011-05-11,20.3489,
2011-05-12,20.3704,
2011-05-13,20.3557,
2011-05-16,20.3681,
2011-05-18,20.3746,
2011-05-19,20.3785,
2011-05-20,20.3836,
2011-05-23,20.4027,
2011-05-24,20.3984,
2011-05-25,20.4025,
2011-05-26,20.4008,
2011-05-27,20.4032,
2011-05-30,20.4178,
2011-05-31,20.4269,
2011-06-01,20.4641,
2011-06-02,20.5038,
2011-06-03,20.5252,
2011-06-06,20.5571,
2011-06-07,20.5277,
2011-06-08,20.5475,
2011-06-09,20.5381,
2011-06-10,20.5623,
2011-06-13,20.5645,
2011-06-14,20.4892,
2011-06-15,20.4447,
2011-06-16,20.5514,
2011-06-17,20.5827,
2011-06-20,20.6723,
2011-06-21,20.6542,
2011-06-22,20.6502,
2011-06-23,20.6495,
2011-06-24,20.6711,
2011-06-27,20.6706,
2011-06-28,20.6670,
2011-06-29,20.6731,
2011-06-30,20.6808,
2011-07-04,20.6848,
2011-07-05,20.6898,
2011-07-06,20.6968,
2011-07-07,20.6847,
2011-07-08,20.6942,
2011-07-11,20.7008,
2011-07-12,20.7198,
2011-07-13,20.7047,
2011-07-14,20.7514,
2011-07-15,20.7300,
2011-07-18,20.7634,
2011-07-19,20.7567,
2011-07-20,20.7381,
2011-07-21,20.7456,
2011-07-22,20.7083,
2011-07-25,20.7435,
2011-07-26,20.6637,
2011-07-27,20.6652,
2011-07-28,20.6649,
2011-07-29,20.6823,
2011-08-01,20.6929,
2011-08-02,20.7164,
2011-08-03,20.7306,
2011-08-04,20.7495,
2011-08-05,20.8487,
2011-08-08,20.9308,
2011-08-09,20.9459,
2011-08-10,20.9663,
2011-08-11,20.9727,
2011-08-12,20.9483,
2011-08-16,20.9908,
2011-08-17,20.9837,
2011-08-18,21.0241,
2011-08-22,21.0281,
2011-08-23,21.0451,
2011-08-24,21.0954,
2011-08-25,21.0743,
2011-08-26,21.0414,
2011-08-29,21.0257,
2011-08-30,21.0363,
2011-09-02,21.0242,
2011-09-05,21.0626,
2011-09-06,21.0562,
2011-09-07,21.0583,
2011-09-08,21.0682,
2011-09-09,21.0546,
2011-09-12,21.0783,
2011-09-13,21.0516,
2011-09-14,21.0354,
2011-09-15,21.0528,
2011-09-16,21.0372,
2011-09-19,21.0599,
2011-09-20,21.0597,
2011-09-21,21.0699,
2011-09-22,21.0974,
2011-09-23,21.0990,
2011-09-26,21.1009,
2011-09-27,21.0979,
2011-09-28,21.0894,
2011-09-29,21.0169,
2011-10-03,20.9611,
2011-10-04,20.9562,
2011-10-05,20.9253,
2011-10-07,20.8413,
2011-10-10,20.7631,
2011-10-11,20.8408,
2011-10-12,20.8160,
2011-10-13,20.8238,
2011-10-14,20.7735,
2011-10-17,20.8093,
2011-10-18,20.8206,
2011-10-19,20.7933,
2011-10-20,20.7971,
2011-10-21,20.7785,
2011-10-24,20.7946,
2011-10-25,20.8517,
2011-10-28,20.7890,
2011-10-31,20.7629,
2011-11-01,20.7209,
2011-11-02,20.7634,
2011-11-03,20.7670,
2011-11-04,20.6886,
2011-11-08,20.6224,
2011-11-09,20.6226,
2011-11-11,20.6080,
2011-11-14,20.6125,
2011-11-15,20.7024,
2011-11-16,20.7092,
2011-11-17,20.8362,
2011-11-18,20.8138,
2011-11-21,20.8336,
2011-11-22,20.8190,
2011-11-23,20.8523,
2011-11-24,20.8739,
2011-11-25,20.8619,
2011-11-28,20.8553,
2011-11-29,20.8719,
2011-11-30,21.0189,
2011-12-01,21.0760,
2011-12-02,21.1396,
2011-12-05,21.2279,
2011-12-07,21.2623,
2011-12-08,21.3015,
2011-12-09,21.3058,
2011-12-12,21.3746,
2011-12-13,21.4295,
2011-12-14,21.4013,
2011-12-15,21.4019,
2011-12-16,21.5025,
2011-12-19,21.5888,
2011-12-20,21.6290,
2011-12-21,21.5720,
2011-12-22,21.5817,
2011-12-23,21.5554,
2011-12-26,21.4507,
2011-12-27,21.4374,
2011-12-28,21.4438,
2011-12-29,21.4438,
2011-12-30,21.4550,
2012-01-02,21.4948,
2012-01-03,21.5344,
2012-01-04,21.5508,
2012-01-05,21.5845,
2012-01-06,21.7218,
2012-01-09,21.7794,
2012-01-10,21.7415,
2012-01-11,21.7449,
2012-01-12,21.7179,
2012-01-13,21.8140,
2012-01-16,21.8490,
2012-01-17,21.8522,
2012-01-18,21.8616,
2012-01-19,21.8687,
2012-01-20,21.8399,
2012-01-23,21.8770,
2012-01-24,21.7453,
2012-01-25,21.7763,
2012-01-27,21.7470,
2012-01-30,21.8112,
2012-01-31,21.8365,
2012-02-01,21.9603,
2012-02-02,21.9724,
2012-02-03,21.9629,
2012-02-06,21.9558,
2012-02-07,21.9559,
2012-02-08,21.9313,
2012-02-09,21.9070,
2012-02-10,21.9757,
2012-02-13,21.9785,
2012-02-14,22.0147,
2012-02-15,22.0163,
2012-02-17,22.0198,
2012-02-21,22.0351,
2012-02-22,21.9975,
2012-02-23,22.0035,
2012-02-24,21.9699,
2012-02-27,21.9912,
2012-02-28,22.0164,
2012-02-29,22.0338,
2012-03-01,21.9956,
2012-03-02,22.0247,
2012-03-05,22.0326,
2012-03-06,22.0413,
2012-03-07,22.0451,
2012-03-09,22.0287,
2012-03-12,22.0278,
2012-03-13,22.0167,
2012-03-14,22.0439,
2012-03-15,21.9962,
2012-03-16,21.9771,
2012-03-19,21.9925,
2012-03-20,21.9970,
2012-03-21,22.0185,
2012-03-22,22.0385,
2012-03-26,21.9608,
2012-03-27,21.9260,
2012-03-28,21.8660,
2012-03-29,21.8759,
2012-03-30,21.8750,
2012-04-03,21.7915,
2012-04-04,21.8231,
2012-04-09,21.8826,
2012-04-10,21.9201,
2012-04-11,21.9778,
2012-04-12,22.1244,
2012-04-13,22.0667,
2012-04-16,22.1135,
2012-04-17,22.1972,
2012-04-18,22.1857,
2012-04-19,22.1560,
2012-04-20,22.1145,
2012-04-23,22.1181,
2012-04-24,22.1255,
2012-04-25,22.1084,
2012-04-26,22.1117,
2012-04-27,22.1189,
2012-04-30,22.1288,
2012-05-02,22.1397,
2012-05-03,22.1439,
2012-05-04,22.1225,
2012-05-07,22.1082,
2012-05-08,22.2253,
2012-05-09,22.2028,
2012-05-10,22.2036,
2012-05-11,22.1962,
2012-05-14,22.2371,
2012-05-15,22.2679,
2012-05-16,22.2708,
2012-05-17,22.2839,
2012-05-18,22.2966,
2012-05-21,22.2993,
2012-05-22,22.3093,
2012-05-23,22.3249,
2012-05-24,22.3385,
2012-05-25,22.3277,
2012-05-28,22.3412,
2012-05-29,22.3370,
2012-05-30,22.3458,
2012-05-31,22.5174,
2012-06-01,22.5370,
2012-06-04,22.6072,
2012-06-05,22.6346,
2012-06-06,22.5953,
2012-06-07,22.6508,
2012-06-08,22.6218,
2012-06-11,22.6430,
2012-06-12,22.7215,
2012-06-13,22.7045,
2012-06-14,22.6584,
2012-06-15,22.6488,
2012-06-18,22.5789,
2012-06-19,22.5882,
2012-06-20,22.5928,
2012-06-21,22.6532,
2012-06-22,22.6661,
2012-06-25,22.6919,
2012-06-26,22.6746,
2012-06-27,22.6489,
2012-06-28,22.6439,
2012-06-29,22.6336,
2012-07-03,22.6711,
2012-07-04,22.6876,
2012-07-05,22.6864,
2012-07-06,22.6860,
2012-07-09,22.7088,
2012-07-10,22.7080,
2012-07-11,22.7317,
2012-07-12,22.7488,
2012-07-13,22.7438,
2012-07-16,22.8141,
2012-07-17,22.7744,
2012-07-18,22.7902,
2012-07-19,22.7828,
2012-07-20,22.8028,
2012-07-23,22.8347,
2012-07-24,22.8180,
2012-07-25,22.7852,
2012-07-26,22.7882,
2012-07-27,22.7874,
2012-07-30,22.7493,
2012-07-31,22.6721,
2012-08-01,22.6843,
2012-08-02,22.6896,
2012-08-03,22.6894,
2012-08-06,22.7012,
2012-08-07,22.7132,
2012-08-08,22.7086,
2012-08-09,22.7011,
2012-08-10,22.6953,
2012-08-13,22.6810,
2012-08-14,22.6868,
2012-08-16,22.6670,
2012-08-17,22.6855,
2012-08-21,22.6926,
2012-08-22,22.7232,
2012-08-23,22.7164,
2012-08-24,22.7433,
2012-08-27,22.7757,
2012-08-28,22.7961,
2012-08-29,22.8002,
2012-08-30,22.7817,
2012-09-05,22.8297,
2012-09-06,22.8527,
2012-09-07,22.8036,
2012-09-10,22.8530,
2012-09-11,22.8447,
2012-09-12,22.8323,
2012-09-13,22.8395,
2012-09-14,22.8400,
2012-09-17,22.8431,
2012-09-18,22.8746,
2012-09-20,22.9005,
2012-09-21,22.9033,
2012-09-24,22.9499,
2012-09-25,22.9158,
2012-09-26,22.9157,
2012-09-27,22.9369,
2012-09-28,22.9803,
2012-10-01,22.9983,
2012-10-03,23.0236,
2012-10-04,23.0105,
2012-10-05,23.0013,
2012-10-08,23.0385,
2012-10-09,23.0473,
2012-10-10,23.0408,
2012-10-11,23.0309,
2012-10-12,23.0602,
2012-10-15,23.0768,
2012-10-16,23.1290,
2012-10-17,23.1671,
2012-10-18,23.2186,
2012-10-19,23.2309,
2012-10-22,23.2262,
2012-10-23,23.2165,
2012-10-25,23.2494,
2012-10-29,23.2504,
2012-10-30,23.1819,
2012-10-31,23.1145,
2012-11-01,23.1524,
2012-11-02,23.1494,
2012-11-05,23.1674,
2012-11-06,23.1934,
2012-11-07,23.1992,
2012-11-08,23.2009,
2012-11-09,23.1732,
2012-11-12,23.1878,
2012-11-15,23.2186,
2012-11-16,23.2191,
2012-11-19,23.2349,
2012-11-20,23.2179,
2012-11-21,23.2158,
2012-11-22,23.1789,
2012-11-23,23.1309,
2012-11-26,23.1629,
2012-11-27,23.1902,
2012-11-29,23.1814,
2012-11-30,23.2387,
2012-12-03,23.2574,
2012-12-04,23.2831,
2012-12-05,23.3233,
2012-12-06,23.3259,
2012-12-07,23.3609,
2012-12-10,23.3748,
2012-12-11,23.3767,
2012-12-12,23.3746,
2012-12-13,23.4027,
2012-12-14,23.4245,
2012-12-17,23.4456,
2012-12-18,23.4393,
2012-12-19,23.4358,
2012-12-20,23.4432,
2012-12-21,23.4514,
2012-12-24,23.4845,
2012-12-26,23.5178,
2012-12-27,23.5488,
2012-12-28,23.5839,
2012-12-31,23.6619,
2013-01-01,23.8352,
2013-01-02,23.8463,
2013-01-03,23.9056,23.9094
2013-01-04,23.9609,23.9652
2013-01-07,24.0494,24.0550
2013-01-08,24.0627,24.0686
2013-01-09,24.0940,24.1015
2013-01-10,24.1382,24.1461
2013-01-11,24.1718,24.1801
2013-01-14,24.3316,24.3412
2013-01-15,24.2685,24.2784
2013-01-16,24.1767,24.1869
2013-01-17,24.2217,24.2323
2013-01-18,24.2100,24.2211
2013-01-21,24.2117,24.2240
2013-01-22,24.2198,24.2325
2013-01-23,24.1931,24.2061
2013-01-24,24.1622,24.1757
2013-01-28,24.2084,24.2234
2013-01-29,24.2042,24.2196
2013-01-30,24.1743,24.1901
2013-01-31,24.1605,24.1766
2013-02-01,24.1743,24.1908
2013-02-04,24.1406,24.1584
2013-02-05,24.1740,24.1922
2013-02-06,24.1974,24.2160
2013-02-07,24.2460,24.2650
2013-02-08,24.2968,24.3163
2013-02-11,24.2926,24.3133
2013-02-12,24.2755,24.2966
2013-02-13,24.3238,24.3453
2013-02-14,24.3686,24.3905
2013-02-15,24.3557,24.3780
2013-02-18,24.3751,24.3986
2013-02-20,24.4210,24.4453
2013-02-21,24.4096,24.4343
2013-02-22,24.4261,24.4513
2013-02-25,24.4365,24.4629
2013-02-26,24.4089,24.4357
2013-02-27,24.4223,24.4495
2013-02-28,24.3093,24.3368
2013-03-01,24.2722,24.3000
2013-03-04,24.3162,24.3453
2013-03-05,24.3413,24.3708
2013-03-06,24.3715,24.4015
2013-03-07,24.3741,24.4045
2013-03-08,24.4075,24.4383
2013-03-11,24.4090,24.4410
2013-03-12,24.3479,24.3802
2013-03-13,24.3279,24.3605
2013-03-14,24.3731,24.4062
2013-03-15,24.3785,24.4121
2013-03-18,24.3674,24.4021
2013-03-19,24.3388,24.3739
2013-03-20,24.3103,24.3458
2013-03-21,24.3092,24.3450
2013-03-22,24.2928,24.3290
2013-03-25,24.3272,24.3647
2013-03-26,24.2880,24.3258
2013-03-28,24.3124,24.3511
2013-04-02,24.2964,24.3371
2013-04-03,24.3615,24.4027
2013-04-04,24.3792,24.4208
2013-04-05,24.4402,24.4823
2013-04-08,24.5158,24.5592
2013-04-09,24.5702,24.6141
2013-04-10,24.5579,24.6022
2013-04-12,24.5836,24.6288
2013-04-15,24.6156,24.6620
2013-04-16,24.6457,24.6926
2013-04-17,24.7039,24.7513
2013-04-18,24.7617,24.8096
2013-04-22,24.8258,24.8755
2013-04-23,24.8798,24.9301
2013-04-25,24.8354,24.8864
2013-04-26,24.8822,24.9336
2013-04-29,24.8702,24.9224
2013-04-30,24.8991,24.9518
2013-05-02,24.9302,24.9835
2013-05-03,24.8648,24.9183
2013-05-06,24.8676,24.9219
2013-05-07,24.9145,24.9692
2013-05-08,25.0551,25.1104
2013-05-09,25.2522,25.3081
2013-05-10,25.3130,25.3694
2013-05-13,25.3301,25.3873
2013-05-14,25.4972,25.5551
2013-05-15,25.5374,25.5956
2013-05-16,25.6352,25.6940
2013-05-17,25.6312,25.6902
2013-05-20,25.7384,25.7986
2013-05-21,25.7259,25.7863
2013-05-22,25.7110,25.7716
2013-05-23,25.7007,25.7616
2013-05-24,25.7564,25.8177
2013-05-27,25.7847,25.8470
2013-05-28,25.7692,25.8317
2013-05-29,25.7122,25.7748
2013-05-30,25.6564,25.7191
2013-05-31,25.6084,25.6700
2013-06-03,25.6127,25.6751
2013-06-04,25.7247,25.7876
2013-06-05,25.6882,25.7513
2013-06-06,25.6761,25.7395
2013-06-07,25.6235,25.6870
2013-06-10,25.5205,25.5846
2013-06-11,25.4428,25.5070
2013-06-12,25.4473,25.5119
2013-06-13,25.4092,25.4739
2013-06-14,25.4314,25.4965
2013-06-17,25.5157,25.5818
2013-06-18,25.4961,25.5625
2013-06-19,25.4984,25.5650
2013-06-20,25.3798,25.4464
2013-06-21,25.3924,25.4593
2013-06-24,25.2999,25.3674
2013-06-25,25.2965,25.3642
2013-06-26,25.2098,25.2776
2013-06-27,25.2348,25.3029
2013-06-28,25.3462,25.4149
2013-07-02,25.3523,25.4222
2013-07-03,25.3024,25.3724
2013-07-04,25.3731,25.4436
2013-07-05,25.3656,25.4363
2013-07-08,25.3717,25.4433
2013-07-09,25.3860,25.4579
2013-07-10,25.4045,25.4768
2013-07-11,25.5017,25.5745
2013-07-12,25.4368,25.5097
2013-07-15,25.4219,25.4956
2013-07-16,24.9042,24.9766
2013-07-17,24.9400,25.0128
2013-07-18,25.0186,25.0919
2013-07-19,25.0700,25.1438
2013-07-22,24.8940,24.9681
2013-07-23,24.7891,24.8631
2013-07-24,24.5248,24.5983
2013-07-25,24.6441,24.7182
2013-07-26,24.6887,24.7633
2013-07-29,24.7171,24.7926
2013-07-30,24.5842,24.6595
2013-07-31,24.6341,24.7098
2013-08-01,24.8093,24.8858
2013-08-02,24.6959,24.7724
2013-08-05,24.8283,24.9060
2013-08-06,24.7894,24.8672
2013-08-07,24.7912,24.8693
2013-08-08,24.8690,24.9476
2013-08-12,24.6461,24.7251
2013-08-13,24.4275,24.5061
2013-08-14,24.3326,24.4112
2013-08-16,24.0528,24.1310
2013-08-19,23.6755,23.7532
2013-08-20,24.0271,24.1063
2013-08-21,24.7271,24.8088
2013-08-22,24.9551,25.0379
2013-08-23,24.9159,24.9988
2013-08-26,24.8505,24.9340
2013-08-27,24.4053,24.4876
2013-08-28,24.1718,24.2536
2013-08-29,24.3842,24.4670
2013-08-30,24.5023,24.5858
2013-09-02,24.7612,24.8461
2013-09-03,24.6159,24.7004
2013-09-04,24.8001,24.8853
2013-09-05,24.8662,24.9519
2013-09-06,24.6349,24.7199
2013-09-10,24.7568,24.8427
2013-09-11,24.7800,24.8662
2013-09-12,24.7065,24.7925
2013-09-13,24.7388,24.8251
2013-09-16,24.8028,24.8897
2013-09-17,24.7946,24.8816
2013-09-18,24.9449,25.0326
2013-09-19,25.3473,25.4365
2013-09-20,24.9190,25.0069
2013-09-23,24.6270,24.7143
2013-09-24,24.5610,24.6482
2013-09-25,24.5210,24.6082
2013-09-26,24.6025,24.6900
2013-09-27,24.6647,24.7526
2013-09-30,24.6258,24.7140
2013-10-01,24.7259,24.8146
2013-10-03,24.9072,24.9968
2013-10-04,24.9803,25.0703
2013-10-07,24.9358,25.0261
2013-10-08,25.2173,25.3087
2013-10-09,25.2948,25.3866
2013-10-10,25.3275,25.4196
2013-10-11,25.2447,25.3366
2013-10-14,25.1239,25.2158
2013-10-15,24.9854,25.0770
2013-10-17,25.0762,25.1683
2013-10-18,25.1772,25.2698
2013-10-21,25.1081,25.2009
2013-10-22,25.1092,25.2022
2013-10-23,25.0734,25.1663
2013-10-24,25.1545,25.2479
2013-10-25,25.1676,25.2612
2013-10-28,25.0594,25.1530
2013-10-29,25.2687,25.3632
2013-10-30,25.2385,25.3331
2013-10-31,25.1626,25.2570
2013-11-01,25.0529,25.1471
2013-11-05,25.0130,25.1076
2013-11-06,24.8902,24.9844
2013-11-07,24.8498,24.9440
2013-11-08,24.6424,24.7360
2013-11-11,24.7087,24.8029
2013-11-12,24.5626,24.6563
2013-11-13,24.7191,24.8136
2013-11-14,24.5950,24.6892
2013-11-18,24.6631,24.7581
2013-11-19,24.7946,24.8902
2013-11-20,24.7433,24.8388
2013-11-21,24.6691,24.7645
2013-11-22,24.5762,24.6714
2013-11-25,24.5329,24.6283
2013-11-26,24.5833,24.6790
2013-11-27,24.7017,24.7980
2013-11-28,24.6745,24.7709
2013-11-29,24.6462,24.7426
2013-12-02,24.6757,24.7726
2013-12-03,24.6559,24.7528
2013-12-04,24.6180,24.7150
2013-12-05,24.5994,24.6964
2013-12-06,24.4990,24.5957
2013-12-09,24.3792,24.4759
2013-12-10,24.4438,24.5409
2013-12-11,24.4521,24.5493
2013-12-12,24.4418,24.5392
2013-12-13,24.3406,24.4377
2013-12-16,24.3657,24.4633
2013-12-17,24.3186,24.4161
2013-12-18,24.4599,24.5581
2013-12-19,24.6368,24.7359
2013-12-20,24.5684,24.6674
2013-12-23,24.4921,24.5911
2013-12-24,24.4362,24.5351
2013-12-26,24.4281,24.5273
2013-12-27,24.4082,24.5074
2013-12-30,24.5497,24.6499
2013-12-31,24.6039,24.7045
2014-01-01,24.5722,24.6728
2014-01-02,24.5852,24.6860
2014-01-03,24.6155,24.7166
2014-01-06,24.6959,24.7977
2014-01-07,24.6958,24.7977
2014-01-08,24.6841,24.7861
2014-01-09,24.7566,24.8590
2014-01-10,24.7903,24.8930
2014-01-13,24.8690,24.9724
2014-01-15,24.9907,25.0949
2014-01-16,25.0344,25.1389
2014-01-17,24.9858,25.0903
2014-01-20,25.1312,25.2367
2014-01-21,25.0681,25.1735
2014-01-22,25.0094,25.1146
2014-01-23,24.9528,25.0580
2014-01-24,24.8328,24.9375
2014-01-27,24.7918,24.8969
2014-01-28,24.7907,24.8958
2014-01-29,24.7486,24.8537
2014-01-30,24.6777,24.7826
2014-01-31,24.7496,24.8550
2014-02-03,24.7841,24.8901
2014-02-04,24.8842,24.9908
2014-02-05,24.8348,24.9413
2014-02-06,24.8214,24.9281
2014-02-07,24.8285,24.9353
2014-02-10,24.8856,24.9931
2014-02-11,24.7816,24.8889
2014-02-12,24.6388,24.7456
2014-02-13,24.5999,24.7067
2014-02-14,24.6658,24.7730
2014-02-17,24.6689,24.7766
2014-02-18,24.7144,24.8224
2014-02-20,24.7079,24.8162
2014-02-21,24.7132,24.8217
2014-02-24,24.6406,24.7493
2014-02-25,24.6178,24.7266
2014-02-26,24.5979,24.7067
2014-02-28,24.6945,24.8040
2014-03-03,24.6769,24.7868
2014-03-04,24.7238,24.8341
2014-03-05,24.7266,24.8371
2014-03-06,24.7763,24.8871
2014-03-07,24.7699,24.8809
2014-03-10,24.8234,24.9351
2014-03-11,24.8818,24.9939
2014-03-12,24.8915,25.0038
2014-03-13,24.8821,24.9945
2014-03-14,24.8561,24.9686
2014-03-18,24.9050,25.0183
2014-03-19,24.9355,25.0491
2014-03-20,24.9202,25.0338
2014-03-21,24.9576,25.0716
2014-03-24,24.9978,25.1125
2014-03-25,25.0165,25.1314
2014-03-26,25.0310,25.1461
2014-03-27,25.0247,25.1399
2014-03-28,25.0367,25.1521
2014-04-02,24.9414,25.0572
2014-04-03,24.9238,25.0397
2014-04-04,24.8980,25.0139
2014-04-07,24.9030,25.0194
2014-04-09,24.9306,25.0474
2014-04-10,24.9533,25.0704
2014-04-11,25.0555,25.1733
2014-04-15,25.0595,25.1779
2014-04-16,25.0550,25.1736
2014-04-17,25.2450,25.3647
2014-04-21,25.3141,25.4347
2014-04-22,25.3682,25.4892
2014-04-23,25.3517,25.4728
2014-04-25,25.2981,25.4192
2014-04-28,25.3424,25.4642
2014-04-29,25.4102,25.5325
2014-04-30,25.4098,25.5323
2014-05-02,25.4487,25.5717
2014-05-05,25.5856,25.7098
2014-05-06,25.5596,25.6838
2014-05-07,25.5231,25.6473
2014-05-08,25.5764,25.7010
2014-05-09,25.6197,25.7446
2014-05-12,25.6337,25.7592
2014-05-13,25.5879,25.7133
2014-05-15,25.6092,25.7351
2014-05-16,25.6919,25.8183
2014-05-19,25.7247,25.8518
2014-05-20,25.7550,25.8825
2014-05-21,25.8120,25.9398
2014-05-22,25.8635,25.9918
2014-05-23,25.9874,26.1164
2014-05-26,25.9196,26.0488
2014-05-27,25.9556,26.0852
2014-05-28,25.9364,26.0660
2014-05-29,26.0071,26.1372
2014-05-30,26.0716,26.2023
2014-06-02,26.0606,26.1917
2014-06-03,26.2062,26.3382
2014-06-04,26.2599,26.3924
2014-06-05,26.4199,26.5533
2014-06-06,26.5165,26.6505
2014-06-09,26.4528,26.5870
2014-06-10,26.4313,26.5656
2014-06-11,26.4814,26.6161
2014-06-12,26.4664,26.6012
2014-06-13,26.4108,26.5454
2014-06-16,26.3514,26.4863
2014-06-17,26.4426,26.5781
2014-06-18,26.3437,26.4789
2014-06-19,26.3256,26.4609
2014-06-20,26.2711,26.4062
2014-06-23,26.2096,26.3449
2014-06-24,26.3025,26.4384
2014-06-25,26.3278,26.4640
2014-06-26,26.2970,26.4333
2014-06-27,26.2772,26.4135
2014-06-30,26.2988,26.4357
2014-07-02,26.4326,26.5706
2014-07-03,26.4369,26.5751
2014-07-04,26.4304,26.5687
2014-07-07,26.3941,26.5327
2014-07-08,26.3490,26.4875
2014-07-09,26.3554,26.4941
2014-07-10,26.2994,26.4380
2014-07-11,26.3028,26.4416
2014-07-14,26.2970,26.4363
2014-07-15,26.3793,26.5192
2014-07-16,26.4025,26.5427
2014-07-17,26.3872,26.5274
2014-07-18,26.3421,26.4823
2014-07-21,26.4805,26.6219
2014-07-22,26.4893,26.6309
2014-07-23,26.5411,26.6832
2014-07-24,26.5668,26.7092
2014-07-25,26.5367,26.6791
2014-07-28,26.4956,26.6383
2014-07-30,26.4723,26.6151
2014-07-31,26.4905,26.6336
2014-08-01,26.4468,26.5898
2014-08-04,26.5000,26.6438
2014-08-05,26.3773,26.5207
2014-08-06,26.3519,26.4953
2014-08-07,26.3843,26.5280
2014-08-08,26.3878,26.5318
2014-08-11,26.4466,26.5913
2014-08-12,26.4022,26.5468
2014-08-13,26.5336,26.6791
2014-08-14,26.6222,26.7682
2014-08-19,26.6363,26.7830
2014-08-20,26.7700,26.9177
2014-08-21,26.7326,26.8802
2014-08-22,26.7403,26.8880
2014-08-25,26.6914,26.8393
2014-08-26,26.7000,26.8480
2014-08-27,26.7159,26.8641
2014-08-28,26.7076,26.8559
2014-09-01,26.7363,26.8852
2014-09-02,26.7757,26.9250
2014-09-03,26.7622,26.9116
2014-09-04,26.7682,26.9177
2014-09-05,26.7793,26.9290
2014-09-08,26.8263,26.9766
2014-09-09,26.7955,26.9458
2014-09-10,26.7734,26.9237
2014-09-11,26.8257,26.9764
2014-09-12,26.8237,26.9745
2014-09-15,26.8361,26.9873
2014-09-16,26.8564,27.0079
2014-09-17,26.8638,27.0155
2014-09-18,26.9186,27.0707
2014-09-19,26.9147,27.0669
2014-09-22,26.9475,27.1003
2014-09-23,26.9046,27.0573
2014-09-24,26.8929,27.0456
2014-09-25,26.8929,27.0458
2014-09-26,27.0111,27.1648
2014-09-29,26.9449,27.0985
2014-09-30,26.9068,27.0604
2014-10-01,26.9645,27.1186
2014-10-07,27.0728,27.2282
2014-10-08,27.1598,27.3158
2014-10-09,27.0638,27.2194
2014-10-10,27.0754,27.2312
2014-10-13,27.1611,27.3177
2014-10-14,27.2440,27.4013
2014-10-16,27.3346,27.4926
2014-10-17,27.3307,27.4888
2014-10-20,27.4264,27.5855
2014-10-21,27.4772,27.6368
2014-10-22,27.5209,27.6808
2014-10-27,27.6643,27.8256
2014-10-28,27.7239,27.8858
2014-10-29,27.7379,27.9000
2014-10-30,27.8514,28.0142
2014-10-31,28.0008,28.1647
2014-11-03,28.0827,28.2475
2014-11-05,28.2796,28.4457
2014-11-07,28.2597,28.4260
2014-11-10,28.3341,28.5012
2014-11-11,28.3172,28.4844
2014-11-12,28.3663,28.5339
2014-11-13,28.2951,28.4624
2014-11-14,28.2432,28.4103
2014-11-17,28.3253,28.4934
2014-11-18,28.3793,28.5478
2014-11-19,28.3817,28.5503
2014-11-20,28.3827,28.5515
2014-11-21,28.3933,28.5623
2014-11-24,28.4225,28.5920
2014-11-25,28.4420,28.6118
2014-11-26,28.4673,28.6374
2014-11-27,28.4796,28.6499
2014-11-28,28.6521,28.8236
2014-12-01,28.7928,28.9655
2014-12-02,29.0453,29.2196
2014-12-03,29.0514,29.2259
2014-12-04,29.0592,29.2339
2014-12-05,29.1562,29.3316
2014-12-08,29.2264,29.4027
2014-12-09,29.3511,29.5282
2014-12-10,29.3670,29.5444
2014-12-11,29.5495,29.7282
2014-12-12,29.6538,29.8331
2014-12-15,29.6481,29.8279
2014-12-16,29.2728,29.4504
2014-12-17,29.2887,29.4666
2014-12-18,29.3808,29.5594
2014-12-19,29.2718,29.4498
2014-12-22,29.2405,29.4187
2014-12-23,29.2864,29.4651
2014-12-24,29.2525,29.4311
2014-12-26,29.1768,29.3552
2014-12-29,29.3084,29.4880
2014-12-30,29.4517,29.6323
2014-12-31,29.4748,29.6557
2015-01-01,29.4402,29.6211
2015-01-02,29.3535,29.5340
2015-01-05,29.3069,29.4875
2015-01-06,29.2919,29.4725
2015-01-07,29.4026,29.5840
2015-01-08,29.4224,29.6041
2015-01-09,29.4240,29.6058
2015-01-12,29.5485,29.7315
2015-01-13,29.6613,29.8451
2015-01-14,29.6633,29.8473
2015-01-15,29.9531,30.1391
2015-01-16,30.0422,30.2288
2015-01-19,29.9999,30.1867
2015-01-20,30.0601,30.2475
2015-01-21,30.2012,30.3896
2015-01-22,30.2025,30.3910
2015-01-23,30.2461,30.4350
2015-01-27,30.2790,30.4687
2015-01-28,30.3258,30.5159
2015-01-29,30.3294,30.5197
2015-01-30,30.3874,30.5782
2015-02-02,30.5520,30.7440
2015-02-03,30.4531,30.6446
2015-02-04,30.4248,30.6162
2015-02-05,30.4699,30.6616
2015-02-06,30.4843,30.6762
2015-02-09,30.4645,30.6564
2015-02-10,30.4759,30.6679
2015-02-11,30.4405,30.6324
2015-02-12,30.4036,30.5953
2015-02-13,30.5228,30.7152
2015-02-16,30.4862,30.6786
2015-02-18,30.4949,30.6875
2015-02-20,30.5219,30.7147
2015-02-23,30.5287,30.7217
2015-02-24,30.5026,30.6955
2015-02-25,30.5106,30.7036
2015-02-26,30.4781,30.6709
2015-02-27,30.5385,30.7318
2015-03-02,30.5144,30.7076
2015-03-03,30.4562,30.6492
2015-03-04,30.5425,30.7360
2015-03-05,30.4522,30.6452
2015-03-09,30.3870,30.5798
2015-03-10,30.3096,30.5020
2015-03-11,30.3126,30.5050
2015-03-12,30.3677,30.5606
2015-03-13,30.2874,30.4798
2015-03-16,30.2718,30.4642
2015-03-17,30.3262,30.5190
2015-03-18,30.2773,30.4699
2015-03-19,30.3461,30.5392
2015-03-20,30.3318,30.5248
2015-03-23,30.3298,30.5229
2015-03-24,30.3032,30.4962
2015-03-25,30.2295,30.4221
2015-03-26,30.1754,30.3677
2015-03-27,30.1944,30.3868
2015-03-30,30.2864,30.4796
2015-03-31,30.3768,30.5706
2015-04-06,30.4686,30.6633
2015-04-07,30.3324,30.5263
2015-04-08,30.3432,30.5372
2015-04-09,30.3559,30.5500
2015-04-10,30.3241,30.5181
2015-04-13,30.3318,30.5260
2015-04-15,30.3582,30.5527
2015-04-16,30.3417,30.5361
2015-04-17,30.3534,30.5480
2015-04-20,30.3766,30.5714
2015-04-21,30.4090,30.6041
2015-04-22,30.4588,30.6542
2015-04-23,30.4538,30.6493
2015-04-24,30.3978,30.5929
2015-04-27,30.4222,30.6177
2015-04-28,30.4456,30.6412
2015-04-29,30.3582,30.5534
2015-04-30,30.3128,30.5078
2015-05-05,30.3665,30.5620
2015-05-06,30.2702,30.4652
2015-05-07,30.0918,30.2857
2015-05-08,30.0717,30.2655
2015-05-11,30.2083,30.4031
2015-05-12,30.1186,30.3129
2015-05-13,30.1057,30.3000
2015-05-14,30.1279,30.3223
2015-05-15,30.0883,30.2827
2015-05-18,30.1661,30.3617
2015-05-19,30.2714,30.4679
2015-05-20,30.2958,30.4927
2015-05-21,30.2738,30.4708
2015-05-22,30.2863,30.4836
2015-05-25,30.2939,30.4918
2015-05-26,30.2496,30.4475
2015-05-27,30.2794,30.4778
2015-05-28,30.3201,30.5189
2015-05-29,30.3834,30.5829
2015-06-01,30.3857,30.5859
2015-06-02,30.1708,30.3698
2015-06-03,30.1021,30.3009
2015-06-04,29.9619,30.1600
2015-06-05,29.9871,30.1855
2015-06-08,29.9562,30.1551
2015-06-09,30.0229,30.2225
2015-06-10,29.9282,30.1273
2015-06-11,29.8235,30.0222
2015-06-12,29.7646,29.9631
2015-06-15,29.8244,30.0240
2015-06-16,29.7632,29.9626
2015-06-17,29.8783,30.0787
2015-06-18,30.0931,30.2952
2015-06-19,30.2586,30.4620
2015-06-22,30.2268,30.4307
2015-06-23,30.2104,30.4143
2015-06-24,30.1107,30.3142
2015-06-25,30.0348,30.2380
2015-06-26,30.0493,30.2529
2015-06-29,29.9709,30.1746
2015-06-30,30.0553,30.2598
2015-07-01,30.1243,30.3295
2015-07-02,30.1724,30.3781
2015-07-03,30.2181,30.4244
2015-07-06,30.3647,30.5727
2015-07-07,30.3502,30.5583
2015-07-08,30.3791,30.5876
2015-07-09,30.3698,30.5785
2015-07-10,30.3455,30.5542
2015-07-13,30.1843,30.3926
2015-07-14,30.2252,30.4340
2015-07-15,30.2225,30.4315
2015-07-16,30.2165,30.4257
2015-07-17,30.2385,30.4481
2015-07-20,30.2740,30.4845
2015-07-21,30.2544,30.4649
2015-07-22,30.2541,30.4649
2015-07-23,30.3037,30.5151
2015-07-24,30.2872,30.4987
2015-07-27,30.3266,30.5390
2015-07-28,30.4528,30.6663
2015-07-29,30.4604,30.6742
2015-07-30,30.4396,30.6535
2015-07-31,30.4863,30.7008
2015-08-03,30.5045,30.7201
2015-08-04,30.4520,30.6676
2015-08-05,30.4541,30.6700
2015-08-06,30.5073,30.7239
2015-08-07,30.5098,30.7268
2015-08-10,30.5645,30.7829
2015-08-11,30.5592,30.7778
2015-08-12,30.5727,30.7919
2015-08-13,30.6800,30.9002
2015-08-14,30.7369,30.9579
2015-08-17,30.7511,30.9732
2015-08-19,30.7790,31.0020
2015-08-20,30.7787,31.0020
2015-08-21,30.7061,30.9293
2015-08-24,30.4981,30.7207
2015-08-25,30.6079,30.8317
2015-08-26,30.7103,30.9352
2015-08-27,30.7639,30.9895
2015-08-28,30.7417,30.9675
2015-08-31,30.7449,30.9717
2015-09-01,30.8215,31.0492
2015-09-02,30.8418,31.0700
2015-09-03,30.8434,31.0720
2015-09-04,30.8000,31.0286
2015-09-07,30.7685,30.9978
2015-09-08,30.8296,31.0598
2015-09-09,30.8541,31.0847
2015-09-10,30.8162,31.0469
2015-09-11,30.8272,31.0584
2015-09-14,30.8862,31.1188
2015-09-15,30.8883,31.1212
2015-09-16,30.9263,31.1599
2015-09-18,31.0781,31.3136
2015-09-21,31.0640,31.3003
2015-09-22,31.0658,31.3025
2015-09-23,31.0755,31.3126
2015-09-24,31.0622,31.2995
2015-09-28,31.0763,31.3152
2015-09-29,31.3039,31.5448
2015-09-30,31.4964,31.7392
2015-10-01,31.4506,31.6933
2015-10-05,31.5741,31.8193
2015-10-06,31.5460,31.7913
2015-10-07,31.5206,31.7660
2015-10-08,31.5664,31.8126
2015-10-09,31.5999,31.8466
2015-10-12,31.5178,31.7650
2015-10-13,31.5428,31.7905
2015-10-14,31.5576,31.8058
2015-10-15,31.5617,31.8103
2015-10-16,31.5607,31.8096
2015-10-19,31.5603,31.8102
2015-10-20,31.5963,31.8469
2015-10-21,31.5902,31.8411
2015-10-23,31.5939,31.8455
2015-10-26,31.5380,31.7902
2015-10-27,31.5638,31.8165
2015-10-28,31.5685,31.8216
2015-10-29,31.5087,31.7616
2015-10-30,31.4948,31.7480
2015-11-02,31.5502,31.8049
2015-11-03,31.5424,31.7974
2015-11-04,31.5007,31.7556
2015-11-05,31.4609,31.7159
2015-11-06,31.4699,31.7253
2015-11-09,31.3597,31.6152
2015-11-10,31.4149,31.6712
2015-11-13,31.4990,31.7570
2015-11-16,31.5057,31.7648
2015-11-17,31.4978,31.7571
2015-11-18,31.4718,31.7313
2015-11-19,31.4699,31.7297
2015-11-20,31.4051,31.6647
2015-11-23,31.3665,31.6268
2015-11-24,31.4071,31.6681
2015-11-26,31.3781,31.6396
2015-11-27,31.2965,31.5576
2015-11-30,31.2787,31.5406
2015-12-01,31.3481,31.6110
2015-12-02,31.3331,31.5961
2015-12-03,31.3997,31.6637
2015-12-04,31.2821,31.5455
2015-12-07,31.3034,31.5679
2015-12-08,31.2534,31.5179
2015-12-09,31.2617,31.5266
2015-12-10,31.2412,31.5062
2015-12-11,31.2985,31.5643
2015-12-14,31.1714,31.4372
2015-12-15,31.2123,31.4788
2015-12-16,31.3145,31.5821
2015-12-17,31.3258,31.5939
2015-12-18,31.2739,31.5418
2015-12-21,31.2021,31.4704
2015-12-22,31.2543,31.5234
2015-12-23,31.2710,31.5406
2015-12-28,31.2805,31.5519
2015-12-29,31.2500,31.5215
2015-12-30,31.2598,31.5317
2015-12-31,31.2728,31.5451
2016-01-01,31.3163,31.5894
2016-01-04,31.3057,31.5797
2016-01-05,31.3282,31.6027
2016-01-06,31.3242,31.5990
2016-01-07,31.3552,31.6306
2016-01-08,31.3702,31.6461
2016-01-11,31.3518,31.6286
2016-01-12,31.3290,31.6059
2016-01-13,31.2895,31.5663
2016-01-14,31.2220,31.4986
2016-01-15,31.1137,31.3897
2016-01-18,31.0878,31.3646
2016-01-19,31.1297,31.4072
2016-01-20,31.1738,31.4520
2016-01-21,31.3418,31.6218
2016-01-22,31.2788,31.5586
2016-01-25,31.2121,31.4923
2016-01-27,31.2249,31.5059
2016-01-28,31.1581,31.4389
2016-01-29,31.1553,31.4363
2016-02-01,31.1531,31.4350
2016-02-02,31.0200,31.3010
2016-02-03,31.0008,31.2819
2016-02-04,31.0317,31.3132
2016-02-05,31.0716,31.3537
2016-02-08,31.0749,31.3577
2016-02-09,31.0715,31.3545
2016-02-10,31.0803,31.3637
2016-02-11,31.0913,31.3749
2016-02-12,31.0804,31.3642
2016-02-15,31.0582,31.3425
2016-02-16,30.9810,31.2649
2016-02-17,30.9320,31.2156
2016-02-18,30.9709,31.2551
2016-02-22,30.9179,31.2026
2016-02-23,30.7968,31.0806
2016-02-24,30.7743,31.0581
2016-02-25,30.6994,30.9827
2016-02-26,30.8030,31.0876
2016-02-29,31.1870,31.4757
2016-03-01,31.2059,31.4951
2016-03-02,31.1954,31.4847
2016-03-03,31.1672,31.4565
2016-03-04,31.1748,31.4644
2016-03-08,31.1429,31.4331
2016-03-09,31.1656,31.4562
2016-03-10,31.1844,31.4755
2016-03-11,31.1748,31.4660
2016-03-14,31.2576,31.5502
2016-03-15,31.2639,31.5569
2016-03-16,31.2892,31.5826
2016-03-17,31.3409,31.6351
2016-03-18,31.3162,31.6103
2016-03-21,31.3704,31.6657
2016-03-22,31.3854,31.6811
2016-03-23,31.4046,31.7007
2016-03-28,31.4838,31.7822
2016-03-29,31.4676,31.7661
2016-03-30,31.4999,31.7990
2016-03-31,31.5700,31.8700
2016-04-04,31.6504,31.9520
2016-04-05,31.6125,31.9140
2016-04-06,31.6468,31.9489
2016-04-07,31.7224,32.0255
2016-04-11,31.8235,32.1285
2016-04-12,31.8471,32.1526
2016-04-13,31.7846,32.0897
2016-04-18,31.8587,32.1657
2016-04-20,31.8373,32.1446
2016-04-21,31.7660,32.0728
2016-04-22,31.8274,32.1350
2016-04-25,31.8008,32.1089
2016-04-26,31.8164,32.1249
2016-04-27,31.8370,32.1460
2016-04-28,31.8730,32.1825
2016-04-29,31.9231,32.2333
2016-05-02,31.9299,32.2410
2016-05-03,31.8919,32.2028
2016-05-04,31.9177,32.2291
2016-05-05,31.9131,32.2247
2016-05-06,31.9317,32.2438
2016-05-09,31.9828,32.2961
2016-05-10,31.9874,32.3010
2016-05-11,31.9900,32.3038
2016-05-12,32.0080,32.3223
2016-05-13,31.9739,32.2880
2016-05-16,31.9817,32.2967
2016-05-17,31.9778,32.2930
2016-05-18,31.9293,32.2443
2016-05-19,31.9525,32.2680
2016-05-20,31.9476,32.2633
2016-05-23,31.9921,32.3090
2016-05-24,31.9880,32.3051
2016-05-25,31.9986,32.3160
2016-05-26,31.9861,32.3036
2016-05-27,31.9861,32.3039
2016-05-30,32.0163,32.3351
2016-05-31,32.0063,32.3252
2016-06-01,31.9774,32.2963
2016-06-02,31.9932,32.3125
2016-06-03,32.0043,32.3240
2016-06-06,32.0547,32.3757
2016-06-07,32.0394,32.3604
2016-06-08,32.0354,32.3566
2016-06-09,32.0459,32.3675
2016-06-10,32.0387,32.3605
2016-06-13,31.9924,32.3144
2016-06-14,32.0151,32.3376
2016-06-15,32.0238,32.3467
2016-06-16,32.0465,32.3699
2016-06-17,32.0636,32.3874
2016-06-20,32.0875,32.4123
2016-06-21,32.1078,32.4330
2016-06-22,32.1815,32.5077
2016-06-23,32.1889,32.5155
2016-06-24,32.2239,32.5510
2016-06-27,32.3357,32.6647
2016-06-28,32.3953,32.7252
2016-06-29,32.4861,32.8171
2016-06-30,32.4736,32.8048
2016-07-01,32.5341,32.8661
2016-07-04,32.5520,32.8850
2016-07-05,32.6206,32.9545
2016-07-07,32.6612,32.9961
2016-07-08,32.6942,33.0297
2016-07-11,32.7403,33.0769
2016-07-12,32.8713,33.2096
2016-07-13,32.9954,33.3352
2016-07-14,33.0147,33.3550
2016-07-15,33.0581,33.3991
2016-07-18,33.0439,33.3856
2016-07-19,33.1196,33.4623
2016-07-20,33.1802,33.5237
2016-07-21,33.2447,33.5891
2016-07-22,33.2597,33.6046
2016-07-25,33.3004,33.6465
2016-07-26,33.3188,33.6653
2016-07-27,33.3280,33.6749
2016-07-28,33.5727,33.9224
2016-07-29,33.6369,33.9875
2016-08-01,33.7438,34.0964
2016-08-02,33.6637,34.0157
2016-08-03,33.6010,33.9526
2016-08-04,33.6720,34.0246
2016-08-05,33.6979,34.0512
2016-08-08,33.7214,34.0757
2016-08-09,33.8725,34.2287
2016-08-10,33.9665,34.3240
2016-08-11,34.0319,34.3904
2016-08-12,34.0105,34.3690
2016-08-16,34.0156,34.3754
2016-08-18,33.9346,34.2941
2016-08-19,34.0410,34.4019
2016-08-22,33.9108,34.2712
2016-08-23,33.9231,34.2839
2016-08-24,33.9834,34.3452
2016-08-25,34.0251,34.3876
2016-08-26,34.0290,34.3918
2016-08-29,34.0806,34.4448
2016-08-30,34.1133,34.4782
2016-08-31,34.1169,34.4821
2016-09-01,34.1004,34.4658
2016-09-02,34.0925,34.4581
2016-09-06,34.1547,34.5221
2016-09-07,34.2625,34.6313
2016-09-08,34.2720,34.6412
2016-09-09,34.2528,34.6222
2016-09-12,34.1943,34.5638
2016-09-14,34.1914,34.5615
2016-09-15,34.2166,34.5873
2016-09-16,34.2373,34.6085
2016-09-19,34.2428,34.6149
2016-09-20,34.2014,34.5734
2016-09-21,34.2654,34.6384
2016-09-22,34.4353,34.8105
2016-09-23,34.4899,34.8659
2016-09-26,34.6238,35.0022
2016-09-27,34.6683,35.0474
2016-09-28,34.7276,35.1077
2016-09-29,34.5299,34.9081
2016-09-30,34.6204,34.9999
2016-10-03,34.7695,35.1516
2016-10-04,34.8137,35.1965
2016-10-05,34.9471,35.3317
2016-10-06,34.8876,35.2719
2016-10-07,34.8060,35.1896
2016-10-10,34.8829,35.2683
2016-10-13,34.8362,35.2220
2016-10-14,34.7535,35.1387
2016-10-17,34.7730,35.1593
2016-10-18,34.8399,35.2273
2016-10-19,34.8237,35.2112
2016-10-20,34.7915,35.1789
2016-10-21,34.8012,35.1889
2016-10-24,34.8127,35.2015
2016-10-25,34.7793,35.1681
2016-10-26,34.7993,35.1886
2016-10-27,34.7509,35.1399
2016-10-28,34.7569,35.1462
2016-11-01,34.7150,35.1051
2016-11-02,34.7221,35.1126
2016-11-03,34.7163,35.1069
2016-11-04,34.6551,35.0454
2016-11-07,34.6761,35.0673
2016-11-08,34.7525,35.1449
2016-11-09,35.0652,35.4614
2016-11-10,35.1503,35.5477
2016-11-11,34.9904,35.3863
2016-11-15,35.5204,35.9234
2016-11-16,35.7338,36.1395
2016-11-17,35.7925,36.1991
2016-11-18,35.7620,36.1685
2016-11-21,36.2142,36.6268
2016-11-22,36.2908,36.7045
2016-11-23,36.4944,36.9107
2016-11-24,36.8275,37.2479
2016-11-25,36.7180,37.1374
2016-11-28,36.5176,36.9356
2016-11-29,36.5064,36.9246
2016-11-30,36.6931,37.1137
2016-12-01,36.7453,37.1667
2016-12-02,36.6880,37.1091
2016-12-05,36.7266,37.1490
2016-12-06,36.7417,37.1645
2016-12-07,36.3188,36.7370
2016-12-08,36.2996,36.7178
2016-12-09,36.2382,36.6560
2016-12-13,36.2812,36.7007
2016-12-14,36.2829,36.7027
2016-12-15,36.0453,36.4627
2016-12-16,36.0702,36.4880
2016-12-19,36.0840,36.5029
2016-12-20,36.1188,36.5384
2016-12-21,36.1433,36.5634
2016-12-22,36.0659,36.4855
2016-12-23,36.0162,36.4355
2016-12-26,35.9498,36.3691
2016-12-27,35.9320,36.3514
2016-12-28,35.9578,36.3778
2016-12-29,36.0923,36.5141
2016-12-30,36.1191,36.5414
2017-01-02,36.5892,37.0180
2017-01-03,36.6050,37.0342
2017-01-04,36.7753,37.2068
2017-01-05,36.7425,37.1739
2017-01-06,36.7351,37.1667
2017-01-09,36.7467,37.1793
2017-01-10,36.7420,37.1748
2017-01-11,36.7587,37.1920
2017-01-12,36.8039,37.2380
2017-01-13,36.7226,37.1560
2017-01-16,36.6933,37.1272
2017-01-17,36.7448,37.1796
2017-01-18,36.6869,37.1214
2017-01-19,36.6389,37.0730
2017-01-20,36.6636,37.0983
2017-01-23,36.7087,37.1449
2017-01-24,36.7505,37.1874
2017-01-25,36.8075,37.2454
2017-01-27,36.8684,37.3076
2017-01-30,36.8594,37.2993
2017-01-31,36.8734,37.3137
2017-02-01,36.8742,37.3149
2017-02-02,36.9263,37.3678
2017-02-03,36.9153,37.3568
2017-02-06,36.9051,37.3472
2017-02-07,36.8759,37.3179
2017-02-08,36.3033,36.7387
2017-02-09,36.1038,36.5370
2017-02-10,36.2156,36.6505
2017-02-13,36.1951,36.6304
2017-02-14,36.1425,36.5773
2017-02-15,36.1685,36.6039
2017-02-16,36.2093,36.6455
2017-02-17,36.2050,36.6413
2017-02-20,36.1428,36.5791
2017-02-22,36.0841,36.5201
2017-02-23,36.1388,36.5757
2017-02-27,36.2099,36.6486
2017-02-28,36.2463,36.6856
2017-03-01,36.1379,36.5762
2017-03-02,36.2508,36.6906
2017-03-03,36.3814,36.8231
2017-03-06,36.2372,36.6779
2017-03-07,36.2792,36.7205
2017-03-08,36.2653,36.7067
2017-03-09,36.2635,36.7051
2017-03-10,36.2018,36.6429
2017-03-14,36.2205,36.6628
2017-03-15,36.3734,36.8178
2017-03-16,36.3717,36.8163
2017-03-17,36.3806,36.8255
2017-03-20,36.3546,36.7999
2017-03-21,36.3876,36.8335
2017-03-22,36.5865,37.0351
2017-03-23,36.6381,37.0876
2017-03-24,36.6945,37.1449
2017-03-27,36.9517,37.4060
2017-03-29,36.9506,37.4053
2017-03-30,36.9759,37.4312
2017-03-31,36.9519,37.4071
2017-04-03,36.9684,37.4245
2017-04-05,36.9305,37.3866
2017-04-06,36.7350,37.1890
2017-04-07,36.6551,37.1083
2017-04-10,36.6752,37.1293
2017-04-11,36.7603,37.2157
2017-04-12,36.7911,37.2471
2017-04-13,36.8338,37.2906
2017-04-17,36.8656,37.3237
2017-04-18,36.8780,37.3365
2017-04-19,36.9251,37.3845
2017-04-20,36.9317,37.3913
2017-04-21,36.8928,37.3522
2017-04-24,36.9052,37.3655
2017-04-25,36.9634,37.4246
2017-04-26,36.9399,37.4011
2017-04-27,36.9382,37.3996
2017-04-28,36.9387,37.4003
2017-05-02,36.9135,37.3757
2017-05-03,36.9548,37.4178
2017-05-04,36.9500,37.4132
2017-05-05,36.9901,37.4540
2017-05-08,37.0298,37.4950
2017-05-09,37.0454,37.5110
2017-05-11,37.0542,37.5204
2017-05-12,37.1104,37.5775
2017-05-15,37.3086,37.7789
2017-05-16,37.2432,37.7129
2017-05-17,37.2545,37.7246
2017-05-18,37.2834,37.7541
2017-05-19,37.2703,37.7411
2017-05-22,37.4029,37.8761
2017-05-23,37.4030,37.8765
2017-05-24,37.3885,37.8620
2017-05-25,37.4355,37.9098
2017-05-26,37.4836,37.9587
2017-05-29,37.4611,37.9367
2017-05-30,37.4764,37.9524
2017-05-31,37.5041,37.9807
2017-06-01,37.6295,38.1079
2017-06-02,37.6303,38.1090
2017-06-05,37.6247,38.1040
2017-06-06,37.6558,38.1358
2017-06-07,37.9181,38.4016
2017-06-08,38.1169,38.6032
2017-06-09,38.1606,38.6478
2017-06-12,38.1359,38.6234
2017-06-13,38.2234,38.7123
2017-06-14,38.2503,38.7398
2017-06-15,38.2310,38.7205
2017-06-16,38.2216,38.7112
2017-06-19,38.2710,38.7620
2017-06-20,38.3138,38.8056
2017-06-21,38.3450,38.8374
2017-06-22,38.3036,38.7957
2017-06-23,38.2985,38.7908
2017-06-27,38.2866,38.7797
2017-06-28,38.1502,38.6419
2017-06-29,38.1584,38.6504
2017-06-30,38.1657,38.6581
2017-07-03,37.9844,38.4751
2017-07-04,37.9757,38.4666
2017-07-05,38.0073,38.4987
2017-07-06,38.0299,38.5219
2017-07-07,38.0753,38.5681
2017-07-10,38.3173,38.8140
2017-07-11,38.2686,38.7650
2017-07-12,38.3271,38.8244
2017-07-13,38.3559,38.8539
2017-07-14,38.3085,38.8060
2017-07-17,38.3380,38.8367
2017-07-18,38.3582,38.8574
2017-07-19,38.4029,38.9029
2017-07-20,38.4064,38.9067
2017-07-21,38.4974,38.9991
2017-07-24,38.5530,39.0562
2017-07-25,38.4963,38.9991
2017-07-26,38.4706,38.9732
2017-07-27,38.4812,38.9842
2017-07-28,38.4361,38.9388
2017-07-31,38.4122,38.9153
2017-08-01,38.4683,38.9723
2017-08-02,38.4375,38.9414
2017-08-03,38.5875,39.0936
2017-08-04,38.5807,39.0870
2017-08-07,38.5499,39.0564
2017-08-08,38.5476,39.0544
2017-08-09,38.5296,39.0364
2017-08-10,38.4491,38.9551
2017-08-11,38.4291,38.9350
2017-08-14,38.4246,38.9312
2017-08-16,38.3979,38.9045
2017-08-18,38.4582,38.9661
2017-08-21,38.4541,38.9627
2017-08-22,38.4182,38.9266
2017-08-23,38.4263,38.9350
2017-08-24,38.4294,38.9384
2017-08-28,38.3952,38.9046
2017-08-29,38.4689,38.9796
2017-08-30,38.4613,38.9721
2017-08-31,38.4879,38.9993
2017-09-01,38.5901,39.1030
2017-09-04,38.5767,39.0902
2017-09-05,38.5834,39.0972
2017-09-06,38.5965,39.1107
2017-09-07,38.5891,39.1035
2017-09-08,38.5521,39.0662
2017-09-11,38.5373,39.0520
2017-09-12,38.5344,39.0493
2017-09-13,38.4864,39.0009
2017-09-14,38.4847,38.9994
2017-09-15,38.4507,38.9651
2017-09-18,38.4371,38.9520
2017-09-19,38.4574,38.9728
2017-09-20,38.4948,39.0110
2017-09-21,38.3175,38.8315
2017-09-22,38.3258,38.8401
2017-09-25,38.4228,38.9391
2017-09-26,38.3364,38.8518
2017-09-27,38.3344,38.8501
2017-09-28,38.3879,38.9045
2017-09-29,38.3620,38.8785
2017-10-03,38.4173,38.9354
2017-10-04,38.3057,38.8226
2017-10-05,38.2361,38.7523
2017-10-06,38.1913,38.7071
2017-10-09,38.1659,38.6821
2017-10-10,38.2330,38.7503
2017-10-11,38.2428,38.7605
2017-10-12,38.2267,38.7444
2017-10-13,38.3024,38.8213
2017-10-16,38.3192,38.8391
2017-10-17,38.2709,38.7904
2017-10-18,38.2914,38.8114
2017-10-23,38.2436,38.7642
2017-10-24,38.2833,38.8046
2017-10-25,38.2297,38.7505
2017-10-26,38.2789,38.8006
2017-10-27,38.2739,38.7958
2017-10-30,38.1562,38.6771
2017-10-31,38.2349,38.7572
2017-11-01,38.1782,38.7000
2017-11-02,38.2567,38.7798
2017-11-03,38.2785,38.8022
2017-11-06,38.2216,38.7454
2017-11-07,38.1693,38.6927
2017-11-08,38.1545,38.6780
2017-11-09,38.1809,38.7050
2017-11-10,38.1486,38.6726
2017-11-13,38.1247,38.6492
2017-11-14,38.0211,38.5445
2017-11-15,38.0658,38.5901
2017-11-16,37.9933,38.5169
2017-11-17,38.0153,38.5394
2017-11-20,38.2892,38.8180
2017-11-21,38.2574,38.7860
2017-11-22,38.1116,38.6385
2017-11-23,38.0991,38.6261
2017-11-24,38.1249,38.6525
2017-11-27,38.0738,38.6015
2017-11-28,38.1117,38.6403
2017-11-29,38.1347,38.6639
2017-11-30,38.0882,38.6171
2017-12-04,38.0571,38.5867
2017-12-05,38.1098,38.6404
2017-12-06,38.1668,38.6984
2017-12-07,38.1417,38.6733
2017-12-08,38.0868,38.6179
2017-12-11,37.9941,38.5248
2017-12-12,37.9574,38.4878
2017-12-13,37.9500,38.4806
2017-12-14,38.0311,38.5631
2017-12-15,38.0436,38.5760
2017-12-18,37.9854,38.5179
2017-12-19,38.0068,38.5399
2017-12-20,37.9311,38.4634
2017-12-21,37.9012,38.4334
2017-12-22,37.8336,38.3651
2017-12-26,37.8180,38.3504
2017-12-27,37.9051,38.4390
2017-12-28,37.5522,38.0814
2017-12-29,37.6686,38.1998
2018-01-01,37.6956,38.2280
2018-01-02,37.6262,38.1579
2018-01-03,37.6966,38.2296
2018-01-04,37.6674,38.2003
2018-01-05,37.8292,38.3647
2018-01-08,37.7838,38.3194
2018-01-09,37.7428,38.2781
2018-01-10,37.6233,38.1573
2018-01-11,37.6187,38.1529
2018-01-12,37.6170,38.1514
2018-01-15,37.6347,38.1702
2018-01-16,37.4416,37.9747
2018-01-17,37.6602,38.1967
2018-01-18,37.5756,38.1111
2018-01-19,37.5724,38.1081
2018-01-22,37.5976,38.1346
2018-01-23,37.6893,38.2278
2018-01-24,37.6408,38.1790
2018-01-25,37.6166,38.1547
2018-01-29,37.4617,37.9988
2018-01-30,37.4614,37.9987
2018-01-31,37.4572,37.9946
2018-02-01,37.2175,37.7518
2018-02-02,37.2425,37.7776
2018-02-05,37.2174,37.7530
2018-02-06,37.2663,37.8029
2018-02-07,37.3399,37.8779
2018-02-08,37.4708,38.0110
2018-02-09,37.4125,37.9522
2018-02-12,37.4341,37.9750
2018-02-14,37.4604,38.0023
2018-02-15,37.3530,37.8936
2018-02-16,37.3492,37.8901
2018-02-20,37.2314,37.7719
2018-02-21,37.1795,37.7195
2018-02-22,37.1213,37.6608
2018-02-23,37.2410,37.7826
2018-02-26,37.2430,37.7855
2018-02-27,37.2865,37.8299
2018-02-28,37.2338,37.7768
2018-03-01,37.2111,37.7541
2018-03-05,37.1956,37.7396
2018-03-06,37.1993,37.7436
2018-03-07,37.3198,37.8662
2018-03-08,37.3607,37.9080
2018-03-09,37.3512,37.8987
2018-03-12,37.4200,37.9694
2018-03-13,37.3877,37.9370
2018-03-14,37.3822,37.9317
2018-03-15,37.4700,38.0211
2018-03-16,37.5907,38.1439
2018-03-19,37.5446,38.0981
2018-03-20,37.5490,38.1028
2018-03-21,37.6025,38.1575
2018-03-22,37.6454,38.2013
2018-03-23,37.6587,38.2151
2018-03-26,37.5699,38.1260
2018-03-27,38.1907,38.7563
2018-03-28,38.1128,38.6775
2018-04-03,38.2670,38.8359
2018-04-04,38.3523,38.9228
2018-04-05,38.6522,39.2275
2018-04-06,38.5595,39.1337
2018-04-09,38.5151,39.0896
2018-04-10,38.3394,38.9116
2018-04-11,38.2001,38.7705
2018-04-12,38.2377,38.8090
2018-04-13,38.2514,38.8232
2018-04-16,38.2297,38.8022
2018-04-17,38.2187,38.7914
2018-04-18,38.1848,38.7573
2018-04-19,38.0921,38.6635
2018-04-20,38.0469,38.6180
2018-04-23,38.0132,38.5846
2018-04-24,38.0833,38.6562
2018-04-25,37.9994,38.5713
2018-04-26,37.9815,38.5535
2018-04-27,38.0025,38.5750
2018-05-02,38.0550,38.6300
2018-05-03,38.0611,38.6365
2018-05-04,38.0529,38.6285
2018-05-07,38.1888,38.7673
2018-05-08,38.2688,38.8489
2018-05-09,38.0819,38.6595
2018-05-10,38.0735,38.6513
2018-05-11,38.0659,38.6439
2018-05-14,37.9535,38.5308
2018-05-15,37.8522,38.4282
2018-05-16,37.8584,38.4348
2018-05-17,37.9068,38.4842
2018-05-18,37.9753,38.5541
2018-05-21,38.0116,38.5920
2018-05-22,38.0199,38.6007
2018-05-23,37.9750,38.5554
2018-05-24,37.9365,38.5166
2018-05-25,38.0749,38.6575
2018-05-28,38.1825,38.7676
2018-05-29,38.1582,38.7433
2018-05-30,38.1404,38.7255
2018-05-31,38.0699,38.6543
2018-06-01,38.0506,38.6349
2018-06-04,38.0239,38.6087
2018-06-05,38.0936,38.6798
2018-06-06,37.9964,38.5814
2018-06-07,37.8981,38.4818
2018-06-08,37.9612,38.5463
2018-06-11,37.9595,38.5454
2018-06-12,37.9629,38.5492
2018-06-13,38.0351,38.6227
2018-06-14,38.0107,38.5983
2018-06-15,38.0694,38.6582
2018-06-18,38.0958,38.6858
2018-06-19,38.1273,38.7181
2018-06-20,38.1609,38.7526
2018-06-21,38.2347,38.8278
2018-06-22,38.2009,38.7938
2018-06-25,38.2079,38.8018
2018-06-26,38.2058,38.8000
2018-06-27,38.1817,38.7758
2018-06-28,38.1112,38.7045
2018-06-29,38.1408,38.7349
2018-07-02,38.1509,38.7460
2018-07-03,38.1743,38.7700
2018-07-04,38.2011,38.7975
2018-07-05,38.1737,38.7701
2018-07-06,38.2041,38.8012
2018-07-09,38.2119,38.8100
2018-07-10,38.2145,38.8129
2018-07-11,38.2464,38.8457
2018-07-12,38.3407,38.9418
2018-07-13,38.3313,38.9325
2018-07-16,38.3437,38.9460
2018-07-17,38.4174,39.0211
2018-07-18,38.4123,39.0162
2018-07-19,38.3980,39.0020
2018-07-20,38.4071,39.0116
2018-07-23,38.4030,39.0083
2018-07-24,38.4196,39.0255
2018-07-25,38.4256,39.0319
2018-07-26,38.4445,39.0514
2018-07-27,38.4551,39.0624
2018-07-30,38.4729,39.0814
2018-07-31,38.4868,39.0958
2018-08-01,38.5700,39.1806
2018-08-02,38.5695,39.1805
2018-08-03,38.5305,39.1411
2018-08-06,38.5499,39.1617
2018-08-07,38.5377,39.1496
2018-08-08,38.5561,39.1687
2018-08-09,38.6086,39.2223
2018-08-10,38.6079,39.2218
2018-08-13,38.5531,39.1670
2018-08-14,38.5606,39.1750
2018-08-16,38.5138,39.1280
2018-08-20,38.5684,39.1847
2018-08-21,38.5926,39.2096
2018-08-23,38.5643,39.1815
2018-08-24,38.5720,39.1896
2018-08-27,38.5769,39.1954
2018-08-28,38.5787,39.1976
2018-08-29,38.5733,39.1924
2018-08-30,38.5600,39.1792
2018-08-31,38.5481,39.1674
2018-09-03,38.5307,39.1507
2018-09-04,38.4892,39.1088
2018-09-05,38.5011,39.1211
2018-09-06,38.4994,39.1198
2018-09-07,38.5301,39.1512
2018-09-10,38.4493,39.0700
2018-09-11,38.4283,39.0490
2018-09-12,38.4411,39.0623
2018-09-14,38.4631,39.0853
2018-09-17,38.4999,39.1235
2018-09-18,38.4826,39.1063
2018-09-19,38.5281,39.1528
2018-09-21,38.5398,39.1653
2018-09-24,38.5324,39.1587
2018-09-25,38.5320,39.1585
2018-09-26,38.5712,39.1987
2018-09-27,38.6100,39.2384
2018-09-28,38.6223,39.2512
2018-10-01,38.6598,39.2903
2018-10-03,38.5908,39.2207
2018-10-04,38.5676,39.1975
2018-10-05,38.6649,39.2966
2018-10-08,38.7163,39.3498
2018-10-09,38.6637,39.2966
2018-10-10,38.6963,39.3301
2018-10-11,38.7298,39.3644
2018-10-12,38.7377,39.3728
2018-10-15,38.7934,39.4303
2018-10-16,38.8293,39.4671
2018-10-17,38.8141,39.4519
2018-10-19,38.8199,39.4584
2018-10-22,38.8343,39.4740
2018-10-23,38.8625,39.5029
2018-10-24,38.8819,39.5230
2018-10-25,38.8912,39.5327
2018-10-26,38.8870,39.5287
2018-10-29,38.9638,39.6077
2018-10-30,38.9450,39.5889
2018-10-31,38.9294,39.5733
2018-11-01,38.9647,39.6095
2018-11-02,39.0118,39.6577
2018-11-05,39.0064,39.6531
2018-11-06,39.0222,39.6695
2018-11-09,39.0683,39.7173
2018-11-12,39.0550,39.7046
2018-11-13,39.0960,39.7467
2018-11-14,39.1273,39.7788
2018-11-15,39.1178,39.7695
2018-11-16,39.0817,39.7330
2018-11-19,39.1184,39.7711
2018-11-20,39.1244,39.7774
2018-11-22,39.1942,39.8489
2018-11-26,39.2089,39.8648
2018-11-27,39.2097,39.8659
2018-11-28,39.2786,39.9362
2018-11-29,39.3101,39.9685
2018-11-30,39.3176,39.9764
2018-12-03,39.3228,39.9824
2018-12-04,39.3673,40.0279
2018-12-05,39.5434,40.2072
2018-12-06,39.5855,40.2503
2018-12-07,39.5463,40.2107
2018-12-10,39.4245,40.0876
2018-12-11,39.5058,40.1705
2018-12-12,39.7881,40.4578
2018-12-13,39.8025,40.4727
2018-12-14,39.7347,40.4040
2018-12-17,39.7079,40.3775
2018-12-18,39.9913,40.6660
2018-12-19,40.2673,40.9469
2018-12-20,40.1879,40.8664
2018-12-21,40.1867,40.8654
2018-12-24,40.1907,40.8702
2018-12-26,40.2437,40.9247
2018-12-27,40.2202,40.9011
2018-12-28,39.9891,40.6663
2018-12-31,40.0437,40.7225
2019-01-01,39.9585,40.6362
2019-01-02,40.0768,40.7568
2019-01-03,39.9558,40.6340
2019-01-04,39.9246,40.6025
2019-01-07,39.8441,40.5214
2019-01-08,39.9420,40.6212
2019-01-09,39.9201,40.5991
2019-01-10,39.9174,40.5968
2019-01-11,39.8788,40.5577
2019-01-14,40.0215,40.7036
2019-01-15,39.9569,40.6382
2019-01-16,39.8104,40.4894
2019-01-17,39.8292,40.5088
2019-01-18,39.7750,40.4539
2019-01-21,39.8290,40.5096
2019-01-22,39.8833,40.5651
2019-01-23,39.8398,40.5211
2019-01-24,39.8667,40.5487
2019-01-25,39.8857,40.5683
2019-01-28,39.9102,40.5940
2019-01-29,39.9346,40.6191
2019-01-30,39.9041,40.5883
2019-01-31,40.0002,40.6863
2019-02-01,39.8572,40.5411
2019-02-04,39.8121,40.4960
2019-02-05,39.8795,40.5648
2019-02-06,39.9409,40.6275
2019-02-07,40.0225,40.7108
2019-02-08,39.9850,40.6729
2019-02-11,39.9952,40.6840
2019-02-12,39.9946,40.6837
2019-02-13,40.1265,40.8181
2019-02-14,40.0593,40.7500
2019-02-15,39.9988,40.6887
2019-02-18,40.0149,40.7059
2019-02-20,40.0711,40.7635
2019-02-21,40.0816,40.7745
2019-02-22,40.0113,40.7032
2019-02-25,40.0605,40.7541
2019-02-26,40.0634,40.7573
2019-02-27,39.9794,40.6721
2019-02-28,40.0944,40.7893
2019-03-01,40.1405,40.8365
2019-03-05,40.1666,40.8640
2019-03-06,40.1576,40.8551
2019-03-07,40.1670,40.8650
2019-03-08,40.2103,40.9093
2019-03-11,40.2487,40.9492
2019-03-12,40.2107,40.9107
2019-03-13,40.2413,40.9421
2019-03-14,40.2698,40.9714
2019-03-15,40.3185,41.0212
2019-03-18,40.4247,41.1300
2019-03-19,40.4469,41.1529
2019-03-20,40.5226,41.2302
2019-03-22,40.6339,41.3439
2019-03-25,40.7585,41.4714
2019-03-26,40.8280,41.5424
2019-03-27,40.8106,41.5250
2019-03-28,40.8742,41.5899
2019-03-29,40.8901,41.6064
2019-04-02,40.9687,41.6875
2019-04-03,40.9870,41.7063
2019-04-04,40.8057,41.5221
2019-04-05,40.8804,41.5984
2019-04-08,40.7778,41.4947
2019-04-09,40.8023,41.5199
2019-04-10,40.8410,41.5596
2019-04-11,40.8227,41.5412
2019-04-12,40.7750,41.4930
2019-04-15,40.8100,41.5294
2019-04-16,40.8293,41.5493
2019-04-18,40.8284,41.5489
2019-04-22,40.7726,41.4932
2019-04-23,40.8063,41.5277
2019-04-24,40.8529,41.5753
2019-04-25,40.8473,41.5699
2019-04-26,40.8826,41.6061
2019-04-30,40.9331,41.6585
2019-05-02,40.9844,41.7113
2019-05-03,41.0019,41.7294
2019-05-06,41.0358,41.7646
2019-05-07,41.0648,41.7944
2019-05-08,41.0882,41.8186
2019-05-09,41.0745,41.8049
2019-05-10,41.0674,41.7978
2019-05-13,41.0933,41.8251
2019-05-14,41.1484,41.8814
2019-05-15,41.1464,41.8796
2019-05-16,41.1849,41.9193
2019-05-17,41.1835,41.9179
2019-05-20,41.3089,42.0463
2019-05-21,41.3003,42.0378
2019-05-22,41.3267,42.0650
2019-05-23,41.3744,42.1138
2019-05-24,41.3980,42.1381
2019-05-27,41.5779,42.3220
2019-05-28,41.6452,42.3908
2019-05-29,41.7099,42.4569
2019-05-30,41.7023,42.4495
2019-05-31,41.9274,42.6788
2019-06-03,42.0805,42.8355
2019-06-04,41.9826,42.7361
2019-06-06,42.3139,43.0738
2019-06-07,42.1867,42.9447
2019-06-10,41.9647,42.7195
2019-06-11,42.0382,42.7946
2019-06-12,42.1279,42.8862
2019-06-13,42.1545,42.9135
2019-06-14,42.4437,43.2082
2019-06-17,42.5399,43.3070
2019-06-18,42.9047,43.6786
2019-06-19,42.9072,43.6814
2019-06-20,43.0669,43.8443
2019-06-21,42.8658,43.6398
2019-06-24,42.8780,43.6531
2019-06-25,42.8812,43.6566
2019-06-26,42.8376,43.6125
2019-06-27,42.9000,43.6763
2019-06-28,42.9495,43.7270
2019-07-01,42.9628,43.7413
2019-07-02,43.0442,43.8245
2019-07-03,43.0912,43.8726
2019-07-04,43.1779,43.9611
2019-07-05,43.4081,44.1958
2019-07-08,43.7740,44.5692
2019-07-09,43.7311,44.5258
2019-07-10,43.8955,44.6935
2019-07-11,44.0754,44.8769
2019-07-12,44.0772,44.8790
2019-07-15,44.2348,45.0404
2019-07-16,44.4919,45.3024
2019-07-17,44.4432,45.2532
2019-07-18,44.3700,45.1791
2019-07-19,44.4264,45.2369
2019-07-22,44.3049,45.1143
2019-07-23,44.1206,44.9271
2019-07-24,44.2047,45.0131
2019-07-25,43.9834,44.7882
2019-07-26,43.9477,44.7522
2019-07-29,44.2909,45.1028
2019-07-30,44.3290,45.1421
2019-07-31,44.4048,45.2197
2019-08-01,44.2740,45.0869
2019-08-02,44.4798,45.2968
2019-08-05,44.3823,45.1988
2019-08-06,44.5355,45.3552
2019-08-07,44.5207,45.3405
2019-08-08,44.5060,45.3259
2019-08-09,44.2902,45.1065
2019-08-13,44.2756,45.0932
2019-08-14,44.1105,44.9255
2019-08-16,44.2217,45.0396
2019-08-19,44.1447,44.9623
2019-08-20,44.1955,45.0144
2019-08-21,44.2498,45.0701
2019-08-22,44.2791,45.1004
2019-08-23,44.2598,45.0811
2019-08-26,44.4639,45.2901
2019-08-27,44.4363,45.2625
2019-08-28,44.3741,45.1995
2019-08-29,44.3740,45.1998
2019-08-30,44.3517,45.1775
2019-09-03,44.4807,45.3189
2019-09-04,44.4527,45.2908
2019-09-05,44.4145,45.2522
2019-09-06,44.3511,45.1880
2019-09-09,44.4294,45.2690
2019-09-11,44.2063,45.0425
2019-09-12,44.2190,45.0558
2019-09-13,44.2778,45.1161
2019-09-16,44.1469,44.9840
2019-09-17,44.1096,44.9464
2019-09-18,44.3698,45.2119
2019-09-19,44.3574,45.1997
2019-09-20,43.9890,44.8247
2019-09-23,44.1013,44.9403
2019-09-24,44.0144,44.8521
2019-09-25,44.0389,44.8775
2019-09-26,44.1205,44.9610
2019-09-27,44.1183,44.9592
2019-09-30,44.2194,45.0634
2019-10-01,44.3656,45.2127
2019-10-03,44.5183,45.3691
2019-10-04,44.3763,45.2249
2019-10-07,44.4392,45.2901
2019-10-09,44.4897,45.3424
2019-10-10,44.3995,45.2509
2019-10-11,44.3160,45.1662
2019-10-14,44.4025,45.2555
2019-10-15,44.3992,45.2526
2019-10-16,44.4435,45.2982
2019-10-17,44.3726,45.2261
2019-10-18,44.3980,45.2524
2019-10-22,44.4054,45.2614
2019-10-23,44.4608,45.3182
2019-10-24,44.4642,45.3220
2019-10-25,44.4761,45.3344
2019-10-29,44.4833,45.3432
2019-10-30,44.5108,45.3716
2019-10-31,44.5667,45.4289
2019-11-01,44.5671,45.4297
2019-11-04,44.5523,45.4156
2019-11-05,44.4990,45.3617
2019-11-06,44.5483,45.4122
2019-11-07,44.5196,45.3833
2019-11-08,44.4679,45.3310
2019-11-11,44.4588,45.3228
2019-11-13,44.5274,45.3934
2019-11-14,44.5526,45.4194
2019-11-15,44.5829,45.4507
2019-11-18,44.6555,45.5257
2019-11-19,44.7125,45.5842
2019-11-20,44.7593,45.6322
2019-11-21,44.6666,45.5381
2019-11-22,44.7060,45.5786
2019-11-25,44.7891,45.6644
2019-11-26,44.7593,45.6344
2019-11-27,44.7784,45.6542
2019-11-28,44.8241,45.7011
2019-11-29,44.7902,45.6669
2019-12-02,44.7743,45.6518
2019-12-03,44.8315,45.7103
2019-12-04,44.8512,45.7308
2019-12-05,44.5188,45.3922
2019-12-06,44.4540,45.3265
2019-12-09,44.4554,45.3290
2019-12-10,44.4125,45.2856
2019-12-11,44.3293,45.2011
2019-12-12,44.3261,45.1982
2019-12-13,44.3017,45.1737
2019-12-16,44.3053,45.1784
2019-12-17,44.3803,45.2551
2019-12-18,44.4325,45.3088
2019-12-19,44.4061,45.2822
2019-12-20,44.6047,45.4851
2019-12-23,44.6948,45.5780
2019-12-24,44.6767,45.5599
2019-12-26,44.6820,45.5659
2019-12-27,44.8041,45.6909
2019-12-30,44.7864,45.6739
2019-12-31,44.7792,45.6669
2020-01-01,44.8561,45.7456
2020-01-02,44.8748,45.7650
2020-01-03,44.8911,45.7820
2020-01-06,44.7822,45.6720
2020-01-07,44.7911,45.6814
2020-01-08,44.7802,45.6707
2020-01-09,44.8468,45.7390
2020-01-10,44.7585,45.6493
2020-01-13,44.7532,45.6449
2020-01-14,44.5897,45.4785
2020-01-15,44.6471,45.5374
2020-01-16,44.6789,45.5701
2020-01-17,44.7307,45.6233
2020-01-20,44.7500,45.6441
2020-01-21,44.7753,45.6702
2020-01-22,44.7714,45.6666
2020-01-23,44.8322,45.7290
2020-01-24,44.8629,45.7606
2020-01-27,44.9134,45.8132
2020-01-28,44.8905,45.7902
2020-01-29,44.9012,45.8014
2020-01-30,44.9246,45.8257
2020-01-31,44.8574,45.7575
2020-02-03,45.2238,46.1323
2020-02-04,45.2568,46.1663
2020-02-05,45.2510,46.1607
2020-02-06,45.4427,46.3566
2020-02-07,45.5574,46.4740
2020-02-10,45.6014,46.5200
2020-02-11,45.6084,46.5275
2020-02-12,45.6135,46.5330
2020-02-13,45.7464,46.6690
2020-02-14,45.8735,46.7990
2020-02-17,45.8802,46.8069
2020-02-18,45.8754,46.8024
2020-02-20,45.8194,46.7460
2020-02-24,45.9340,46.8643
2020-02-25,45.9357,46.8664
2020-02-26,45.9899,46.9220
2020-02-27,45.9280,46.8593
2020-02-28,45.9240,46.8556
2020-03-02,46.0017,46.9359
2020-03-03,45.9948,46.9292
2020-03-04,46.2970,47.2379
2020-03-05,46.3246,47.2664
2020-03-06,46.4982,47.4439
2020-03-09,46.7325,47.6841
2020-03-11,46.5314,47.4797
2020-03-12,46.2459,47.1887
2020-03-13,45.8833,46.8190
2020-03-16,46.1284,47.0703
2020-03-17,45.8687,46.8056
2020-03-18,45.8605,46.7976
2020-03-19,45.4307,46.3594
2020-03-20,45.8201,46.7570
2020-03-23,45.2312,46.1572
2020-03-24,45.3797,46.3091
2020-03-26,45.6295,46.5647
2020-03-27,46.2508,47.1991
2020-03-30,45.8367,46.7776
2020-03-31,46.0355,46.9809
2020-04-03,45.6227,46.5606
2020-04-07,45.4937,46.4304
2020-04-08,45.5522,46.4904
2020-04-09,45.6830,46.6243
2020-04-13,45.8188,46.7644
2020-04-15,46.0319,46.9826
2020-04-16,46.1438,47.0972
2020-04-17,46.3414,47.2992
2020-04-20,46.8479,47.8173
2020-04-21,47.0463,48.0202
2020-04-22,47.0381,48.0122
2020-04-23,47.3458,48.3265
2020-04-24,47.2069,48.1851
2020-04-27,47.2399,48.2200
2020-04-28,47.2482,48.2288
2020-04-29,47.2528,48.2339
2020-04-30,47.3026,48.2850
2020-05-04,47.4075,48.3936
2020-05-05,47.5872,48.5775
2020-05-06,47.7284,48.7220
2020-05-08,47.8820,48.8795
2020-05-11,47.5718,48.5639
2020-05-12,47.6194,48.6129
2020-05-13,47.7148,48.7107
2020-05-14,47.7490,48.7460
2020-05-15,47.7581,48.7556
2020-05-18,47.8286,48.8288
2020-05-19,47.9065,48.9087
2020-05-20,47.8985,48.9009
2020-05-21,47.9500,48.9538
2020-05-22,48.2030,49.2125
2020-05-26,48.2328,49.2445
2020-05-27,48.2058,49.2172
2020-05-28,48.2126,49.2245
2020-05-29,48.1762,49.1877
2020-06-01,48.0819,49.0927
2020-06-02,48.1337,49.1459
2020-06-03,48.1217,49.1340
2020-06-04,48.1520,49.1654
2020-06-05,48.1425,49.1560
2020-06-08,48.2366,49.2532
2020-06-09,48.3015,49.3199
2020-06-10,48.3251,49.3444
2020-06-11,48.3287,49.3484
2020-06-12,48.2933,49.3126
2020-06-15,48.3216,49.3427
2020-06-16,48.1931,49.2118
2020-06-17,48.2250,49.2448
2020-06-18,48.3125,49.3345
2020-06-19,48.3296,49.3524
2020-06-22,48.3071,49.3305
2020-06-23,48.2509,49.2735
2020-06-24,48.2126,49.2347
2020-06-25,48.2827,49.3067
2020-06-26,48.2906,49.3152
2020-06-29,48.3423,49.3691
2020-06-30,48.4049,49.4334
2020-07-01,48.5333,49.5649
2020-07-02,48.5273,49.5591
2020-07-03,48.5036,49.5354
2020-07-06,48.5570,49.5910
2020-07-07,48.6904,49.7277
2020-07-08,48.7651,49.8043
2020-07-09,48.7821,49.8220
2020-07-10,48.8770,49.9193
2020-07-13,48.8706,49.9140
2020-07-14,48.7615,49.8029
2020-07-15,48.8040,49.8467
2020-07-16,48.8444,49.8883
2020-07-17,48.8634,49.9082
2020-07-20,48.8671,49.9131
2020-07-21,48.8094,49.8546
2020-07-22,48.8329,49.8789
2020-07-23,48.8587,49.9057
2020-07-24,48.8806,49.9284
2020-07-27,48.8054,49.8528
2020-07-28,48.8174,49.8654
2020-07-29,48.8570,49.9062
2020-07-30,48.8579,49.9076
2020-07-31,48.8283,49.8777
2020-08-03,48.8121,49.8622
2020-08-04,48.8490,49.9003
2020-08-05,48.8723,49.9246
2020-08-06,48.7217,49.7710
2020-08-07,48.6253,49.6729
2020-08-10,48.6000,49.6483
2020-08-11,48.6074,49.6562
2020-08-12,48.6423,49.6922
2020-08-13,48.6513,49.7018
2020-08-14,48.4840,49.5313
2020-08-17,48.4670,49.5151
2020-08-18,48.4647,49.5131
2020-08-19,48.4163,49.4640
2020-08-20,48.4484,49.4972
2020-08-21,48.0475,49.0880
2020-08-24,47.7076,48.7419
2020-08-25,47.8142,48.8511
2020-08-26,47.7027,48.7375
2020-08-27,47.7364,48.7724
2020-08-28,47.7061,48.7418
2020-08-31,47.8606,48.9008
2020-09-01,48.6158,49.6728
2020-09-02,48.6642,49.7226
2020-09-03,48.7508,49.8137
2020-09-04,48.7185,49.7811
2020-09-07,48.5644,49.6248
2020-09-08,48.2850,49.3396
2020-09-09,48.4510,49.5096
2020-09-10,48.4046,49.4626
2020-09-11,48.3509,49.4081
2020-09-14,48.3684,49.4271
2020-09-15,48.3594,49.4183
2020-09-16,48.4494,49.5107
2020-09-17,48.3502,49.4097
2020-09-18,48.3294,49.3888
2020-09-21,48.3466,49.4075
2020-09-22,48.3399,49.4011
2020-09-23,48.3685,49.4306
2020-09-24,48.3739,49.4365
2020-09-25,48.2706,49.3313
2020-09-28,48.1867,49.2468
2020-09-29,48.1928,49.2533
2020-09-30,48.3014,49.3647
2020-10-01,48.3735,49.4388
2020-10-05,48.3665,49.4332
2020-10-06,48.2711,49.3360
2020-10-07,48.3184,49.3847
2020-10-08,48.3082,49.3747
2020-10-09,48.6179,49.6916
2020-10-12,48.7925,49.8712
2020-10-13,48.7894,49.8684
2020-10-14,48.7892,49.8687
2020-10-15,48.8122,49.8925
2020-10-16,48.7149,49.7935
2020-10-19,48.7480,49.8285
2020-10-20,48.7785,49.8601
2020-10-21,48.8475,49.9310
2020-10-22,48.8759,49.9604
2020-10-23,49.0075,50.0954
2020-10-26,49.1910,50.2841
2020-10-27,49.1834,50.2768
2020-10-28,49.1761,50.2697
2020-10-29,49.0587,50.1501
2020-11-02,49.0293,50.1216
2020-11-03,48.9819,50.0736
2020-11-04,49.0259,50.1190
2020-11-05,49.1308,50.2265
2020-11-06,49.1653,50.2622
2020-11-09,49.1393,50.2368
2020-11-10,49.0349,50.1305
2020-11-11,49.0420,50.1382
2020-11-12,49.0451,50.1417
2020-11-13,49.1262,50.2250
2020-11-17,49.1523,50.2534
2020-11-18,49.1731,50.2750
2020-11-19,49.1849,50.2875
2020-11-20,49.1775,50.2803
2020-11-23,49.1561,50.2596
2020-11-24,49.2202,50.3255
2020-11-25,49.2400,50.3462
2020-11-26,49.3077,50.4158
2020-11-27,49.2021,50.3082
2020-12-01,49.1931,50.3006
2020-12-02,49.2100,50.3183
2020-12-03,49.2189,50.3279
2020-12-04,49.2801,50.3908
2020-12-07,49.2379,50.3489
2020-12-08,49.1937,50.3040
2020-12-09,49.2851,50.3980
2020-12-10,49.2908,50.4042
2020-12-11,49.1916,50.3031
2020-12-14,49.2066,50.3197
2020-12-15,49.2136,50.3272
2020-12-16,49.2045,50.3184
2020-12-17,49.2015,50.3156
2020-12-18,49.1619,50.2756
2020-12-21,49.1700,50.2850
2020-12-22,49.1911,50.3070
2020-12-23,49.1936,50.3100
2020-12-24,49.1873,50.3040
2020-12-28,49.2903,50.4108
2020-12-29,49.2893,50.4102
2020-12-30,49.3233,50.4454
2020-12-31,49.3762,50.4999
2021-01-01,49.3940,50.5186
2021-01-04,49.5018,50.6300
2021-01-05,49.5366,50.6660
2021-01-06,49.4366,50.5641
2021-01-07,49.4352,50.5631
2021-01-08,49.4230,50.5510
2021-01-11,49.3271,50.4542
2021-01-12,49.3062,50.4333
2021-01-13,49.2656,50.3922
2021-01-14,49.3130,50.4411
2021-01-15,49.2151,50.3414
2021-01-18,49.2344,50.3624
2021-01-19,49.2838,50.4134
2021-01-20,49.2934,50.4237
2021-01-21,49.2665,50.3965
2021-01-22,49.2850,50.4159
2021-01-25,49.2820,50.4141
2021-01-27,49.2917,50.4249
2021-01-28,49.3175,50.4517
2021-01-29,49.3003,50.4345
2021-02-01,48.9867,50.1150
2021-02-02,48.8426,49.9680
2021-02-03,48.9482,50.0764
2021-02-04,48.9881,50.1177
2021-02-05,48.8984,50.0264
2021-02-08,48.9665,50.0974
2021-02-09,48.9193,50.0495
2021-02-10,49.0283,50.1614
2021-02-11,49.1059,50.2412
2021-02-12,49.0367,50.1708
2021-02-15,48.9908,50.1252
2021-02-16,48.9917,50.1266
2021-02-17,48.9947,50.1300
2021-02-18,48.9107,50.0445
2021-02-22,48.8136,49.9468
2021-02-23,48.8278,49.9618
2021-02-24,48.8425,49.9773
2021-02-25,48.8233,49.9580
2021-02-26,48.7182,49.8509
2021-03-01,48.7857,49.9212
2021-03-02,48.8001,49.9364
2021-03-03,48.7723,49.9084
2021-03-04,48.8086,49.9460
2021-03-05,48.7516,49.8881
2021-03-08,48.7575,49.8954
2021-03-09,48.7470,49.8851
2021-03-10,48.7402,49.8786
2021-03-12,48.7181,49.8567
2021-03-15,48.7366,49.8770
2021-03-16,48.7633,49.9047
2021-03-17,48.7558,49.8974
2021-03-18,48.7593,49.9014
2021-03-19,48.8402,49.9847
2021-03-22,48.9393,50.0873
2021-03-23,49.0173,50.1676
2021-03-24,49.0391,50.1904
2021-03-25,49.0359,50.1875
2021-03-26,49.0887,50.2420
2021-03-30,49.0680,50.2225
2021-03-31,49.0488,50.2033
2021-04-05,49.1527,50.3118
2021-04-06,49.1805,50.3406
2021-04-07,49.2269,50.3886
2021-04-08,49.2737,50.4369
2021-04-09,49.2475,50.4105
2021-04-12,49.2319,50.3958
2021-04-15,49.1601,50.3234
2021-04-16,49.1691,50.3331
2021-04-19,49.1988,50.3647
2021-04-20,49.2004,50.3667
2021-04-22,49.2592,50.4276
2021-04-23,49.2991,50.4688
2021-04-26,49.3810,50.5539
2021-04-27,49.3918,50.5654
2021-04-28,49.3662,50.5395
2021-04-29,49.3889,50.5631
2021-04-30,49.3991,50.5740
2021-05-03,49.4363,50.6132
2021-05-04,49.4175,50.5943
2021-05-05,49.4678,50.6462
2021-05-06,49.5206,50.7007
2021-05-07,49.4966,50.6765
2021-05-10,49.4930,50.6740
2021-05-11,49.4873,50.6685
2021-05-12,49.5260,50.7085
2021-05-14,49.4676,50.6495
2021-05-17,49.5041,50.6880
2021-05-18,49.4924,50.6765
2021-05-19,49.4875,50.6719
2021-05-20,49.5287,50.7144
2021-05-21,49.5569,50.7437
2021-05-24,49.5782,50.7667
2021-05-25,49.6154,50.8052
2021-05-27,49.5964,50.7864
2021-05-28,49.5784,50.7685
2021-05-31,49.5476,50.7380
2021-06-01,49.5323,50.7228
2021-06-02,49.5546,50.7460
2021-06-03,49.5843,50.7768
2021-06-04,49.5812,50.7740
2021-06-07,49.6267,50.8218
2021-06-08,49.6742,50.8708
2021-06-09,49.6736,50.8706
2021-06-10,49.6992,50.8972
2021-06-11,49.7330,50.9322
2021-06-14,49.7220,50.9221
2021-06-15,49.6269,50.8251
2021-06-16,49.5819,50.7794
2021-06-17,49.5995,50.7978
2021-06-18,49.6304,50.8299
2021-06-21,49.6156,50.8159
2021-06-22,49.6156,50.8162
2021-06-23,49.6070,50.8078
2021-06-24,49.6335,50.8354
2021-06-25,49.5748,50.7757
2021-06-28,49.5534,50.7549
2021-06-29,49.5920,50.7948
2021-06-30,49.5745,50.7773
2021-07-01,49.5885,50.7920
2021-07-02,49.5733,50.7768
2021-07-05,49.5885,50.7936
2021-07-06,49.5091,50.7127
2021-07-07,49.5297,50.7341
2021-07-08,49.5729,50.7787
2021-07-09,49.5702,50.7764
2021-07-12,49.5610,50.7681
2021-07-13,49.5801,50.7881
2021-07-14,49.5956,50.8043
2021-07-15,49.6059,50.8152
2021-07-16,49.6079,50.8177
2021-07-19,49.6574,50.8696
2021-07-20,49.6988,50.9124
2021-07-22,49.6643,50.8778
2021-07-23,49.6663,50.8803
2021-07-26,49.7121,50.9284
2021-07-27,49.7169,50.9337
2021-07-28,49.7121,50.9292
2021-07-29,49.7046,50.9219
2021-07-30,49.7069,50.9247
2021-08-02,49.7918,51.0128
2021-08-03,49.8038,51.0255
2021-08-04,49.8190,51.0415
2021-08-05,49.8363,51.0595
2021-08-06,49.8137,51.0368
2021-08-09,49.8780,51.1039
2021-08-10,49.9056,51.1326
2021-08-11,49.8800,51.1066
2021-08-12,49.8894,51.1167
2021-08-13,49.9295,51.1581
2021-08-17,49.9877,51.2194
2021-08-18,50.0318,51.2649
2021-08-20,50.0505,51.2849
2021-08-23,50.0880,51.3246
2021-08-24,50.0972,51.3344
2021-08-25,50.1162,51.3542
2021-08-26,50.0961,51.3340
2021-08-27,50.1852,51.4257
2021-08-30,50.2257,51.4684
2021-08-31,50.2239,51.4669
2021-09-01,50.2505,51.4946
2021-09-02,50.2707,51.5157
2021-09-03,50.3283,51.5751
2021-09-06,50.3630,51.6118
2021-09-07,50.2974,51.5450
2021-09-08,50.2905,51.5383
2021-09-09,50.3333,51.5826
2021-09-13,50.3122,51.5625
2021-09-14,50.3250,51.5761
2021-09-15,50.4002,51.6535
2021-09-16,50.4044,51.6582
2021-09-17,50.4149,51.6694
2021-09-20,50.4865,51.7440
2021-09-21,50.4969,51.7550
2021-09-22,50.5003,51.7590
2021-09-23,50.5020,51.7611
2021-09-24,50.4575,51.7159
2021-09-27,50.4569,51.7164
2021-09-28,50.4629,51.7230
2021-09-29,50.4957,51.7570
2021-09-30,50.4881,51.7496
2021-10-01,50.4955,51.7575
2021-10-04,50.4951,51.7584
2021-10-05,50.4836,51.7469
2021-10-06,50.4709,51.7343
2021-10-07,50.4788,51.7429
2021-10-08,50.4589,51.7228
2021-10-11,50.4629,51.7281
2021-10-12,50.4822,51.7483
2021-10-13,50.5075,51.7746
2021-10-14,50.4543,51.7205
2021-10-18,50.4114,51.6781
2021-10-20,50.4371,51.7053
2021-10-21,50.4890,51.7589
2021-10-22,50.4777,51.7476
2021-10-25,50.4772,51.7484
2021-10-26,50.4805,51.7521
2021-10-27,50.5158,51.7887
2021-10-28,50.5045,51.7775
2021-10-29,50.4484,51.7204
2021-11-01,50.4296,51.7023
2021-11-02,50.4354,51.7086
2021-11-03,50.4335,51.7071
2021-11-08,50.5484,51.8269
2021-11-09,50.5763,51.8559
2021-11-10,50.5469,51.8262
2021-11-11,50.5263,51.8054
2021-11-12,50.5075,51.7866
2021-11-15,50.5632,51.8448
2021-11-16,50.5532,51.8350
2021-11-17,50.5642,51.8467
2021-11-18,50.5922,51.8758
2021-11-22,50.6177,51.9035
2021-11-23,50.6029,51.8888
2021-11-24,50.5961,51.8822
2021-11-25,50.6027,51.8894
2021-11-26,50.6390,51.9270
2021-11-29,50.6289,51.9178
2021-11-30,50.6473,51.9371
2021-12-01,50.6211,51.9106
2021-12-02,50.6212,51.9111
2021-12-03,50.6063,51.8962
2021-12-06,50.6243,51.9159
2021-12-07,50.6034,51.8948
2021-12-08,50.6511,51.9442
2021-12-09,50.6346,51.9277
2021-12-10,50.6036,51.8962
2021-12-13,50.6327,51.9273
2021-12-14,50.6494,51.9448
2021-12-15,50.6406,51.9362
2021-12-16,50.6587,51.9551
2021-12-17,50.5749,51.8696
2021-12-20,50.5314,51.8261
2021-12-21,50.4624,51.7558
2021-12-22,50.4676,51.7615
2021-12-23,50.4717,51.7661
2021-12-24,50.4596,51.7541
2021-12-27,50.4662,51.7621
2021-12-28,50.4594,51.7555
2021-12-29,50.4853,51.7824
2021-12-30,50.4688,51.7659
2021-12-31,50.4947,51.7929
2022-01-03,50.4746,51.7735
2022-01-04,50.4056,51.7031
2022-01-05,50.4178,51.7160
2022-01-06,50.4079,51.7062
2022-01-07,50.3854,51.6836
2022-01-10,50.3604,51.6591
2022-01-11,50.3948,51.6948
2022-01-12,50.3853,51.6854
2022-01-13,50.4123,51.7136
2022-01-14,50.4102,51.7117
2022-01-17,50.3404,51.6413
2022-01-18,50.3264,51.6273
2022-01-19,50.3614,51.6637
2022-01-20,50.3994,51.7031
2022-01-21,50.4208,51.7254
2022-01-24,50.4111,51.7166
2022-01-25,50.4267,51.7331
2022-01-27,50.3175,51.6218
2022-01-28,50.3245,51.6294
2022-01-31,50.4214,51.7301
2022-02-01,50.2064,51.5098
2022-02-02,50.0743,51.3747
2022-02-03,50.0749,51.3757
2022-02-04,50.0535,51.3541
2022-02-08,50.1595,51.4645
2022-02-09,50.1874,51.4935
2022-02-10,50.2583,51.5666
2022-02-11,50.2822,51.5915
2022-02-14,50.3595,51.6720
2022-02-15,50.3536,51.6663
2022-02-16,50.3301,51.6426
2022-02-17,50.2807,51.5924
2022-02-18,50.3029,51.6156
2022-02-21,50.2978,51.6115
2022-02-22,50.2457,51.5585
2022-02-23,50.2694,51.5832
2022-02-24,50.2317,51.5448
2022-02-25,50.2341,51.5477
2022-02-28,50.2981,51.6146
2022-03-02,50.2329,51.5485
2022-03-03,50.1911,51.5059
2022-03-04,50.2193,51.5353
2022-03-07,50.1052,51.4194
2022-03-08,50.0796,51.3935
2022-03-09,50.1146,51.4298
2022-03-10,50.1774,51.4947
2022-03-11,50.1364,51.4530
2022-03-14,50.1554,51.4737
2022-03-15,50.1949,51.5146
2022-03-16,50.2299,51.5509
2022-03-17,50.2969,51.6201
2022-03-21,50.2887,51.6133
2022-03-22,50.2167,51.5397
2022-03-23,50.2544,51.5789
2022-03-24,50.2554,51.5803
2022-03-25,50.2696,51.5952
2022-03-28,50.2498,51.5761
2022-03-29,50.2745,51.6018
2022-03-30,50.3461,51.6757
2022-03-31,50.3804,51.7113
2022-04-04,50.3687,51.7010
2022-04-05,50.3753,51.7081
2022-04-06,50.3707,51.7037
2022-04-07,50.3892,51.7231
2022-04-08,50.2916,51.6233
2022-04-11,50.2751,51.6076
2022-04-12,50.2724,51.6052
2022-04-13,50.2472,51.5798
2022-04-18,50.3082,51.6443
2022-04-19,50.3444,51.6819
2022-04-20,50.3449,51.6828
2022-04-21,50.3472,51.6856
2022-04-22,50.3539,51.6928
2022-04-25,50.3941,51.7353
2022-04-26,50.4059,51.7478
2022-04-27,50.3989,51.7410
2022-04-28,50.3801,51.7221
2022-04-29,50.3842,51.7267
2022-05-02,50.4025,51.7467
2022-05-04,50.3179,51.6606
2022-05-05,50.2512,51.5925
2022-05-06,50.2204,51.5614
2022-05-09,50.2220,51.5642
2022-05-10,50.2398,51.5828
2022-05-11,50.2626,51.6066
2022-05-12,50.2572,51.6015
2022-05-13,50.2528,51.5974
2022-05-17,50.2475,51.5935
2022-05-18,50.2437,51.5900
2022-05-19,50.2268,51.5730
2022-05-20,50.1818,51.5272
2022-05-23,50.2161,51.5637
2022-05-24,50.2298,51.5781
2022-05-25,50.2328,51.5815
2022-05-26,50.2379,51.5872
2022-05-27,50.2197,51.5689
2022-05-30,50.2197,51.5701
2022-05-31,50.2233,51.5742
2022-06-01,50.2262,51.5776
2022-06-02,50.2174,51.5689
2022-06-03,50.2051,51.5567
2022-06-06,50.1847,51.5370
2022-06-07,50.1325,51.4837
2022-06-08,50.1736,51.5263
2022-06-09,50.1974,51.5511
2022-06-10,50.1733,51.5268
2022-06-13,50.1212,51.4745
2022-06-14,50.1251,51.4789
2022-06-15,50.1254,51.4796
2022-06-16,50.1332,51.4880
2022-06-17,50.0787,51.4324
2022-06-20,50.1464,51.5031
2022-06-21,50.1256,51.4821
2022-06-22,50.1604,51.5182
2022-06-23,50.1692,51.5276
2022-06-24,50.1668,51.5256
2022-06-27,50.1875,51.5479
2022-06-28,50.1358,51.4952
2022-06-29,50.1458,51.5059
2022-06-30,50.2209,51.5834
2022-07-01,50.2483,51.6119
2022-07-04,50.3079,51.6743
2022-07-05,50.3094,51.6763
2022-07-06,50.3802,51.7493
2022-07-07,50.3393,51.7077
2022-07-08,50.3158,51.6839
2022-07-11,50.3150,51.6843
2022-07-12,50.3683,51.7394
2022-07-13,50.4020,51.7744
2022-07-14,50.4090,51.7820
2022-07-15,50.3949,51.7679
2022-07-18,50.4152,51.7898
2022-07-19,50.4155,51.7906
2022-07-20,50.4135,51.7889
2022-07-21,50.4096,51.7852
2022-07-22,50.4316,51.8083
2022-07-25,50.4484,51.8267
2022-07-26,50.4540,51.8328
2022-07-27,50.4747,51.8545
2022-07-28,50.4987,51.8795
2022-07-29,50.4843,51.8650
2022-08-01,50.5701,51.9544
2022-08-02,50.6168,52.0028
2022-08-03,50.5960,51.9817
2022-08-04,50.6407,52.0280
2022-08-05,50.5039,51.8879
2022-08-08,50.5140,51.8994
2022-08-10,50.5772,51.9651
2022-08-11,50.6372,52.0272
2022-08-12,50.6385,52.0289
2022-08-17,50.8082,52.2052
2022-08-18,50.7508,52.1466
2022-08-19,50.7677,52.1643
2022-08-22,50.8047,52.2035
2022-08-23,50.8165,52.2160
2022-08-24,50.8424,52.2430
2022-08-25,50.8450,52.2460
2022-08-26,50.9825,52.3878
2022-08-29,50.9935,52.4002
2022-08-30,51.1238,52.5345
2022-09-01,51.1076,52.5186
2022-09-02,51.0617,52.4719
2022-09-05,51.1269,52.5400
2022-09-06,51.1927,52.6080
2022-09-07,51.2371,52.6540
2022-09-08,51.2720,52.6903
2022-09-09,51.2562,52.6744
2022-09-12,51.2670,52.6867
2022-09-13,51.3276,52.7494
2022-09-14,51.3107,52.7324
2022-09-15,51.2665,52.6873
2022-09-16,51.2708,52.6922
2022-09-19,51.2785,52.7012
2022-09-20,51.2422,52.6644
2022-09-21,51.2970,52.7211
2022-09-22,51.1739,52.5949
2022-09-23,51.0814,52.5003
2022-09-26,51.0575,52.4769
2022-09-27,51.1330,52.5549
2022-09-28,51.1250,52.5470
2022-09-29,51.1455,52.5685
2022-09-30,51.1555,52.5791
2022-10-03,51.1160,52.5397
2022-10-04,51.1897,52.6159
2022-10-06,51.1465,52.5722
2022-10-07,51.1273,52.5529
2022-10-10,51.1214,52.5480
2022-10-11,51.1593,52.5874
2022-10-12,51.1752,52.6041
2022-10-13,51.1944,52.6241
2022-10-14,51.1591,52.5883
2022-10-17,51.2669,52.7003
2022-10-18,51.2644,52.6981
2022-10-19,51.2366,52.6699
2022-10-20,51.2135,52.6465
2022-10-21,51.1920,52.6248
2022-10-25,51.2952,52.7325
2022-10-27,51.3404,52.7797
2022-10-28,51.3441,52.7839
2022-10-31,51.3242,52.7646
2022-11-01,51.3786,52.8210
2022-11-02,51.3850,52.8279
2022-11-03,51.3153,52.7567
2022-11-04,51.3351,52.7774
2022-11-07,51.3867,52.8316
2022-11-09,51.4469,52.8942
2022-11-10,51.4892,52.9382
2022-11-11,51.5268,52.9772
2022-11-14,51.5567,53.0091
2022-11-15,51.6010,53.0551
2022-11-16,51.6076,53.0623
2022-11-17,51.6126,53.0678
2022-11-18,51.5906,53.0456
2022-11-21,51.5945,53.0507
2022-11-22,51.6356,53.0934
2022-11-23,51.6483,53.1068
2022-11-24,51.6979,53.1583
2022-11-25,51.6680,53.1279
2022-11-28,51.7313,53.1942
2022-11-29,51.7258,53.1889
2022-11-30,51.7347,53.1984
2022-12-01,51.8603,53.3280
2022-12-02,51.8585,53.3266
2022-12-05,51.8822,53.3521
2022-12-06,51.8541,53.3236
2022-12-07,51.8458,53.3155
2022-12-08,51.8419,53.3118
2022-12-09,51.8222,53.2920
2022-12-12,51.8643,53.3365
2022-12-13,51.9139,53.3879
2022-12-14,51.9731,53.4492
2022-12-15,51.9386,53.4140
2022-12-16,51.9330,53.4087
2022-12-19,51.9509,53.4283
2022-12-20,51.9366,53.4140
2022-12-21,51.9822,53.4613
2022-12-22,51.9549,53.4336
2022-12-23,51.9471,53.4260
2022-12-26,51.9527,53.4329
2022-12-27,51.9903,53.4719
2022-12-28,51.9857,53.4676
2022-12-29,51.9964,53.4790
2022-12-30,51.9821,53.4647
2023-01-02,51.9892,53.4732
2023-01-03,52.0096,53.4945
2023-01-04,52.0358,53.5219
2023-01-05,52.0343,53.5207
2023-01-06,52.0010,53.4870
2023-01-09,52.0682,53.5572
2023-01-10,52.1098,53.6004
2023-01-11,52.1433,53.6353
2023-01-12,52.1615,53.6544
2023-01-13,52.1682,53.6617
2023-01-16,52.1579,53.6522
2023-01-17,52.1554,53.6501
2023-01-18,52.1849,53.6808
2023-01-19,52.2264,53.7240
2023-01-20,52.1663,53.6624
2023-01-23,52.1863,53.6843
2023-01-24,52.1961,53.6947
2023-01-25,52.2017,53.7009
2023-01-27,52.1449,53.6432
2023-01-30,52.1392,53.6386
2023-01-31,52.2165,53.7185
2023-02-01,52.3145,53.8197
2023-02-02,52.3032,53.8085
2023-02-03,52.3255,53.8318
2023-02-06,52.2996,53.8064
2023-02-07,52.3159,53.8236
2023-02-08,52.2683,53.7750
2023-02-09,52.2755,53.7828
2023-02-10,52.2497,53.7566
2023-02-13,52.2554,53.7637
2023-02-14,52.2428,53.7512
2023-02-15,52.2874,53.7974
2023-02-16,52.3080,53.8191
2023-02-17,52.2441,53.7537
2023-02-20,52.3042,53.8167
2023-02-21,52.2744,53.7864
2023-02-22,52.2224,53.7333
2023-02-23,52.2691,53.7817
2023-02-24,52.2504,53.7630
2023-02-27,52.2391,53.7525
2023-02-28,52.2379,53.7516
2023-03-01,52.2770,53.7923
2023-03-02,52.2808,53.7966
2023-03-03,52.3237,53.8411
2023-03-06,52.3465,53.8658
2023-03-08,52.2986,53.8173
2023-03-09,52.3319,53.8519
2023-03-10,52.3696,53.8912
2023-03-13,52.5364,54.0640
2023-03-14,52.5305,54.0583
2023-03-15,52.5625,54.0917
2023-03-16,52.5905,54.1208
2023-03-17,52.6042,54.1354
2023-03-20,52.6808,54.2154
2023-03-21,52.6478,54.1818
2023-03-23,52.6888,54.2248
2023-03-24,52.7494,54.2876
2023-03-27,52.7630,54.3028
2023-03-28,52.7591,54.2992
2023-03-29,52.8394,54.3823
2023-03-31,52.8375,54.3810
2023-04-03,52.8710,54.4168
2023-04-05,52.9341,54.4825
2023-04-06,53.1107,54.6647
2023-04-10,53.1668,54.7241
2023-04-11,53.1635,54.7215
2023-04-12,53.1928,54.7520
2023-04-13,53.1836,54.7429
2023-04-17,53.1922,54.7534
2023-04-18,53.2411,54.8042
2023-04-19,53.2534,54.8172
2023-04-20,53.2820,54.8471
2023-04-21,53.3218,54.8885
2023-04-24,53.3807,54.9503
2023-04-25,53.4153,54.9864
2023-04-26,53.4292,55.0011
2023-04-27,53.4467,55.0194
2023-04-28,53.4474,55.0206
2023-05-02,53.4872,55.0632
2023-05-03,53.5993,55.1790
2023-05-04,53.5863,55.1660
2023-05-08,53.6092,55.1912
2023-05-09,53.6306,55.2137
2023-05-10,53.6381,55.2218
2023-05-11,53.6515,55.2360
2023-05-12,53.7113,55.2980
2023-05-15,53.7415,55.3303
2023-05-16,53.8025,55.3935
2023-05-17,53.8254,55.4175
2023-05-18,53.8150,55.4072
2023-05-19,53.7984,55.3905
2023-05-22,53.8953,55.4915
2023-05-23,53.8421,55.4372
2023-05-24,53.8727,55.4690
2023-05-25,53.8595,55.4558
2023-05-26,53.8696,55.4666
2023-05-29,53.8575,55.4554
2023-05-30,53.8644,55.4629
2023-05-31,53.9185,55.5190
2023-06-01,53.9441,55.5458
2023-06-02,53.9554,55.5578
2023-06-05,53.9514,55.5548
2023-06-06,53.9717,55.5762
2023-06-07,53.9743,55.5791
2023-06-08,53.9013,55.5044
2023-06-09,53.8937,55.4970
2023-06-12,53.9351,55.5408
2023-06-13,53.9601,55.5670
2023-06-14,53.9578,55.5649
2023-06-15,53.9364,55.5433
2023-06-16,53.9576,55.5655
2023-06-19,53.9748,55.5844
2023-06-20,53.9759,55.5859
2023-06-21,53.9666,55.5767
2023-06-22,53.9465,55.5565
2023-06-23,53.9545,55.5651
2023-06-26,53.9753,55.5877
2023-06-27,53.9872,55.6003
2023-06-28,54.0136,55.6280
2023-06-30,53.9356,55.5484
2023-07-03,53.9492,55.5636
2023-07-04,53.9238,55.5379
2023-07-05,53.9600,55.5755
2023-07-06,53.9104,55.5248
2023-07-07,53.8785,55.4924
2023-07-10,53.9007,55.5165
2023-07-11,54.0188,55.6385
2023-07-12,53.9965,55.6159
2023-07-13,54.1219,55.7455
2023-07-14,54.1255,55.7496
2023-07-17,54.1918,55.8190
2023-07-18,54.2624,55.8922
2023-07-19,54.2483,55.8781
2023-07-20,54.2230,55.8524
2023-07-21,54.2132,55.8427
2023-07-24,54.2598,55.8919
2023-07-25,54.2163,55.8475
2023-07-26,54.2227,55.8544
2023-07-27,54.1997,55.8311
2023-07-28,54.1510,55.7814
2023-07-31,54.1560,55.7878
2023-08-01,54.2088,55.8425
2023-08-02,54.2197,55.8541
2023-08-03,54.1505,55.7833
2023-08-04,54.1629,55.7965
2023-08-07,54.1941,55.8298
2023-08-08,54.2440,55.8816
2023-08-09,54.2406,55.8784
2023-08-10,54.2825,55.9220
2023-08-11,54.2223,55.8604
2023-08-14,54.2203,55.8595
2023-08-17,54.1045,55.7414
2023-08-18,54.1976,55.8377
2023-08-21,54.2306,55.8730
2023-08-22,54.2471,55.8903
2023-08-23,54.3251,55.9711
2023-08-24,54.3526,55.9999
2023-08-25,54.3263,55.9731
2023-08-28,54.4066,56.0571
2023-08-29,54.4239,56.0753
2023-08-30,54.4265,56.0784
2023-08-31,54.4653,56.1188
2023-09-01,54.4635,56.1173
2023-09-04,54.4418,56.0961
2023-09-05,54.4428,56.0975
2023-09-06,54.4403,56.0954
2023-09-07,54.5066,56.1641
2023-09-08,54.4506,56.1068
2023-09-11,54.3791,56.0343
2023-09-12,54.3990,56.0552
2023-09-13,54.5043,56.1641
2023-09-14,54.7029,56.3692
2023-09-15,54.5530,56.2151
2023-09-18,54.5892,56.2536
2023-09-20,54.6108,56.2766
2023-09-21,54.6689,56.3370
2023-09-22,54.6814,56.3502
2023-09-25,54.7057,56.3765
2023-09-26,54.7245,56.3963
2023-09-27,54.6881,56.3591
2023-09-29,54.6481,56.3187
2023-10-03,54.5821,56.2523
2023-10-04,54.5717,56.2420
2023-10-05,54.6999,56.3745
2023-10-06,54.2220,55.8823
2023-10-09,54.2070,55.8681
2023-10-10,54.2232,55.8852
2023-10-11,54.2933,55.9579
2023-10-12,54.3015,55.9667
2023-10-13,54.3018,55.9674
2023-10-16,54.3024,55.9693
2023-10-17,54.3246,55.9925
2023-10-18,54.2972,55.9646
2023-10-19,54.2787,55.9460
2023-10-20,54.2964,55.9646
2023-10-23,54.2696,55.9382
2023-10-25,54.3563,56.0284
2023-10-26,54.3191,55.9904
2023-10-27,54.3648,56.0380
2023-10-30,54.3629,56.0372
2023-10-31,54.3873,56.0628
2023-11-01,54.3965,56.0727
2023-11-02,54.4939,56.1734
2023-11-03,54.5198,56.2005
2023-11-06,54.5807,56.2645
2023-11-07,54.6303,56.3160
2023-11-08,54.6808,56.3685
2023-11-09,54.6892,56.3775
2023-11-10,54.6107,56.2970
2023-11-13,54.6751,56.3646
2023-11-15,54.8577,56.5536
2023-11-16,54.8539,56.5502
2023-11-17,54.9165,56.6151
2023-11-20,54.8344,56.5317
2023-11-21,54.8001,56.4967
2023-11-22,54.8663,56.5653
2023-11-23,54.8603,56.5596
2023-11-24,54.8145,56.5128
2023-11-28,54.8347,56.5352
2023-11-29,54.9022,56.6052
2023-11-30,54.8232,56.5241
2023-12-01,54.7984,56.4990
2023-12-04,54.8889,56.5935
2023-12-05,54.9262,56.6324
2023-12-06,54.9788,56.6870
2023-12-07,55.0295,56.7397
2023-12-08,54.9469,56.6549
2023-12-11,54.9254,56.6340
2023-12-12,54.9497,56.6594
2023-12-13,55.0102,56.7222
2023-12-14,55.2511,56.9710
2023-12-15,55.3753,57.0995
2023-12-18,55.4433,57.1708
2023-12-19,55.4149,57.1420
2023-12-20,55.4215,57.1492
2023-12-21,55.3541,57.0801
2023-12-22,55.3538,57.0802
2023-12-26,55.4071,57.1368
2023-12-27,55.3365,57.0644
2023-12-28,55.3381,57.0664
2023-12-29,55.4549,57.1873
2024-01-01,55.3844,57.1158
2024-01-02,55.3527,57.0835
2024-01-03,55.3500,57.0811
2024-01-04,55.3456,57.0770
2024-01-05,55.3185,57.0494
2024-01-08,55.4805,57.2177
2024-01-09,55.5253,57.2643
2024-01-10,55.5891,57.3306
2024-01-11,55.6432,57.3868
2024-01-12,55.5927,57.3351
2024-01-15,55.7343,57.4823
2024-01-16,55.7593,57.5085
2024-01-17,55.7090,57.4571
2024-01-18,55.6565,57.4033
2024-01-19,55.6927,57.4411
2024-01-23,55.7363,57.4877
2024-01-24,55.7333,57.4850
2024-01-25,55.7768,57.5303
2024-01-29,55.8637,57.6215
2024-01-30,55.9003,57.6597
2024-01-31,55.9523,57.7137
2024-02-01,56.3271,58.1008
2024-02-02,56.4249,58.2020
2024-02-05,56.3342,58.1098
2024-02-06,56.3441,58.1203
2024-02-07,56.4241,58.2033
2024-02-08,56.4261,58.2058
2024-02-09,56.3306,58.1077
2024-02-12,56.4100,58.1908
2024-02-13,56.4090,58.1903
2024-02-14,56.3829,58.1637
2024-02-15,56.5177,58.3032
2024-02-16,56.4781,58.2628
2024-02-20,56.6464,58.4381
2024-02-21,56.7158,58.5100
2024-02-22,56.6595,58.4523
2024-02-23,56.6177,58.4096
2024-02-26,56.6946,58.4903
2024-02-27,56.6776,58.4731
2024-02-28,56.6903,58.4867
2024-02-29,56.6633,58.4588
2024-03-01,56.7588,58.5577
2024-03-04,56.7822,58.5832
2024-03-05,56.8048,58.6068
2024-03-06,56.8185,58.6214
2024-03-07,56.9081,58.7143
2024-03-11,57.0123,58.8235
2024-03-12,56.9627,58.7727
2024-03-13,56.9238,58.7330
2024-03-14,56.9202,58.7297
2024-03-15,56.8634,58.6715
2024-03-18,56.7844,58.5913
2024-03-19,56.7629,58.5695
2024-03-20,56.7741,58.5814
2024-03-21,56.9381,58.7510
2024-03-22,56.8288,58.6386
2024-03-26,56.8341,58.6458
2024-03-27,56.9125,58.7271
2024-03-28,57.0527,58.8722
2024-03-31,57.0716,58.8929
2024-04-02,56.8897,58.7061
2024-04-03,56.9063,58.7236
2024-04-04,56.9571,58.7764
2024-04-05,56.8937,58.7115
2024-04-08,56.7839,58.5994
2024-04-10,56.9333,58.7544
2024-04-12,56.7346,58.5502
2024-04-15,56.7829,58.6013
2024-04-16,56.7046,58.5209
2024-04-18,56.7710,58.5903
2024-04-19,56.6183,58.4331
2024-04-22,56.7524,58.5727
2024-04-23,56.8524,58.6763
2024-04-24,56.7983,58.6210
2024-04-25,56.7490,58.5705
2024-04-26,56.7876,58.6108
2024-04-29,56.8242,58.6498
2024-04-30,56.8127,58.6383
2024-05-02,56.9475,58.7783
2024-05-03,57.0354,58.8694
2024-05-06,57.2271,59.0686
2024-05-07,57.1486,58.9880
2024-05-08,57.1324,58.9716
2024-05-09,57.1645,59.0052
2024-05-10,57.2260,59.0691
2024-05-13,57.2975,59.1442
2024-05-14,57.3478,59.1965
2024-05-15,57.4362,59.2882
2024-05-16,57.4885,59.3426
2024-05-17,57.4349,59.2876
2024-05-21,57.5324,59.3900
2024-05-22,57.6787,59.5414
2024-05-24,57.7180,59.5829
2024-05-27,57.7826,59.6509
2024-05-28,57.7313,59.5983
2024-05-29,57.6896,59.5557
2024-05-30,57.7223,59.5899
2024-05-31,57.7722,59.6418
2024-06-03,57.9779,59.8555
2024-06-04,57.5960,59.4617
2024-06-05,57.6625,59.5307
2024-06-06,57.7241,59.5947
2024-06-07,57.7204,59.5913
2024-06-10,57.7022,59.5738
2024-06-11,57.7735,59.6478
2024-06-12,57.7872,59.6624
2024-06-13,57.9006,59.7799
2024-06-14,57.9147,59.7949
2024-06-18,57.9625,59.8459
2024-06-19,58.0055,59.8908
2024-06-20,58.0053,59.8910
2024-06-21,58.0447,59.9321
2024-06-24,58.0775,59.9673
2024-06-25,58.0354,59.9242
2024-06-26,58.0005,59.8885
2024-06-27,57.9981,59.8866
2024-06-28,57.9987,59.8876
2024-07-01,58.0018,59.8920
2024-07-02,58.0246,59.9160
2024-07-03,58.0658,59.9591
2024-07-04,58.0736,59.9675
2024-07-05,58.0884,59.9832
2024-07-08,58.1403,60.0381
2024-07-09,58.1638,60.0628
2024-07-10,58.2138,60.1148
2024-07-11,58.2111,60.1124
2024-07-12,58.2059,60.1075
2024-07-15,58.2437,60.1478
2024-07-16,58.3278,60.2351
2024-07-18,58.3658,60.2752
2024-07-19,58.3690,60.2790
2024-07-22,58.3883,60.3002
2024-07-23,58.4154,60.3286
2024-07-24,58.4654,60.3806
2024-07-25,58.5339,60.4519
2024-07-26,58.5713,60.4909
2024-07-29,58.6507,60.5742
2024-07-30,58.6029,60.5252
2024-07-31,58.6256,60.5492
2024-08-01,58.6563,60.5813
2024-08-02,58.7187,60.6462
2024-08-05,58.8631,60.7966
2024-08-06,58.8596,60.7934
2024-08-07,58.9098,60.8457
2024-08-08,58.8688,60.8038
2024-08-09,58.8682,60.8036
2024-08-12,58.8977,60.8354
2024-08-13,58.9054,60.8438
2024-08-14,59.0044,60.9464
2024-08-16,59.0003,60.9431
2024-08-19,59.0923,61.0394
2024-08-20,59.1636,61.1135
2024-08-21,59.1782,61.1291
2024-08-22,59.1860,61.1375
2024-08-23,59.1680,61.1193
2024-08-26,59.2124,61.1665
2024-08-27,59.1811,61.1346
2024-08-28,59.1839,61.1380
2024-08-29,59.1889,61.1435
2024-08-30,59.1889,61.1440
2024-09-02,59.1838,61.1400
2024-09-03,59.2234,61.1814
2024-09-04,59.2979,61.2588
2024-09-05,59.3148,61.2767
2024-09-06,59.3066,61.2687
2024-09-09,59.3411,61.3055
2024-09-10,59.3770,61.3431
2024-09-11,59.4811,61.4511
2024-09-12,59.5549,61.5278
2024-09-13,59.6069,61.5819
2024-09-16,59.7441,61.7250
2024-09-17,59.6773,61.6564
2024-09-19,59.7923,61.7761
2024-09-20,59.7769,61.7606
2024-09-23,59.8090,61.7951
2024-09-24,59.8546,61.8426
2024-09-25,59.9730,61.9655
2024-09-26,60.0660,62.0620
2024-09-27,59.9094,61.9007
2024-09-30,59.9945,61.9898
2024-10-01,60.1007,62.1000
2024-10-03,59.9548,61.9501
2024-10-04,59.7094,61.6971
2024-10-07,59.6830,61.6711
2024-10-08,59.8243,61.8176
2024-10-09,59.9717,61.9703
2024-10-10,59.9276,61.9251
2024-10-11,59.8777,61.8740
2024-10-14,59.9580,61.9584
2024-10-15,60.0190,62.0219
2024-10-16,60.0051,62.0079
2024-10-17,59.9400,61.9411
2024-10-18,59.8251,61.8228
2024-10-21,59.8067,61.8051
2024-10-22,59.8397,61.8396
2024-10-23,59.9000,61.9024
2024-10-24,59.8752,61.8772
2024-10-25,59.7839,61.7833
2024-10-28,59.7108,61.7090
2024-10-29,59.8084,61.8104
2024-10-30,59.9062,61.9119
2024-10-31,59.8355,61.8393
2024-11-04,59.9199,61.9282
2024-11-05,59.9128,61.9213
2024-11-06,59.8962,61.9047
2024-11-07,59.9068,61.9160
2024-11-08,59.9648,61.9763
2024-11-11,60.0065,62.0207
2024-11-12,59.9637,61.9769
2024-11-13,59.9050,61.9167
2024-11-14,59.7238,61.7298
2024-11-18,59.8139,61.8247
2024-11-19,59.8440,61.8561
2024-11-21,59.7598,61.7700
2024-11-22,59.7295,61.7391
2024-11-25,59.8636,61.8789
2024-11-26,59.8363,61.8512
2024-11-27,59.9108,61.9286
2024-11-28,59.9075,61.9256
2024-11-29,60.1113,62.1367
2024-12-02,60.3354,62.3696
2024-12-03,60.3205,62.3546
2024-12-04,60.4711,62.5108
2024-12-05,60.5003,62.5414
2024-12-06,60.2447,62.2776
2024-12-09,60.4069,62.4467
2024-12-10,60.4498,62.4914
2024-12-11,60.3938,62.4340
2024-12-12,60.3820,62.4222
2024-12-13,60.4922,62.5366
2024-12-16,60.4881,62.5337
2024-12-17,60.4026,62.4457
2024-12-18,60.4523,62.4976
2024-12-19,60.2565,62.2956
2024-12-20,60.2184,62.2566
2024-12-23,60.2775,62.3191
2024-12-24,60.2431,62.2839
2024-12-26,60.1881,62.2280
2024-12-27,60.2007,62.2415
2024-12-30,60.2811,62.3259
2024-12-31,60.3995,62.4488
2025-01-01,60.2917,62.3377
2025-01-02,60.2961,62.3428
2025-01-03,60.3175,62.3653
2025-01-06,60.3904,62.4420
2025-01-07,60.5113,62.5675
2025-01-08,60.4561,62.5108
2025-01-09,60.4485,62.5034
2025-01-10,60.4232,62.4777
2025-01-13,60.0284,62.0708
2025-01-14,60.0932,62.1383
2025-01-15,60.1493,62.1967
2025-01-16,60.3912,62.4474
2025-01-17,60.3056,62.3592
2025-01-20,60.4197,62.4786
2025-01-21,60.6197,62.6858
2025-01-22,60.7637,62.8352
2025-01-23,60.7350,62.8060
2025-01-24,60.8331,62.9078
2025-01-27,61.0218,63.1043
2025-01-28,60.9580,63.0388
2025-01-29,60.8956,62.9747
2025-01-30,60.9101,62.9902
2025-01-31,60.8407,62.9188
2025-02-03,60.8571,62.9371
2025-02-04,60.8344,62.9142
2025-02-05,60.9226,63.0058
2025-02-06,61.0313,63.1186
2025-02-07,60.8288,62.9096
2025-02-10,60.8090,62.8906
2025-02-11,60.8440,62.9272
2025-02-12,60.8709,62.9554
2025-02-13,60.7864,62.8685
2025-02-14,60.8170,62.9006
2025-02-17,60.8771,62.9641
2025-02-18,60.9169,63.0057
2025-02-20,60.8401,62.9272
2025-02-21,60.7729,62.8581
2025-02-24,60.8095,62.8973
2025-02-25,60.7903,62.8779
2025-02-27,60.7234,62.8097
2025-02-28,60.6607,62.7452
2025-03-03,60.6389,62.7240
2025-03-04,60.6319,62.7172
2025-03-05,60.7732,62.8638
2025-03-06,60.9322,63.0288
2025-03-07,60.9861,63.0850
2025-03-10,61.0045,63.1055
2025-03-11,61.0871,63.1914
2025-03-12,61.1925,63.3009
2025-03-13,61.2245,63.3346
2025-03-17,61.3309,63.4466
2025-03-18,61.4127,63.5317
2025-03-19,61.5788,63.7040
2025-03-20,61.6938,63.8234
2025-03-21,61.6842,63.8140
2025-03-24,61.7014,63.8333
2025-03-25,61.6949,63.8270
2025-03-26,61.8564,63.9946
2025-03-27,61.9083,64.0488
2025-03-28,62.0519,64.1979
2025-03-31,62.0701,64.2182
2025-04-02,62.5223,64.6870
2025-04-03,62.4708,64.6342
2025-04-04,62.5891,64.7571
2025-04-07,62.5244,64.6917
2025-04-08,62.5362,64.7044
2025-04-09,62.6270,64.7988
2025-04-11,62.6806,64.8552
2025-04-15,62.8251,65.0068
2025-04-16,62.8839,65.0681
2025-04-17,62.9482,65.1352
2025-04-21,63.2386,65.4376
2025-04-22,63.3795,65.5840
2025-04-23,63.4339,65.6408
2025-04-24,63.4511,65.6590
2025-04-25,63.2828,65.4854
2025-04-28,63.1782,65.3787
2025-04-29,63.4105,65.6195
2025-04-30,63.3458,65.5531
2025-05-02,63.3814,65.5909
2025-05-05,63.5210,65.7369
2025-05-06,63.3974,65.6095
2025-05-07,63.4410,65.6552
2025-05-08,63.1228,65.3264
2025-05-09,63.0669,65.2690
2025-05-13,63.3739,65.5887
2025-05-14,63.5783,65.8008
2025-05-15,63.6178,65.8422
2025-05-16,63.7253,65.9539
2025-05-19,63.6441,65.8714
2025-05-20,63.7279,65.9587
2025-05-21,63.7932,66.0267
2025-05-22,63.6630,65.8924
2025-05-23,63.7306,65.9628
2025-05-26,63.7735,66.0087
2025-05-27,63.8025,66.0391
2025-05-28,63.8471,66.0858
2025-05-29,63.7803,66.0171
2025-05-30,63.6536,65.8865
2025-06-02,63.6766,65.9117
2025-06-03,63.7122,65.9490
2025-06-04,63.6839,65.9202
2025-06-05,63.7207,65.9587
2025-06-06,63.3718,65.5980
2025-06-09,63.0622,65.2789
2025-06-10,62.9782,65.1924
2025-06-11,62.9102,65.1225
2025-06-12,62.8935,65.1057
2025-06-13,62.7737,64.9822
2025-06-16,62.9737,65.1906
2025-06-17,62.9468,65.1632
2025-06-18,62.8774,65.0918
2025-06-19,62.6547,64.8617
2025-06-20,62.7322,64.9425
2025-06-23,62.7947,65.0085
2025-06-24,62.9416,65.1611
2025-06-25,62.7892,65.0037
2025-06-26,62.7991,65.0145
2025-06-27,62.7076,64.9201
2025-06-30,62.7928,65.0097
2025-07-01,62.9426,65.1653
2025-07-02,63.0501,65.2771
2025-07-03,63.0025,65.2282
2025-07-04,63.0114,65.2380
2025-07-07,63.0372,65.2660
2025-07-08,63.0039,65.2321
2025-07-09,62.9646,65.1919
2025-07-10,62.9042,65.1298
2025-07-11,63.1538,65.3886
2025-07-14,63.2547,65.4945
2025-07-15,63.2265,65.4658
2025-07-16,63.2135,65.4528
2025-07-17,63.2611,65.5025
2025-07-18,63.4124,65.6596
2025-07-21,63.4739,65.7247
2025-07-22,63.4827,65.7343
2025-07-23,63.4620,65.7133
2025-07-24,63.4160,65.6663
2025-07-25,63.2832,65.5291
2025-07-28,63.1954,65.4397
2025-07-29,63.1530,65.3962
2025-07-30,63.1385,65.3816
2025-07-31,63.1304,65.3737
2025-08-01,63.1727,65.4181
2025-08-04,63.3465,65.5994
2025-08-05,63.2195,65.4683
2025-08-06,62.8356,65.0713
2025-08-07,62.8690,65.1062
2025-08-08,62.8094,65.0450
2025-08-11,62.5261,64.7531
2025-08-12,62.3733,64.5952
2025-08-13,62.3445,64.5659
2025-08-14,62.7094,64.9442
2025-08-18,62.2821,64.5035
2025-08-19,62.2179,64.4375
2025-08-20,62.3045,64.5276
2025-08-21,62.1664,64.3851
2025-08-22,62.1473,64.3658
2025-08-25,61.9277,64.1398
2025-08-26,61.7390,63.9447
2025-08-28,62.1044,64.3241
2025-08-29,61.8017,64.0111
2025-09-01,61.7944,64.0048
2025-09-02,61.7746,63.9848
2025-09-03,62.0751,64.2965
2025-09-04,62.3712,64.6037
2025-09-05,62.6081,64.8495
2025-09-09,62.5181,64.7582
2025-09-10,62.4979,64.7376
2025-09-11,62.4900,64.7299
2025-09-12,62.5407,64.7829
2025-09-15,62.5362,64.7797
2025-09-16,62.5696,64.8147
2025-09-17,62.7430,64.9948
2025-09-18,62.5947,64.8417
2025-09-19,62.7054,64.9567
2025-09-22,62.6866,64.9387
2025-09-23,62.7175,64.9711
2025-09-24,62.6910,64.9442
2025-09-25,62.7353,64.9905
2025-09-26,62.7189,64.9740
2025-09-30,62.6507,64.9051
2025-10-01,62.8459,65.1079
2025-10-03,62.9075,65.1726
2025-10-06,62.9473,65.2153
2025-10-07,63.0069,65.2775
2025-10-08,63.0381,65.3105
2025-10-09,62.9986,65.2700
2025-10-10,62.9849,65.2563
2025-10-13,63.0659,65.3418
2025-10-14,63.1063,65.3842
2025-10-15,63.1794,65.4605
2025-10-16,63.1497,65.4301
2025-10-17,63.1322,65.4125
2025-10-20,63.1554,65.4382
2025-10-23,63.0685,65.3496
2025-10-24,63.0895,65.3720
2025-10-27,63.1021,65.3866
2025-10-28,63.0968,65.3816
2025-10-29,63.1266,65.4131
2025-10-30,63.0133,65.2961
2025-10-31,63.0999,65.3864
2025-11-03,63.1205,65.4092
2025-11-04,63.1562,65.4468
2025-11-06,63.2167,65.5106
2025-11-07,63.2134,65.5077
2025-11-10,63.2816,65.5798
2025-11-11,63.2810,65.5798
2025-11-12,63.3065,65.6067
2025-11-13,63.2818,65.5817
2025-11-14,63.2484,65.5476
2025-11-17,63.2420,65.5424
2025-11-18,63.2908,65.5935
2025-11-19,63.3053,65.6091
2025-11-20,63.3197,65.6245
2025-11-21,63.2818,65.5858
2025-11-24,63.3567,65.6650
2025-11-25,63.4613,65.7740
2025-11-26,63.4823,65.7963
2025-11-27,63.4699,65.7839
2025-11-28,63.3568,65.6673
2025-12-01,63.2896,65.5997
2025-12-02,63.4174,65.7328
2025-12-03,63.3659,65.6801
2025-12-04,63.3548,65.6693
2025-12-05,63.5007,65.8211
2025-12-08,63.4433,65.7637
2025-12-09,63.3003,65.6161
2025-12-10,63.2376,65.5517
2025-12-11,63.3184,65.6361
2025-12-12,63.3269,65.6457
2025-12-15,63.3398,65.6610
2025-12-16,63.3736,65.6967
2025-12-17,63.3660,65.6896
2025-12-18,63.4100,65.7358
2025-12-19,63.3687,65.6936
2025-12-22,63.2536,65.5764
2025-12-23,63.2443,65.5674
2025-12-24,63.5078,65.8412
2025-12-26,63.4629,65.7960
2025-12-29,63.4860,65.8220
2025-12-30,63.4746,65.8109
2025-12-31,63.4544,65.7908
2026-01-01,63.4836,65.8218
2026-01-02,63.4450,65.7825
2026-01-05,63.3712,65.7083
2026-01-06,63.4194,65.7591
2026-01-07,63.4717,65.8140
2026-01-08,63.4516,65.7940
2026-01-09,63.4445,65.7873
2026-01-12,63.5183,65.8662
2026-01-13,63.4717,65.8186
2026-01-14,63.4088,65.7541
2026-01-16,63.3336,65.6776
2026-01-19,63.3411,65.6876
2026-01-20,63.3803,65.7291
2026-01-21,63.4470,65.7991
2026-01-22,63.5557,65.9125
2026-01-23,63.5288,65.8855
2026-01-27,63.4307,65.7872
2026-01-28,63.4881,65.8476
2026-01-29,63.5224,65.8840
2026-01-30,63.6320,65.9986
2026-02-02,63.4412,65.8032
2026-02-03,63.6232,65.9929
2026-02-04,63.7338,66.1085
2026-02-05,63.8810,66.2621
2026-02-06,63.5976,65.9690
2026-02-09,63.5656,65.9383
2026-02-10,63.6737,66.0514
2026-02-11,63.7398,66.1208
2026-02-12,63.8596,66.2459
2026-02-13,63.8694,66.2570
2026-02-16,64.0000,66.3951
2026-02-17,64.0726,66.4713
2026-02-18,64.0160,66.4134
2026-02-20,63.9148,66.3102
2026-02-23,64.0291,66.4314
2026-02-24,64.1455,66.5530
2026-02-25,64.2358,66.6476
2026-02-26,64.2417,66.6546
2026-02-27,64.3453,66.7629
2026-03-02,64.3215,66.7409
2026-03-04,64.2217,66.6391
2026-03-05,64.2285,66.6470
2026-03-06,64.1480,66.5644
2026-03-09,64.1594,66.5789
2026-03-10,64.3416,66.7687
2026-03-11,64.3450,66.7731
2026-03-12,64.2692,66.6954
2026-03-13,64.2588,66.6855
2026-03-16,64.2282,66.6564
2026-03-17,64.2511,66.6810
2026-03-18,64.2726,66.7042
2026-03-20,64.2304,66.6622
2026-03-23,64.0054,66.4312
2026-03-24,63.9771,66.4028
2026-03-25,64.0213,66.4495
2026-03-27,63.8384,66.2614
2026-03-30,63.7181,66.1391
2026-03-31,63.7275,66.1498
