date,nav_regular_growth,nav_direct_growth
2006-07-06,10.0214,
2006-07-07,10.0230,
2006-07-10,10.0269,
2006-07-11,10.0293,
2006-07-12,10.0313,
2006-07-13,10.0327,
2006-07-14,10.0345,
2006-07-17,10.0392,
2006-07-18,10.0406,
2006-07-19,10.0429,
2006-07-20,10.0438,
2006-07-21,10.0464,
2006-07-24,10.0487,
2006-07-25,10.0504,
2006-07-26,10.0514,
2006-07-27,10.0542,
2006-07-28,10.0637,
2006-07-31,10.0730,
2006-08-01,10.0627,
2006-08-02,10.0639,
2006-08-03,10.0769,
2006-08-04,10.0705,
2006-08-07,10.0782,
2006-08-08,10.0742,
2006-08-09,10.0746,
2006-08-10,10.0750,
2006-08-11,10.0808,
2006-08-14,10.0825,
2006-08-16,10.0908,
2006-08-17,10.0926,
2006-08-18,10.0894,
2006-08-21,10.0878,
2006-08-22,10.0954,
2006-08-23,10.0945,
2006-08-24,10.0898,
2006-08-25,10.0965,
2006-08-28,10.0987,
2006-08-29,10.1045,
2006-08-30,10.1029,
2006-08-31,10.1095,
2006-09-01,10.1055,
2006-09-04,10.1076,
2006-09-05,10.1135,
2006-09-06,10.1298,
2006-09-07,10.1154,
2006-09-08,10.1165,
2006-09-11,10.1510,
2006-09-12,10.1291,
2006-09-13,10.1313,
2006-09-14,10.1320,
2006-09-15,10.1371,
2006-09-18,10.1460,
2006-09-19,10.1553,
2006-09-20,10.1345,
2006-09-21,10.1472,
2006-09-22,10.1487,
2006-09-25,10.1557,
2006-09-26,10.1514,
2006-09-27,10.1552,
2006-09-28,10.1505,
2006-09-29,10.1675,
2006-10-03,10.1741,
2006-10-04,10.1816,
2006-10-05,10.1683,
2006-10-06,10.1734,
2006-10-09,10.1797,
2006-10-10,10.1866,
2006-10-11,10.1992,
2006-10-12,10.1854,
2006-10-13,10.1909,
2006-10-16,10.1973,
2006-10-17,10.1936,
2006-10-18,10.1902,
2006-10-19,10.1880,
2006-10-20,10.1967,
2006-10-23,10.2038,
2006-10-26,10.1962,
2006-10-27,10.2265,
2006-10-30,10.2163,
2006-10-31,10.2313,
2006-11-01,10.2354,
2006-11-02,10.2291,
2006-11-03,10.2310,
2006-11-06,10.2335,
2006-11-07,10.2431,
2006-11-08,10.2375,
2006-11-09,10.2358,
2006-11-10,10.2386,
2006-11-13,10.2457,
2006-11-14,10.2485,
2006-11-15,10.2456,
2006-11-16,10.2584,
2006-11-17,10.2604,
2006-11-20,10.2459,
2006-11-21,10.2520,
2006-11-22,10.2597,
2006-11-23,10.2614,
2006-11-24,10.2733,
2006-11-27,10.2690,
2006-11-28,10.2694,
2006-11-29,10.2651,
2006-11-30,10.2581,
2006-12-01,10.2812,
2006-12-04,10.2885,
2006-12-05,10.3029,
2006-12-06,10.3028,
2006-12-07,10.3002,
2006-12-08,10.3189,
2006-12-11,10.3398,
2006-12-12,10.3438,
2006-12-13,10.3328,
2006-12-14,10.3307,
2006-12-15,10.3279,
2006-12-18,10.3247,
2006-12-19,10.3460,
2006-12-20,10.3441,
2006-12-21,10.3493,
2006-12-22,10.3462,
2006-12-26,10.3444,
2006-12-27,10.3390,
2006-12-28,10.3351,
2006-12-29,10.3575,
2007-01-02,10.3593,
2007-01-03,10.3619,
2007-01-04,10.3821,
2007-01-05,10.3829,
2007-01-08,10.3814,
2007-01-09,10.3827,
2007-01-10,10.3878,
2007-01-11,10.3668,
2007-01-12,10.3727,
2007-01-15,10.3799,
2007-01-16,10.3867,
2007-01-17,10.3910,
2007-01-18,10.3980,
2007-01-19,10.3980,
2007-01-22,10.4007,
2007-01-23,10.4011,
2007-01-24,10.3993,
2007-01-25,10.4054,
2007-01-29,10.4342,
2007-01-31,10.4419,
2007-02-01,10.4241,
2007-02-02,10.4433,
2007-02-05,10.4455,
2007-02-06,10.4475,
2007-02-07,10.4507,
2007-02-08,10.4554,
2007-02-09,10.4719,
2007-02-12,10.4841,
2007-02-13,10.4806,
2007-02-14,10.4689,
2007-02-15,10.4742,
2007-02-19,10.4827,
2007-02-20,10.4866,
2007-02-21,10.4862,
2007-02-22,10.4826,
2007-02-23,10.5056,
2007-02-26,10.4921,
2007-02-27,10.5150,
2007-02-28,10.5243,
2007-03-01,10.5179,
2007-03-02,10.5307,
2007-03-05,10.5502,
2007-03-06,10.5470,
2007-03-07,10.5529,
2007-03-08,10.5572,
2007-03-09,10.5570,
2007-03-12,10.5605,
2007-03-13,10.5647,
2007-03-14,10.5827,
2007-03-15,10.5821,
2007-03-16,10.5826,
2007-03-19,10.5758,
2007-03-20,10.5907,
2007-03-21,10.5815,
2007-03-22,10.5873,
2007-03-23,10.5853,
2007-03-26,10.5835,
2007-03-28,10.5907,
2007-03-29,10.5901,
2007-03-30,10.6291,
2007-04-02,10.6559,
2007-04-03,10.6497,
2007-04-04,10.6508,
2007-04-05,10.6544,
2007-04-09,10.6480,
2007-04-10,10.6523,
2007-04-11,10.6560,
2007-04-12,10.6597,
2007-04-13,10.6553,
2007-04-16,10.6518,
2007-04-17,10.6644,
2007-04-18,10.6636,
2007-04-19,10.6624,
2007-04-20,10.6695,
2007-04-23,10.6771,
2007-04-24,10.6793,
2007-04-25,10.6748,
2007-04-26,10.6842,
2007-04-27,10.7119,
2007-04-30,10.6880,
2007-05-03,10.6912,
2007-05-04,10.6950,
2007-05-07,10.7158,
2007-05-08,10.7306,
2007-05-09,10.7109,
2007-05-10,10.7439,
2007-05-11,10.7305,
2007-05-14,10.7227,
2007-05-15,10.7219,
2007-05-16,10.7214,
2007-05-17,10.7330,
2007-05-18,10.7256,
2007-05-21,10.7437,
2007-05-22,10.7359,
2007-05-23,10.7515,
2007-05-24,10.7556,
2007-05-25,10.7376,
2007-05-28,10.7590,
2007-05-29,10.7631,
2007-05-30,10.7706,
2007-05-31,10.7633,
2007-06-01,10.7809,
2007-06-04,10.7987,
2007-06-05,10.7858,
2007-06-06,10.8033,
2007-06-07,10.8022,
2007-06-08,10.8074,
2007-06-11,10.8161,
2007-06-12,10.8138,
2007-06-13,10.8275,
2007-06-14,10.8159,
2007-06-15,10.8350,
2007-06-18,10.8342,
2007-06-19,10.8240,
2007-06-20,10.8235,
2007-06-21,10.8230,
2007-06-22,10.8277,
2007-06-25,10.8361,
2007-06-26,10.8377,
2007-06-27,10.8444,
2007-06-28,10.8336,
2007-06-29,10.8572,
2007-07-02,10.8602,
2007-07-03,10.8586,
2007-07-04,10.8525,
2007-07-05,10.8654,
2007-07-06,10.8765,
2007-07-09,10.8803,
2007-07-10,10.8866,
2007-07-11,10.8805,
2007-07-12,10.8865,
2007-07-13,10.9019,
2007-07-16,10.8909,
2007-07-17,10.9032,
2007-07-18,10.8986,
2007-07-19,10.9002,
2007-07-20,10.9129,
2007-07-23,10.9102,
2007-07-24,10.9280,
2007-07-25,10.9168,
2007-07-26,10.8995,
2007-07-27,10.9538,
2007-07-30,10.9571,
2007-07-31,10.9484,
2007-08-01,10.9943,
2007-08-02,10.9817,
2007-08-03,10.9742,
2007-08-06,10.9775,
2007-08-07,10.9756,
2007-08-08,10.9721,
2007-08-09,10.9933,
2007-08-10,10.9822,
2007-08-13,10.9791,
2007-08-14,10.9904,
2007-08-16,11.0040,
2007-08-17,10.9963,
2007-08-20,10.9964,
2007-08-21,11.0116,
2007-08-22,11.0068,
2007-08-23,11.0185,
2007-08-24,11.0079,
2007-08-27,11.0240,
2007-08-28,11.0323,
2007-08-29,11.0207,
2007-08-30,11.0374,
2007-08-31,11.0550,
2007-09-03,11.0542,
2007-09-04,11.0664,
2007-09-05,11.0724,
2007-09-06,11.0557,
2007-09-07,11.0702,
2007-09-10,11.0599,
2007-09-11,11.0650,
2007-09-12,11.0643,
2007-09-13,11.0611,
2007-09-14,11.0762,
2007-09-17,11.0722,
2007-09-18,11.0728,
2007-09-19,11.0747,
2007-09-20,11.0834,
2007-09-21,11.0782,
2007-09-24,11.0724,
2007-09-25,11.0850,
2007-09-26,11.0950,
2007-09-27,11.0733,
2007-09-28,11.0884,
2007-10-01,11.1122,
2007-10-03,11.1234,
2007-10-04,11.1161,
2007-10-05,11.1386,
2007-10-08,11.1604,
2007-10-09,11.1449,
2007-10-10,11.1461,
2007-10-11,11.1472,
2007-10-12,11.1613,
2007-10-15,11.1420,
2007-10-16,11.1412,
2007-10-17,11.1449,
2007-10-18,11.1856,
2007-10-19,11.1797,
2007-10-22,11.1826,
2007-10-23,11.1768,
2007-10-24,11.1906,
2007-10-25,11.1821,
2007-10-26,11.1767,
2007-10-29,11.1907,
2007-10-30,11.1815,
2007-10-31,11.1931,
2007-11-01,11.2208,
2007-11-02,11.1667,
2007-11-05,11.2048,
2007-11-06,11.2134,
2007-11-07,11.2030,
2007-11-08,11.1820,
2007-11-12,11.1871,
2007-11-13,11.1960,
2007-11-14,11.2112,
2007-11-15,11.2207,
2007-11-16,11.2189,
2007-11-19,11.1970,
2007-11-20,11.2142,
2007-11-21,11.2324,
2007-11-22,11.2188,
2007-11-23,11.2160,
2007-11-26,11.2330,
2007-11-27,11.2324,
2007-11-28,11.2445,
2007-11-29,11.1955,
2007-11-30,11.2291,
2007-12-03,11.2536,
2007-12-04,11.2472,
2007-12-05,11.2335,
2007-12-06,11.2626,
2007-12-07,11.2585,
2007-12-10,11.2643,
2007-12-11,11.2696,
2007-12-12,11.2523,
2007-12-13,11.2767,
2007-12-14,11.2566,
2007-12-17,11.2925,
2007-12-18,11.2626,
2007-12-19,11.2744,
2007-12-20,11.2822,
2007-12-24,11.2729,
2007-12-26,11.2848,
2007-12-27,11.2645,
2007-12-28,11.2837,
2007-12-31,11.2727,
2008-01-01,11.2989,
2008-01-02,11.3055,
2008-01-03,11.3257,
2008-01-04,11.3393,
2008-01-07,11.3245,
2008-01-08,11.3520,
2008-01-09,11.3487,
2008-01-10,11.3685,
2008-01-11,11.3479,
2008-01-14,11.3489,
2008-01-15,11.3693,
2008-01-16,11.3476,
2008-01-17,11.3480,
2008-01-18,11.3655,
2008-01-21,11.4363,
2008-01-22,11.4629,
2008-01-23,11.4405,
2008-01-24,11.4325,
2008-01-25,11.4183,
2008-01-28,11.4232,
2008-01-29,11.4285,
2008-01-30,11.4370,
2008-01-31,11.4274,
2008-02-01,11.4358,
2008-02-04,11.4428,
2008-02-05,11.4399,
2008-02-06,11.4488,
2008-02-07,11.4546,
2008-02-08,11.4577,
2008-02-11,11.4705,
2008-02-12,11.4799,
2008-02-13,11.4741,
2008-02-14,11.4780,
2008-02-15,11.4883,
2008-02-18,11.4935,
2008-02-19,11.5009,
2008-02-20,11.5044,
2008-02-21,11.5029,
2008-02-22,11.5094,
2008-02-25,11.5133,
2008-02-26,11.5218,
2008-02-27,11.5301,
2008-02-28,11.5209,
2008-02-29,11.5309,
2008-03-03,11.5352,
2008-03-04,11.5353,
2008-03-05,11.5373,
2008-03-07,11.5422,
2008-03-10,11.5482,
2008-03-11,11.5553,
2008-03-12,11.5566,
2008-03-13,11.5623,
2008-03-14,11.5588,
2008-03-17,11.5669,
2008-03-18,11.5679,
2008-03-19,11.5750,
2008-03-24,11.5814,
2008-03-25,11.5897,
2008-03-26,11.5919,
2008-03-27,11.5913,
2008-03-28,11.5956,
2008-03-31,11.6081,
2008-04-01,11.6089,
2008-04-02,11.6137,
2008-04-03,11.6157,
2008-04-04,11.6188,
2008-04-07,11.6222,
2008-04-08,11.6285,
2008-04-09,11.6309,
2008-04-10,11.6349,
2008-04-11,11.6375,
2008-04-15,11.6422,
2008-04-16,11.6470,
2008-04-17,11.6498,
2008-04-21,11.6583,
2008-04-22,11.6620,
2008-04-23,11.6641,
2008-04-24,11.6674,
2008-04-25,11.6675,
2008-04-28,11.6763,
2008-04-29,11.6791,
2008-04-30,11.6797,
2008-05-02,11.6864,
2008-05-05,11.6953,
2008-05-06,11.6959,
2008-05-07,11.7001,
2008-05-08,11.7030,
2008-05-09,11.7051,
2008-05-12,11.7119,
2008-05-13,11.7186,
2008-05-14,11.7178,
2008-05-15,11.7221,
2008-05-16,11.7254,
2008-05-20,11.7344,
2008-05-21,11.7336,
2008-05-22,11.7396,
2008-05-23,11.7408,
2008-05-26,11.7469,
2008-05-27,11.7524,
2008-05-28,11.7513,
2008-05-29,11.7569,
2008-05-30,11.7604,
2008-06-02,11.7682,
2008-06-03,11.7700,
2008-06-04,11.7715,
2008-06-05,11.7731,
2008-06-06,11.7768,
2008-06-09,11.7833,
2008-06-10,11.7850,
2008-06-11,11.7883,
2008-06-12,11.7896,
2008-06-13,11.7932,
2008-06-16,11.8002,
2008-06-17,11.8021,
2008-06-18,11.8049,
2008-06-19,11.8076,
2008-06-20,11.8101,
2008-06-23,11.8171,
2008-06-24,11.8205,
2008-06-25,11.8231,
2008-06-26,11.8248,
2008-06-27,11.8276,
2008-06-30,11.8352,
2008-07-01,11.8378,
2008-07-02,11.8399,
2008-07-03,11.8428,
2008-07-04,11.8451,
2008-07-07,11.8525,
2008-07-08,11.8551,
2008-07-09,11.8577,
2008-07-10,11.8605,
2008-07-11,11.8634,
2008-07-14,11.8715,
2008-07-15,11.8742,
2008-07-16,11.8770,
2008-07-17,11.8798,
2008-07-18,11.8826,
2008-07-21,11.8909,
2008-07-22,11.8938,
2008-07-23,11.8965,
2008-07-24,11.8993,
2008-07-25,11.9017,
2008-07-28,11.9104,
2008-07-29,11.9134,
2008-07-30,11.9159,
2008-07-31,11.9186,
2008-08-01,11.9214,
2008-08-04,11.9301,
2008-08-05,11.9321,
2008-08-06,11.9363,
2008-08-07,11.9385,
2008-08-08,11.9405,
2008-08-11,11.9492,
2008-08-12,11.9522,
2008-08-13,11.9548,
2008-08-14,11.9584,
2008-08-18,11.9691,
2008-08-19,11.9709,
2008-08-20,11.9741,
2008-08-21,11.9776,
2008-08-22,11.9798,
2008-08-25,11.9892,
2008-08-26,11.9899,
2008-08-27,11.9948,
2008-08-28,11.9968,
2008-08-29,11.9992,
2008-09-01,12.0082,
2008-09-02,12.0114,
2008-09-04,12.0202,
2008-09-05,12.0231,
2008-09-08,12.0295,
2008-09-09,12.0330,
2008-09-10,12.0352,
2008-09-11,12.0369,
2008-09-12,12.0394,
2008-09-15,12.0537,
2008-09-16,12.0491,
2008-09-17,12.0598,
2008-09-18,12.0599,
2008-09-19,12.0624,
2008-09-22,12.0715,
2008-09-23,12.0731,
2008-09-24,12.0779,
2008-09-25,12.0781,
2008-09-26,12.0892,
2008-09-29,12.0983,
2008-09-30,12.1034,
2008-10-01,12.1037,
2008-10-03,12.1060,
2008-10-06,12.1160,
2008-10-07,12.1179,
2008-10-08,12.1234,
2008-10-10,12.1321,
2008-10-13,12.1335,
2008-10-14,12.1478,
2008-10-15,12.1483,
2008-10-16,12.1496,
2008-10-17,12.1676,
2008-10-20,12.1723,
2008-10-21,12.1780,
2008-10-22,12.1837,
2008-10-23,12.1902,
2008-10-24,12.1920,
2008-10-27,12.2024,
2008-10-29,12.2071,
2008-10-31,12.2207,
2008-11-03,12.2305,
2008-11-04,12.2333,
2008-11-05,12.2376,
2008-11-06,12.2407,
2008-11-07,12.2440,
2008-11-10,12.2545,
2008-11-11,12.2584,
2008-11-12,12.2618,
2008-11-14,12.2687,
2008-11-17,12.2793,
2008-11-18,12.2830,
2008-11-19,12.2866,
2008-11-20,12.2901,
2008-11-21,12.2935,
2008-11-24,12.3040,
2008-11-25,12.3075,
2008-11-26,12.3112,
2008-11-28,12.3179,
2008-12-01,12.3286,
2008-12-02,12.3322,
2008-12-03,12.3358,
2008-12-04,12.3393,
2008-12-05,12.3435,
2008-12-08,12.3539,
2008-12-10,12.3600,
2008-12-11,12.3633,
2008-12-12,12.3664,
2008-12-15,12.3932,
2008-12-16,12.3937,
2008-12-17,12.4061,
2008-12-18,12.4200,
2008-12-19,12.4365,
2008-12-22,12.4444,
2008-12-23,12.4353,
2008-12-24,12.4374,
2008-12-26,12.4467,
2008-12-29,12.4563,
2008-12-30,12.4602,
2008-12-31,12.4678,
2009-01-01,12.4674,
2009-01-02,12.4735,
2009-01-05,12.4790,
2009-01-06,12.4812,
2009-01-07,12.4784,
2009-01-09,12.4568,
2009-01-12,12.4519,
2009-01-13,12.5166,
2009-01-14,12.5408,
2009-01-15,12.5717,
2009-01-16,12.5868,
2009-01-19,12.5837,
2009-01-20,12.5907,
2009-01-21,12.5735,
2009-01-22,12.5495,
2009-01-23,12.5596,
2009-01-27,12.5848,
2009-01-28,12.5494,
2009-01-29,12.5419,
2009-01-30,12.5481,
2009-02-02,12.5507,
2009-02-03,12.5536,
2009-02-04,12.5563,
2009-02-05,12.5613,
2009-02-06,12.5645,
2009-02-09,12.5729,
2009-02-10,12.5759,
2009-02-11,12.5788,
2009-02-12,12.5817,
2009-02-13,12.5846,
2009-02-16,12.5935,
2009-02-17,12.5965,
2009-02-18,12.5982,
2009-02-19,12.6030,
2009-02-20,12.6070,
2009-02-24,12.6180,
2009-02-25,12.6216,
2009-02-26,12.6252,
2009-02-27,12.6325,
2009-03-02,12.6429,
2009-03-03,12.6433,
2009-03-04,12.6487,
2009-03-05,12.6520,
2009-03-06,12.6574,
2009-03-09,12.6673,
2009-03-12,12.6791,
2009-03-13,12.6833,
2009-03-16,12.6913,
2009-03-17,12.6945,
2009-03-18,12.6977,
2009-03-19,12.6988,
2009-03-20,12.7012,
2009-03-23,12.7084,
2009-03-24,12.7105,
2009-03-25,12.7117,
2009-03-26,12.7129,
2009-03-27,12.7076,
2009-03-30,12.7081,
2009-03-31,12.7096,
2009-04-01,12.7124,
2009-04-02,12.7035,
2009-04-06,12.7149,
2009-04-08,12.7181,
2009-04-09,12.7377,
2009-04-13,12.7617,
2009-04-15,12.7551,
2009-04-16,12.7749,
2009-04-17,12.7800,
2009-04-20,12.7935,
2009-04-21,12.7879,
2009-04-22,12.7999,
2009-04-23,12.7941,
2009-04-24,12.8012,
2009-04-27,12.8144,
2009-04-28,12.8202,
2009-04-29,12.8170,
2009-05-04,12.8325,
2009-05-05,12.8381,
2009-05-06,12.8435,
2009-05-07,12.8525,
2009-05-08,12.8557,
2009-05-11,12.8679,
2009-05-12,12.8493,
2009-05-13,12.8661,
2009-05-14,12.8574,
2009-05-15,12.8611,
2009-05-19,12.8520,
2009-05-20,12.8573,
2009-05-21,12.8766,
2009-05-22,12.8747,
2009-05-25,12.8881,
2009-05-26,12.9065,
2009-05-27,12.8880,
2009-05-28,12.9107,
2009-05-29,12.9180,
2009-06-01,12.9069,
2009-06-02,12.9136,
2009-06-03,12.9111,
2009-06-04,12.9078,
2009-06-05,12.9194,
2009-06-08,12.9276,
2009-06-09,12.9237,
2009-06-10,12.9291,
2009-06-11,12.9323,
2009-06-12,12.9439,
2009-06-15,12.9377,
2009-06-16,12.9431,
2009-06-17,12.9715,
2009-06-18,12.9432,
2009-06-19,12.9502,
2009-06-22,12.9720,
2009-06-23,12.9617,
2009-06-24,12.9437,
2009-06-25,12.9449,
2009-06-26,12.9699,
2009-06-29,13.0030,
2009-06-30,13.0211,
2009-07-01,13.0164,
2009-07-02,13.0245,
2009-07-03,13.0146,
2009-07-06,13.0550,
2009-07-07,13.0465,
2009-07-08,13.0573,
2009-07-09,13.0533,
2009-07-10,13.0654,
2009-07-13,13.0663,
2009-07-14,13.0483,
2009-07-15,13.0487,
2009-07-16,13.0637,
2009-07-17,13.0451,
2009-07-20,13.0455,
2009-07-21,13.0488,
2009-07-22,13.0500,
2009-07-23,13.0478,
2009-07-24,13.0523,
2009-07-27,13.0566,
2009-07-28,13.0575,
2009-07-29,13.0629,
2009-07-30,13.0671,
2009-07-31,13.0749,
2009-08-03,13.0686,
2009-08-04,13.0803,
2009-08-05,13.0659,
2009-08-06,13.0992,
2009-08-07,13.0927,
2009-08-10,13.1086,
2009-08-11,13.0948,
2009-08-12,13.0809,
2009-08-13,13.0769,
2009-08-14,13.0978,
2009-08-17,13.1173,
2009-08-18,13.0991,
2009-08-19,13.1128,
2009-08-20,13.0941,
2009-08-21,13.0940,
2009-08-24,13.0902,
2009-08-25,13.1018,
2009-08-26,13.1007,
2009-08-27,13.1002,
2009-08-28,13.1129,
2009-08-31,13.1081,
2009-09-01,13.1306,
2009-09-02,13.1181,
2009-09-03,13.1362,
2009-09-04,13.1024,
2009-09-07,13.1057,
2009-09-08,13.1210,
2009-09-09,13.1185,
2009-09-10,13.1289,
2009-09-11,13.1132,
2009-09-14,13.1178,
2009-09-15,13.1247,
2009-09-16,13.1371,
2009-09-17,13.1312,
2009-09-18,13.1447,
2009-09-22,13.1368,
2009-09-23,13.1569,
2009-09-24,13.1471,
2009-09-25,13.1617,
2009-09-29,13.1853,
2009-09-30,13.1980,
2009-10-01,13.2081,
2009-10-05,13.1838,
2009-10-06,13.1755,
2009-10-07,13.2066,
2009-10-08,13.1894,
2009-10-09,13.2039,
2009-10-12,13.1805,
2009-10-14,13.1925,
2009-10-15,13.1906,
2009-10-16,13.1917,
2009-10-20,13.2098,
2009-10-21,13.1861,
2009-10-22,13.1829,
2009-10-23,13.1801,
2009-10-26,13.1869,
2009-10-27,13.1914,
2009-10-28,13.1901,
2009-10-29,13.1754,
2009-10-30,13.2192,
2009-11-03,13.2154,
2009-11-04,13.2194,
2009-11-05,13.2183,
2009-11-06,13.2391,
2009-11-09,13.2286,
2009-11-10,13.2480,
2009-11-11,13.2298,
2009-11-12,13.2410,
2009-11-13,13.2394,
2009-11-16,13.2382,
2009-11-17,13.2458,
2009-11-18,13.2454,
2009-11-19,13.2538,
2009-11-20,13.2334,
2009-11-23,13.2514,
2009-11-24,13.2617,
2009-11-25,13.2550,
2009-11-26,13.2825,
2009-11-27,13.2585,
2009-11-30,13.2763,
2009-12-01,13.2606,
2009-12-02,13.2832,
2009-12-03,13.2762,
2009-12-04,13.2667,
2009-12-07,13.2723,
2009-12-08,13.2631,
2009-12-09,13.2629,
2009-12-10,13.2835,
2009-12-11,13.2885,
2009-12-14,13.2786,
2009-12-15,13.2841,
2009-12-16,13.2773,
2009-12-17,13.2850,
2009-12-18,13.2737,
2009-12-21,13.2809,
2009-12-22,13.2724,
2009-12-23,13.2648,
2009-12-24,13.2721,
2009-12-29,13.2762,
2009-12-30,13.2798,
2009-12-31,13.2665,
2010-01-04,13.2793,
2010-01-05,13.2941,
2010-01-06,13.2932,
2010-01-07,13.2968,
2010-01-08,13.2951,
2010-01-11,13.2896,
2010-01-12,13.3065,
2010-01-13,13.2915,
2010-01-14,13.3034,
2010-01-15,13.2999,
2010-01-18,13.3046,
2010-01-19,13.3066,
2010-01-20,13.3100,
2010-01-21,13.3065,
2010-01-22,13.2997,
2010-01-25,13.2998,
2010-01-27,13.2987,
2010-01-28,13.2902,
2010-01-29,13.3036,
2010-02-01,13.3111,
2010-02-02,13.3309,
2010-02-03,13.3174,
2010-02-04,13.3542,
2010-02-05,13.3454,
2010-02-08,13.3320,
2010-02-09,13.3452,
2010-02-10,13.3624,
2010-02-11,13.3488,
2010-02-15,13.3627,
2010-02-16,13.3383,
2010-02-17,13.3575,
2010-02-18,13.3567,
2010-02-19,13.3557,
2010-02-22,13.3605,
2010-02-23,13.3579,
2010-02-24,13.3569,
2010-02-25,13.3535,
2010-02-26,13.3497,
2010-03-02,13.3452,
2010-03-03,13.3558,
2010-03-04,13.3435,
2010-03-05,13.3479,
2010-03-08,13.3578,
2010-03-09,13.3574,
2010-03-10,13.3520,
2010-03-11,13.3445,
2010-03-12,13.3491,
2010-03-15,13.3556,
2010-03-16,13.3456,
2010-03-17,13.3535,
2010-03-18,13.3431,
2010-03-19,13.3447,
2010-03-22,13.3570,
2010-03-23,13.3547,
2010-03-25,13.3329,
2010-03-26,13.3452,
2010-03-29,13.3389,
2010-03-30,13.3685,
2010-03-31,13.3667,
2010-04-01,13.3553,
2010-04-05,13.3721,
2010-04-06,13.3828,
2010-04-07,13.3754,
2010-04-08,13.3902,
2010-04-09,13.3751,
2010-04-12,13.3848,
2010-04-13,13.3839,
2010-04-15,13.3976,
2010-04-16,13.3940,
2010-04-19,13.3893,
2010-04-20,13.3891,
2010-04-21,13.3928,
2010-04-22,13.4052,
2010-04-23,13.3926,
2010-04-26,13.3921,
2010-04-27,13.3940,
2010-04-28,13.3988,
2010-04-29,13.4049,
2010-04-30,13.4105,
2010-05-03,13.4072,
2010-05-04,13.4288,
2010-05-05,13.4122,
2010-05-06,13.4171,
2010-05-07,13.4265,
2010-05-10,13.4092,
2010-05-11,13.4331,
2010-05-12,13.4325,
2010-05-13,13.4287,
2010-05-14,13.4509,
2010-05-17,13.4325,
2010-05-18,13.4406,
2010-05-19,13.4484,
2010-05-20,13.4532,
2010-05-21,13.4467,
2010-05-24,13.4620,
2010-05-25,13.4586,
2010-05-26,13.4490,
2010-05-27,13.4454,
2010-05-28,13.4558,
2010-05-31,13.4723,
2010-06-01,13.4868,
2010-06-02,13.4661,
2010-06-03,13.4661,
2010-06-04,13.4582,
2010-06-07,13.4710,
2010-06-08,13.4817,
2010-06-09,13.4720,
2010-06-10,13.4562,
2010-06-11,13.4710,
2010-06-14,13.4616,
2010-06-15,13.4740,
2010-06-16,13.4836,
2010-06-17,13.4668,
2010-06-18,13.4825,
2010-06-21,13.4766,
2010-06-22,13.4797,
2010-06-23,13.4715,
2010-06-24,13.4731,
2010-06-25,13.4783,
2010-06-28,13.4751,
2010-06-29,13.4884,
2010-06-30,13.4859,
2010-07-01,13.4948,
2010-07-02,13.4925,
2010-07-05,13.4932,
2010-07-06,13.4840,
2010-07-07,13.4988,
2010-07-08,13.4899,
2010-07-09,13.5028,
2010-07-12,13.5095,
2010-07-13,13.4947,
2010-07-14,13.5128,
2010-07-15,13.5079,
2010-07-16,13.5094,
2010-07-19,13.5117,
2010-07-20,13.5268,
2010-07-21,13.5099,
2010-07-22,13.5076,
2010-07-23,13.5323,
2010-07-26,13.5305,
2010-07-27,13.5217,
2010-07-28,13.5242,
2010-07-29,13.5155,
2010-07-30,13.5465,
2010-08-02,13.5366,
2010-08-03,13.5424,
2010-08-04,13.5438,
2010-08-05,13.5449,
2010-08-06,13.5564,
2010-08-09,13.5594,
2010-08-10,13.5597,
2010-08-11,13.5676,
2010-08-12,13.5592,
2010-08-13,13.5629,
2010-08-16,13.5752,
2010-08-17,13.5721,
2010-08-18,13.5712,
2010-08-19,13.5795,
2010-08-20,13.5766,
2010-08-23,13.5767,
2010-08-24,13.5828,
2010-08-25,13.5856,
2010-08-26,13.5785,
2010-08-27,13.5997,
2010-08-30,13.6040,
2010-08-31,13.5976,
2010-09-01,13.5951,
2010-09-02,13.6047,
2010-09-03,13.6109,
2010-09-06,13.6123,
2010-09-07,13.6245,
2010-09-08,13.6151,
2010-09-09,13.6182,
2010-09-13,13.6339,
2010-09-14,13.6246,
2010-09-15,13.6343,
2010-09-16,13.6394,
2010-09-17,13.6325,
2010-09-20,13.6406,
2010-09-21,13.6486,
2010-09-22,13.6417,
2010-09-23,13.6470,
2010-09-24,13.6427,
2010-09-27,13.6490,
2010-09-28,13.6484,
2010-09-29,13.6534,
2010-09-30,13.6558,
2010-10-01,13.6601,
2010-10-04,13.6677,
2010-10-05,13.6594,
2010-10-06,13.6745,
2010-10-07,13.6915,
2010-10-08,13.6826,
2010-10-11,13.6774,
2010-10-12,13.6882,
2010-10-13,13.6706,
2010-10-14,13.6915,
2010-10-15,13.6878,
2010-10-18,13.6694,
2010-10-19,13.6939,
2010-10-20,13.6954,
2010-10-21,13.6802,
2010-10-22,13.6978,
2010-10-25,13.7022,
2010-10-26,13.7063,
2010-10-27,13.7081,
2010-10-28,13.6745,
2010-10-29,13.7240,
2010-11-01,13.7324,
2010-11-02,13.7444,
2010-11-03,13.7477,
2010-11-04,13.7470,
2010-11-08,13.7478,
2010-11-09,13.7408,
2010-11-10,13.7464,
2010-11-11,13.7574,
2010-11-12,13.7693,
2010-11-15,13.7650,
2010-11-16,13.7829,
2010-11-18,13.7723,
2010-11-19,13.8004,
2010-11-22,13.7874,
2010-11-23,13.8034,
2010-11-24,13.8036,
2010-11-25,13.7942,
2010-11-26,13.8451,
2010-11-29,13.8291,
2010-11-30,13.8315,
2010-12-01,13.8279,
2010-12-02,13.8331,
2010-12-03,13.8352,
2010-12-06,13.8502,
2010-12-07,13.8211,
2010-12-08,13.8435,
2010-12-09,13.8609,
2010-12-10,13.8456,
2010-12-13,13.8511,
2010-12-14,13.8592,
2010-12-15,13.8739,
2010-12-16,13.8552,
2010-12-20,13.8640,
2010-12-21,13.8636,
2010-12-22,13.8697,
2010-12-23,13.8731,
2010-12-24,13.8642,
2010-12-27,13.8917,
2010-12-28,13.8840,
2010-12-29,13.8864,
2010-12-30,13.8993,
2010-12-31,13.9069,
2011-01-03,13.9150,
2011-01-04,13.9195,
2011-01-05,13.9249,
2011-01-06,13.9192,
2011-01-07,13.9409,
2011-01-10,13.9553,
2011-01-11,13.9463,
2011-01-12,13.9395,
2011-01-13,13.9516,
2011-01-14,13.9566,
2011-01-17,13.9598,
2011-01-18,13.9541,
2011-01-19,13.9613,
2011-01-20,13.9609,
2011-01-21,13.9650,
2011-01-24,13.9646,
2011-01-25,13.9720,
2011-01-27,13.9749,
2011-01-28,13.9843,
2011-01-31,13.9885,
2011-02-01,14.0008,
2011-02-02,14.0033,
2011-02-03,13.9935,
2011-02-04,14.0122,
2011-02-07,14.0121,
2011-02-08,14.0208,
2011-02-09,14.0223,
2011-02-10,14.0241,
2011-02-11,14.0196,
2011-02-14,14.0353,
2011-02-15,14.0415,
2011-02-16,14.0355,
2011-02-17,14.0443,
2011-02-18,14.0474,
2011-02-21,14.0475,
2011-02-22,14.0569,
2011-02-23,14.0552,
2011-02-24,14.0556,
2011-02-25,14.0503,
2011-02-28,14.0671,
2011-03-01,14.0624,
2011-03-03,14.0706,
2011-03-04,14.0722,
2011-03-07,14.0808,
2011-03-08,14.0815,
2011-03-09,14.0830,
2011-03-10,14.0883,
2011-03-11,14.0909,
2011-03-14,14.0965,
2011-03-15,14.1016,
2011-03-16,14.1042,
2011-03-17,14.1050,
2011-03-18,14.1084,
2011-03-21,14.1193,
2011-03-22,14.1208,
2011-03-23,14.1242,
2011-03-24,14.1248,
2011-03-25,14.1292,
2011-03-28,14.1352,
2011-03-29,14.1291,
2011-03-30,14.1338,
2011-03-31,14.1347,
2011-04-01,14.1486,
2011-04-04,14.1602,
2011-04-05,14.1663,
2011-04-06,14.1724,
2011-04-07,14.1742,
2011-04-08,14.1835,
2011-04-11,14.1904,
2011-04-13,14.1921,
2011-04-15,14.1954,
2011-04-18,14.2033,
2011-04-19,14.2042,
2011-04-20,14.2052,
2011-04-21,14.2084,
2011-04-25,14.2164,
2011-04-26,14.2282,
2011-04-27,14.2231,
2011-04-28,14.2249,
2011-04-29,14.2340,
2011-05-02,14.2379,
2011-05-03,14.2484,
2011-05-04,14.2533,
2011-05-05,14.2630,
2011-05-06,14.2574,
2011-05-09,14.2605,
2011-05-10,14.2641,
2011-05-11,14.2698,
2011-05-12,14.2738,
2011-05-13,14.2691,
2011-05-16,14.2795,
2011-05-17,14.2746,
2011-05-18,14.2765,
2011-05-19,14.2890,
2011-05-20,14.2848,
2011-05-23,14.2975,
2011-05-24,14.2958,
2011-05-25,14.3007,
2011-05-26,14.3079,
2011-05-27,14.3036,
2011-05-30,14.3147,
2011-05-31,14.3197,
2011-06-01,14.3264,
2011-06-02,14.3297,
2011-06-03,14.3318,
2011-06-06,14.3391,
2011-06-07,14.3398,
2011-06-08,14.3426,
2011-06-09,14.3483,
2011-06-10,14.3481,
2011-06-13,14.3561,
2011-06-14,14.3602,
2011-06-15,14.3637,
2011-06-16,14.3676,
2011-06-17,14.3703,
2011-06-20,14.3791,
2011-06-21,14.3837,
2011-06-22,14.3859,
2011-06-23,14.3889,
2011-06-24,14.3892,
2011-06-27,14.3990,
2011-06-28,14.4030,
2011-06-29,14.4086,
2011-06-30,14.4108,
2011-07-01,14.4162,
2011-07-04,14.4270,
2011-07-05,14.4291,
2011-07-06,14.4318,
2011-07-07,14.4363,
2011-07-08,14.4403,
2011-07-11,14.4498,
2011-07-12,14.4545,
2011-07-13,14.4557,
2011-07-14,14.4608,
2011-07-15,14.4620,
2011-07-18,14.4724,
2011-07-19,14.4758,
2011-07-20,14.4797,
2011-07-21,14.4834,
2011-07-22,14.5447,
2011-07-25,14.5539,
2011-07-26,14.5566,
2011-07-27,14.5597,
2011-07-28,14.5629,
2011-07-29,14.5663,
2011-08-01,14.5772,
2011-08-02,14.5804,
2011-08-03,14.5837,
2011-08-04,14.5869,
2011-08-05,14.5902,
2011-08-08,14.6001,
2011-08-09,14.6037,
2011-08-10,14.6069,
2011-08-11,14.6103,
2011-08-12,14.6134,
2011-08-16,14.6258,
2011-08-17,14.6289,
2011-08-18,14.6320,
2011-08-19,14.6351,
2011-08-22,14.6443,
2011-08-23,14.6473,
2011-08-24,14.6503,
2011-08-25,14.6534,
2011-08-26,14.6569,
2011-08-29,14.6660,
2011-08-30,14.6713,
2011-09-02,14.6814,
2011-09-05,14.6900,
2011-09-06,14.6933,
2011-09-07,14.6965,
2011-09-08,14.6998,
2011-09-09,14.7030,
2011-09-12,14.7128,
2011-09-13,14.7161,
2011-09-14,14.7193,
2011-09-15,14.7226,
2011-09-16,14.7259,
2011-09-19,14.7357,
2011-09-20,14.7389,
2011-09-21,14.7422,
2011-09-22,14.7455,
2011-09-23,14.7487,
2011-09-26,14.7584,
2011-09-27,14.7617,
2011-09-28,14.7650,
2011-09-29,14.7683,
2011-09-30,14.7717,
2011-10-03,14.7823,
2011-10-04,14.7856,
2011-10-05,14.7888,
2011-10-07,14.7954,
2011-10-10,14.8052,
2011-10-11,14.8085,
2011-10-12,14.8118,
2011-10-13,14.8150,
2011-10-14,14.8183,
2011-10-17,14.8282,
2011-10-18,14.8315,
2011-10-19,14.8347,
2011-10-20,14.8380,
2011-10-21,14.8413,
2011-10-24,14.8511,
2011-10-25,14.8539,
2011-10-28,14.8639,
2011-10-31,14.8742,
2011-11-01,14.8775,
2011-11-02,14.8808,
2011-11-03,14.8841,
2011-11-04,14.8872,
2011-11-08,14.8998,
2011-11-09,14.9030,
2011-11-11,14.9094,
2011-11-14,14.9190,
2011-11-15,14.9222,
2011-11-16,14.9254,
2011-11-17,14.9286,
2011-11-18,14.9317,
2011-11-21,14.9414,
2011-11-22,14.9446,
2011-11-23,14.9477,
2011-11-24,14.9475,
2011-11-25,14.9540,
2011-11-28,14.9576,
2011-11-29,14.9708,
2011-11-30,14.9703,
2011-12-01,14.9672,
2011-12-02,14.9715,
2011-12-05,14.9875,
2011-12-07,14.9861,
2011-12-08,14.9897,
2011-12-09,14.9918,
2011-12-12,15.0060,
2011-12-13,15.0067,
2011-12-14,15.0130,
2011-12-15,15.0138,
2011-12-16,15.0224,
2011-12-19,15.0251,
2011-12-20,15.0298,
2011-12-21,15.0311,
2011-12-22,15.0353,
2011-12-23,15.0404,
2011-12-26,15.0485,
2011-12-27,15.0490,
2011-12-28,15.0557,
2011-12-29,15.0634,
2011-12-30,15.0692,
2012-01-02,15.0817,
2012-01-03,15.0792,
2012-01-04,15.0883,
2012-01-05,15.0931,
2012-01-06,15.0880,
2012-01-09,15.1013,
2012-01-10,15.1012,
2012-01-11,15.1073,
2012-01-12,15.1040,
2012-01-13,15.1043,
2012-01-16,15.1109,
2012-01-17,15.1205,
2012-01-18,15.1262,
2012-01-19,15.1244,
2012-01-20,15.1368,
2012-01-23,15.1455,
2012-01-24,15.1419,
2012-01-25,15.1463,
2012-01-27,15.1701,
2012-01-30,15.1795,
2012-01-31,15.1790,
2012-02-01,15.1786,
2012-02-02,15.1905,
2012-02-03,15.1900,
2012-02-06,15.2020,
2012-02-07,15.2047,
2012-02-08,15.2036,
2012-02-09,15.1971,
2012-02-10,15.2074,
2012-02-13,15.2162,
2012-02-14,15.2157,
2012-02-15,15.2181,
2012-02-16,15.2226,
2012-02-17,15.2390,
2012-02-21,15.2365,
2012-02-22,15.2586,
2012-02-23,15.2350,
2012-02-24,15.2482,
2012-02-27,15.2508,
2012-02-28,15.2318,
2012-02-29,15.2513,
2012-03-01,15.2624,
2012-03-02,15.2807,
2012-03-05,15.3084,
2012-03-06,15.3256,
2012-03-07,15.2905,
2012-03-09,15.2960,
2012-03-12,15.3126,
2012-03-13,15.3000,
2012-03-14,15.2909,
2012-03-15,15.3103,
2012-03-16,15.3300,
2012-03-19,15.3422,
2012-03-20,15.3288,
2012-03-21,15.3201,
2012-03-22,15.3616,
2012-03-23,15.3546,
2012-03-26,15.3704,
2012-03-27,15.3559,
2012-03-28,15.3723,
2012-03-29,15.3652,
2012-03-30,15.3849,
2012-04-02,15.3991,
2012-04-03,15.4171,
2012-04-04,15.4232,
2012-04-09,15.4505,
2012-04-10,15.4397,
2012-04-11,15.4438,
2012-04-12,15.4526,
2012-04-13,15.4655,
2012-04-16,15.4450,
2012-04-17,15.4430,
2012-04-18,15.4606,
2012-04-19,15.4543,
2012-04-20,15.4777,
2012-04-23,15.5071,
2012-04-24,15.5028,
2012-04-25,15.4991,
2012-04-26,15.5034,
2012-04-27,15.5078,
2012-04-30,15.5192,
2012-05-02,15.5408,
2012-05-03,15.5380,
2012-05-04,15.5576,
2012-05-07,15.5433,
2012-05-08,15.5740,
2012-05-09,15.5663,
2012-05-10,15.5867,
2012-05-11,15.5927,
2012-05-14,15.6016,
2012-05-15,15.5924,
2012-05-16,15.5947,
2012-05-17,15.6186,
2012-05-18,15.5963,
2012-05-21,15.6175,
2012-05-22,15.6277,
2012-05-23,15.6284,
2012-05-24,15.6236,
2012-05-25,15.6323,
2012-05-28,15.6462,
2012-05-29,15.6575,
2012-05-30,15.6547,
2012-05-31,15.6434,
2012-06-01,15.6779,
2012-06-04,15.6725,
2012-06-05,15.6808,
2012-06-06,15.6791,
2012-06-07,15.6907,
2012-06-08,15.6794,
2012-06-11,15.6933,
2012-06-12,15.6840,
2012-06-13,15.7065,
2012-06-14,15.7065,
2012-06-15,15.6956,
2012-06-18,15.7177,
2012-06-19,15.7047,
2012-06-20,15.7125,
2012-06-21,15.7100,
2012-06-22,15.7207,
2012-06-25,15.7319,
2012-06-26,15.7247,
2012-06-27,15.7301,
2012-06-28,15.7525,
2012-06-29,15.7415,
2012-07-02,15.7494,
2012-07-03,15.7555,
2012-07-04,15.7666,
2012-07-05,15.7707,
2012-07-06,15.7905,
2012-07-09,15.7947,
2012-07-10,15.7816,
2012-07-11,15.7934,
2012-07-12,15.7924,
2012-07-13,15.8003,
2012-07-16,15.8201,
2012-07-17,15.8275,
2012-07-18,15.8142,
2012-07-19,15.8190,
2012-07-20,15.8299,
2012-07-23,15.8486,
2012-07-24,15.8417,
2012-07-25,15.8332,
2012-07-26,15.8377,
2012-07-27,15.8583,
2012-07-30,15.8658,
2012-07-31,15.8788,
2012-08-01,15.8696,
2012-08-02,15.8668,
2012-08-03,15.8655,
2012-08-06,15.8785,
2012-08-07,15.8890,
2012-08-08,15.8984,
2012-08-09,15.8963,
2012-08-10,15.8851,
2012-08-13,15.8916,
2012-08-14,15.8919,
2012-08-16,15.9075,
2012-08-17,15.9153,
2012-08-21,15.9141,
2012-08-22,15.9202,
2012-08-23,15.9336,
2012-08-24,15.9363,
2012-08-27,15.9538,
2012-08-28,15.9879,
2012-08-29,15.9890,
2012-08-30,15.9944,
2012-08-31,16.0025,
2012-09-03,16.0087,
2012-09-04,16.0078,
2012-09-05,16.0129,
2012-09-06,16.0181,
2012-09-07,16.0197,
2012-09-10,16.0320,
2012-09-11,16.0325,
2012-09-12,16.0282,
2012-09-13,16.0406,
2012-09-14,16.0396,
2012-09-17,16.0578,
2012-09-18,16.0567,
2012-09-20,16.0643,
2012-09-21,16.0632,
2012-09-24,16.0713,
2012-09-25,16.0700,
2012-09-26,16.0783,
2012-09-27,16.0780,
2012-09-28,16.0854,
2012-10-01,16.0875,
2012-10-03,16.0921,
2012-10-04,16.0963,
2012-10-05,16.0960,
2012-10-08,16.1064,
2012-10-09,16.1110,
2012-10-10,16.1160,
2012-10-11,16.1201,
2012-10-12,16.1248,
2012-10-15,16.1360,
2012-10-16,16.1432,
2012-10-17,16.1449,
2012-10-18,16.1438,
2012-10-19,16.1528,
2012-10-22,16.1629,
2012-10-23,16.1594,
2012-10-25,16.1583,
2012-10-26,16.1751,
2012-10-29,16.1802,
2012-10-30,16.1866,
2012-10-31,16.1825,
2012-11-01,16.1885,
2012-11-02,16.1862,
2012-11-05,16.1960,
2012-11-06,16.1975,
2012-11-07,16.1999,
2012-11-08,16.2079,
2012-11-09,16.2099,
2012-11-12,16.2176,
2012-11-15,16.2276,
2012-11-16,16.2359,
2012-11-19,16.2435,
2012-11-20,16.2493,
2012-11-21,16.2522,
2012-11-22,16.2623,
2012-11-23,16.2579,
2012-11-26,16.2700,
2012-11-27,16.2706,
2012-11-29,16.2762,
2012-11-30,16.2804,
2012-12-03,16.2838,
2012-12-04,16.2942,
2012-12-05,16.3008,
2012-12-06,16.2927,
2012-12-07,16.2968,
2012-12-10,16.3032,
2012-12-11,16.3062,
2012-12-12,16.3139,
2012-12-13,16.3203,
2012-12-14,16.3128,
2012-12-17,16.3257,
2012-12-18,16.3277,
2012-12-19,16.3286,
2012-12-20,16.3362,
2012-12-21,16.3500,
2012-12-24,16.3540,
2012-12-26,16.3608,
2012-12-27,16.3558,
2012-12-28,16.3579,
2012-12-31,16.3727,
2013-01-01,16.3733,
2013-01-02,16.3891,
2013-01-03,16.3914,
2013-01-04,16.4011,
2013-01-07,16.4063,
2013-01-08,16.4062,
2013-01-09,16.4220,
2013-01-10,16.4293,
2013-01-11,16.4353,
2013-01-14,16.4322,
2013-01-15,16.4389,
2013-01-16,16.4471,
2013-01-17,16.4440,
2013-01-18,16.4505,
2013-01-21,16.4499,
2013-01-22,16.4855,
2013-01-23,16.4802,16.4803
2013-01-24,16.4872,16.4875
2013-01-25,16.4801,16.4806
2013-01-28,16.4964,16.4975
2013-01-29,16.5069,16.5082
2013-01-30,16.4932,16.4947
2013-01-31,16.5047,16.5064
2013-02-01,16.4960,16.4979
2013-02-04,16.5238,16.5263
2013-02-05,16.5143,16.5170
2013-02-06,16.5195,16.5224
2013-02-07,16.5157,16.5188
2013-02-08,16.5193,16.5226
2013-02-11,16.5260,16.5299
2013-02-12,16.5336,16.5377
2013-02-13,16.5361,16.5404
2013-02-14,16.5389,16.5436
2013-02-15,16.5383,16.5432
2013-02-18,16.5446,16.5501
2013-02-19,16.5466,16.5523
2013-02-20,16.5526,16.5585
2013-02-21,16.5613,16.5674
2013-02-22,16.5566,16.5629
2013-02-25,16.5746,16.5815
2013-02-26,16.5707,16.5778
2013-02-27,16.5724,16.5797
2013-02-28,16.5771,16.5846
2013-03-01,16.5865,16.5942
2013-03-04,16.5969,16.6053
2013-03-05,16.5991,16.6077
2013-03-06,16.5995,16.6083
2013-03-07,16.6035,16.6125
2013-03-08,16.6061,16.6153
2013-03-11,16.6199,16.6297
2013-03-12,16.6223,16.6324
2013-03-13,16.6275,16.6378
2013-03-14,16.6242,16.6347
2013-03-15,16.6357,16.6463
2013-03-18,16.6409,16.6522
2013-03-19,16.6479,16.6594
2013-03-20,16.6466,16.6583
2013-03-21,16.6569,16.6688
2013-03-22,16.6637,16.6757
2013-03-25,16.6713,16.6840
2013-03-26,16.6736,16.6865
2013-03-28,16.6793,16.6926
2013-04-01,16.6901,16.7052
2013-04-02,16.7021,16.7174
2013-04-03,16.7123,16.7278
2013-04-04,16.7127,16.7285
2013-04-05,16.7135,16.7294
2013-04-08,16.7181,16.7346
2013-04-09,16.7286,16.7454
2013-04-10,16.7230,16.7400
2013-04-11,16.7336,16.7507
2013-04-12,16.7331,16.7505
2013-04-15,16.7436,16.7616
2013-04-16,16.7468,16.7651
2013-04-17,16.7531,16.7715
2013-04-18,16.7551,16.7737
2013-04-22,16.7668,16.7863
2013-04-23,16.7691,16.7888
2013-04-25,16.7756,16.7958
2013-04-26,16.7828,16.8032
2013-04-29,16.7890,16.8097
2013-04-30,16.7973,16.8182
2013-05-02,16.8035,16.8248
2013-05-03,16.8083,16.8298
2013-05-06,16.8172,16.8392
2013-05-07,16.8219,16.8441
2013-05-08,16.8255,16.8479
2013-05-09,16.8285,16.8511
2013-05-10,16.8315,16.8543
2013-05-13,16.8416,16.8649
2013-05-14,16.8462,16.8697
2013-05-15,16.8509,16.8746
2013-05-16,16.8539,16.8777
2013-05-17,16.8546,16.8786
2013-05-20,16.8643,16.8889
2013-05-21,16.8676,16.8923
2013-05-22,16.8716,16.8965
2013-05-23,16.8741,16.8992
2013-05-24,16.8735,16.8987
2013-05-27,16.8732,16.8989
2013-05-28,16.8804,16.9062
2013-05-29,16.8839,16.9099
2013-05-30,16.8884,16.9146
2013-05-31,16.8902,16.9166
2013-06-03,16.8952,16.9221
2013-06-04,16.9029,16.9300
2013-06-05,16.9083,16.9356
2013-06-06,16.9109,16.9384
2013-06-07,16.9182,16.9458
2013-06-10,16.9293,16.9575
2013-06-11,16.9281,16.9565
2013-06-12,16.9232,16.9517
2013-06-13,16.9371,16.9658
2013-06-14,16.9336,16.9625
2013-06-17,16.9452,16.9747
2013-06-18,16.9566,16.9862
2013-06-19,16.9534,16.9832
2013-06-20,16.9622,16.9922
2013-06-21,16.9660,16.9962
2013-06-24,16.9702,17.0010
2013-06-25,16.9652,16.9961
2013-06-26,16.9621,16.9931
2013-06-27,16.9617,16.9929
2013-06-28,16.9730,17.0044
2013-07-01,16.9790,17.0110
2013-07-02,16.9825,17.0147
2013-07-03,16.9862,17.0186
2013-07-04,16.9900,17.0225
2013-07-05,16.9934,17.0261
2013-07-08,16.9950,17.0282
2013-07-09,17.0013,17.0347
2013-07-10,17.0056,17.0393
2013-07-11,17.0094,17.0432
2013-07-12,17.0080,17.0420
2013-07-15,17.0136,17.0482
2013-07-16,16.9778,17.0125
2013-07-17,16.9767,17.0115
2013-07-18,16.9846,17.0196
2013-07-19,16.9870,17.0222
2013-07-22,16.9922,17.0279
2013-07-23,16.9888,17.0248
2013-07-24,16.9827,17.0188
2013-07-25,16.9883,17.0246
2013-07-26,16.9928,17.0292
2013-07-29,16.9986,17.0357
2013-07-30,17.0028,17.0400
2013-07-31,16.9986,17.0359
2013-08-01,17.0099,17.0475
2013-08-02,17.0116,17.0493
2013-08-05,17.0257,17.0640
2013-08-06,17.0269,17.0654
2013-08-07,17.0358,17.0744
2013-08-08,17.0431,17.0820
2013-08-12,17.0535,17.0932
2013-08-13,17.0532,17.0930
2013-08-14,17.0540,17.0940
2013-08-16,17.0602,17.1005
2013-08-19,17.0526,17.0934
2013-08-20,17.0616,17.1027
2013-08-21,17.0841,17.1254
2013-08-22,17.0771,17.1186
2013-08-23,17.0903,17.1320
2013-08-26,17.1009,17.1431
2013-08-27,17.0968,17.1392
2013-08-28,17.0897,17.1322
2013-08-29,17.0941,17.1368
2013-08-30,17.1076,17.1505
2013-09-02,17.1240,17.1675
2013-09-03,17.1305,17.1742
2013-09-04,17.1355,17.1794
2013-09-05,17.1483,17.1924
2013-09-06,17.1517,17.1960
2013-09-10,17.1646,17.2095
2013-09-11,17.1712,17.2163
2013-09-12,17.1724,17.2176
2013-09-13,17.1777,17.2231
2013-09-16,17.1926,17.2386
2013-09-17,17.1945,17.2407
2013-09-18,17.2006,17.2470
2013-09-19,17.2072,17.2537
2013-09-20,17.2088,17.2555
2013-09-23,17.2169,17.2641
2013-09-24,17.2185,17.2659
2013-09-25,17.2130,17.2605
2013-09-26,17.2228,17.2705
2013-09-27,17.2417,17.2896
2013-09-30,17.2466,17.2950
2013-10-01,17.2562,17.3049
2013-10-03,17.2616,17.3106
2013-10-04,17.2806,17.3298
2013-10-07,17.2912,17.3409
2013-10-08,17.3086,17.3586
2013-10-09,17.2997,17.3498
2013-10-10,17.3056,17.3559
2013-10-11,17.3084,17.3589
2013-10-14,17.3202,17.3712
2013-10-15,17.3316,17.3828
2013-10-17,17.3381,17.3897
2013-10-18,17.3358,17.3876
2013-10-21,17.3477,17.3999
2013-10-22,17.3487,17.4011
2013-10-23,17.3554,17.4080
2013-10-24,17.3638,17.4166
2013-10-25,17.3724,17.4254
2013-10-28,17.3786,17.4321
2013-10-29,17.3767,17.4304
2013-10-30,17.3943,17.4482
2013-10-31,17.3964,17.4505
2013-11-01,17.3861,17.4403
2013-11-05,17.4084,17.4633
2013-11-06,17.4087,17.4638
2013-11-07,17.4186,17.4740
2013-11-08,17.4180,17.4735
2013-11-11,17.4219,17.4779
2013-11-12,17.4175,17.4736
2013-11-13,17.4228,17.4791
2013-11-14,17.4336,17.4901
2013-11-18,17.4497,17.5070
2013-11-19,17.4547,17.5122
2013-11-20,17.4621,17.5197
2013-11-21,17.4739,17.5317
2013-11-22,17.4751,17.5332
2013-11-25,17.4777,17.5363
2013-11-26,17.4890,17.5477
2013-11-27,17.4951,17.5540
2013-11-28,17.4946,17.5537
2013-11-29,17.4880,17.5473
2013-12-02,17.5031,17.5630
2013-12-03,17.5133,17.5733
2013-12-04,17.5213,17.5815
2013-12-05,17.5261,17.5865
2013-12-06,17.5165,17.5771
2013-12-09,17.5373,17.5984
2013-12-10,17.5415,17.6028
2013-12-11,17.5414,17.6028
2013-12-12,17.5600,17.6217
2013-12-13,17.5522,17.6141
2013-12-16,17.5625,17.6249
2013-12-17,17.5719,17.6345
2013-12-18,17.5679,17.6306
2013-12-19,17.5855,17.6484
2013-12-20,17.5870,17.6501
2013-12-23,17.5874,17.6510
2013-12-24,17.5816,17.6454
2013-12-26,17.5919,17.6561
2013-12-27,17.6055,17.6699
2013-12-30,17.6376,17.7026
2013-12-31,17.6270,17.6921
2014-01-01,17.6217,17.6870
2014-01-02,17.6631,17.7288
2014-01-03,17.6494,17.7152
2014-01-06,17.6572,17.7235
2014-01-07,17.6638,17.7302
2014-01-08,17.6762,17.7429
2014-01-09,17.6872,17.7541
2014-01-10,17.7080,17.7752
2014-01-13,17.7059,17.7736
2014-01-14,17.7127,17.7806
2014-01-15,17.7088,17.7768
2014-01-16,17.7136,17.7818
2014-01-17,17.7355,17.8039
2014-01-20,17.7122,17.7811
2014-01-21,17.7269,17.7960
2014-01-22,17.7295,17.7988
2014-01-23,17.7398,17.8093
2014-01-24,17.7502,17.8199
2014-01-27,17.7528,17.8231
2014-01-28,17.7460,17.8164
2014-01-29,17.7590,17.8296
2014-01-30,17.7523,17.8231
2014-01-31,17.7688,17.8398
2014-02-03,17.7707,17.8422
2014-02-04,17.7631,17.8347
2014-02-05,17.7846,17.8564
2014-02-06,17.8038,17.8759
2014-02-07,17.8048,17.8771
2014-02-10,17.8169,17.8897
2014-02-11,17.8178,17.8907
2014-02-12,17.8139,17.8870
2014-02-13,17.8392,17.9126
2014-02-14,17.8234,17.8968
2014-02-17,17.8294,17.9034
2014-02-18,17.8404,17.9146
2014-02-19,17.8425,17.9168
2014-02-20,17.8415,17.9160
2014-02-21,17.8529,17.9276
2014-02-24,17.8555,17.9308
2014-02-25,17.8616,17.9370
2014-02-26,17.8629,17.9385
2014-02-28,17.8937,17.9697
2014-03-03,17.8976,17.9741
2014-03-04,17.8774,17.9540
2014-03-05,17.8945,17.9714
2014-03-06,17.8971,17.9741
2014-03-07,17.9108,17.9881
2014-03-10,17.9059,17.9836
2014-03-11,17.9080,17.9859
2014-03-12,17.9127,17.9907
2014-03-13,17.9281,18.0064
2014-03-14,17.9200,17.9984
2014-03-18,17.9394,18.0186
2014-03-19,17.9497,18.0291
2014-03-20,17.9624,18.0420
2014-03-21,17.9558,18.0355
2014-03-24,17.9596,18.0398
2014-03-25,17.9646,18.0450
2014-03-26,17.9671,18.0477
2014-03-27,18.0000,18.0809
2014-03-28,18.0204,18.1016
2014-03-31,18.0394,18.1211
2014-04-01,18.0356,18.1175
2014-04-02,18.0235,18.1055
2014-04-03,18.0392,18.1214
2014-04-04,18.0182,18.1004
2014-04-07,18.0318,18.1146
2014-04-09,18.0455,18.1287
2014-04-10,18.0527,18.1361
2014-04-11,18.0586,18.1422
2014-04-15,18.0752,18.1595
2014-04-16,18.0842,18.1688
2014-04-17,18.0873,18.1721
2014-04-21,18.0921,18.1775
2014-04-22,18.0979,18.1835
2014-04-23,18.0975,18.1833
2014-04-25,18.1421,18.2284
2014-04-28,18.1137,18.2004
2014-04-29,18.1378,18.2247
2014-04-30,18.1639,18.2511
2014-05-02,18.1699,18.2575
2014-05-05,18.1705,18.2586
2014-05-06,18.1684,18.2567
2014-05-07,18.1694,18.2578
2014-05-08,18.1901,18.2789
2014-05-09,18.1859,18.2748
2014-05-12,18.1905,18.2800
2014-05-13,18.2013,18.2910
2014-05-14,18.1956,18.2855
2014-05-15,18.2276,18.3177
2014-05-16,18.1968,18.2870
2014-05-19,18.2287,18.3196
2014-05-20,18.2219,18.3129
2014-05-21,18.2190,18.3102
2014-05-22,18.2280,18.3194
2014-05-23,18.2365,18.3281
2014-05-26,18.2697,18.3620
2014-05-27,18.2676,18.3601
2014-05-28,18.2736,18.3663
2014-05-29,18.2680,18.3608
2014-05-30,18.3221,18.4154
2014-06-02,18.2899,18.3835
2014-06-03,18.3068,18.4007
2014-06-04,18.2964,18.3905
2014-06-05,18.3300,18.4244
2014-06-06,18.3368,18.4314
2014-06-09,18.3232,18.4182
2014-06-10,18.3232,18.4184
2014-06-11,18.3475,18.4430
2014-06-12,18.3418,18.4375
2014-06-13,18.3627,18.4587
2014-06-16,18.3364,18.4328
2014-06-17,18.3414,18.4380
2014-06-18,18.3599,18.4567
2014-06-19,18.3603,18.4573
2014-06-20,18.3575,18.4547
2014-06-23,18.3658,18.4636
2014-06-24,18.3602,18.4581
2014-06-25,18.3667,18.4648
2014-06-26,18.3802,18.4785
2014-06-27,18.3830,18.4816
2014-06-30,18.3886,18.4878
2014-07-01,18.3864,18.4857
2014-07-02,18.3917,18.4912
2014-07-03,18.4092,18.5089
2014-07-04,18.4089,18.5088
2014-07-07,18.4286,18.5292
2014-07-08,18.4472,18.5480
2014-07-09,18.4552,18.5562
2014-07-10,18.4569,18.5582
2014-07-11,18.4564,18.5579
2014-07-14,18.4528,18.5548
2014-07-15,18.4580,18.5602
2014-07-16,18.4587,18.5611
2014-07-17,18.4639,18.5664
2014-07-18,18.4751,18.5779
2014-07-21,18.4957,18.5992
2014-07-22,18.4840,18.5876
2014-07-23,18.4956,18.5994
2014-07-24,18.4930,18.5970
2014-07-25,18.5048,18.6091
2014-07-28,18.5150,18.6198
2014-07-30,18.5122,18.6174
2014-07-31,18.5193,18.6247
2014-08-01,18.5284,18.6341
2014-08-04,18.5117,18.6178
2014-08-05,18.5191,18.6254
2014-08-06,18.5341,18.6406
2014-08-07,18.5275,18.6342
2014-08-08,18.5417,18.6487
2014-08-11,18.5422,18.6497
2014-08-12,18.5449,18.6526
2014-08-13,18.5728,18.6808
2014-08-14,18.5626,18.6708
2014-08-18,18.5747,18.6836
2014-08-19,18.5778,18.6869
2014-08-20,18.5755,18.6848
2014-08-21,18.5873,18.6969
2014-08-22,18.5924,18.7022
2014-08-25,18.6146,18.7250
2014-08-26,18.6120,18.7226
2014-08-27,18.6209,18.7317
2014-08-28,18.6150,18.7260
2014-09-01,18.6099,18.7215
2014-09-02,18.6247,18.7366
2014-09-03,18.6376,18.7497
2014-09-04,18.6374,18.7498
2014-09-05,18.6410,18.7535
2014-09-08,18.6555,18.7687
2014-09-09,18.6392,18.7524
2014-09-10,18.6425,18.7560
2014-09-11,18.6473,18.7610
2014-09-12,18.6510,18.7648
2014-09-15,18.6664,18.7809
2014-09-16,18.6759,18.7907
2014-09-17,18.6755,18.7904
2014-09-18,18.6699,18.7849
2014-09-19,18.6810,18.7963
2014-09-22,18.6840,18.7999
2014-09-23,18.6952,18.8114
2014-09-24,18.7019,18.8183
2014-09-25,18.7015,18.8180
2014-09-26,18.7038,18.8205
2014-09-29,18.7209,18.8383
2014-09-30,18.7402,18.8579
2014-10-01,18.7448,18.8627
2014-10-07,18.7673,18.8864
2014-10-08,18.7440,18.8631
2014-10-09,18.7637,18.8832
2014-10-10,18.7786,18.8983
2014-10-13,18.7785,18.8988
2014-10-14,18.7783,18.8987
2014-10-16,18.7972,18.9181
2014-10-17,18.7787,18.8997
2014-10-20,18.8007,18.9223
2014-10-21,18.8015,18.9233
2014-10-22,18.8066,18.9287
2014-10-27,18.8316,18.9547
2014-10-28,18.8246,18.9479
2014-10-29,18.8417,18.9653
2014-10-30,18.8404,18.9641
2014-10-31,18.8572,18.9812
2014-11-03,18.8478,18.9723
2014-11-05,18.8590,18.9840
2014-11-07,18.8576,18.9829
2014-11-10,18.8645,18.9904
2014-11-11,18.8760,19.0021
2014-11-12,18.8679,18.9941
2014-11-13,18.8837,19.0102
2014-11-14,18.8729,18.9996
2014-11-17,18.8810,19.0082
2014-11-18,18.8792,19.0066
2014-11-19,18.8836,19.0112
2014-11-20,18.8981,19.0259
2014-11-21,18.9127,19.0408
2014-11-24,18.9188,19.0475
2014-11-25,18.9248,19.0538
2014-11-26,18.9229,19.0520
2014-11-27,18.9205,19.0498
2014-11-28,18.9316,19.0611
2014-12-01,18.9443,19.0744
2014-12-02,18.9319,19.0621
2014-12-03,18.9371,19.0675
2014-12-04,18.9505,19.0812
2014-12-05,18.9535,19.0844
2014-12-08,18.9538,19.0852
2014-12-09,18.9526,19.0842
2014-12-10,18.9445,19.0763
2014-12-11,18.9515,19.0835
2014-12-12,18.9551,19.0873
2014-12-15,18.9650,19.0978
2014-12-16,18.9641,19.0971
2014-12-17,18.9995,19.1328
2014-12-18,19.0091,19.1427
2014-12-19,19.0252,19.1591
2014-12-22,19.0193,19.1536
2014-12-23,19.0395,19.1742
2014-12-24,18.9821,19.1166
2014-12-26,19.0342,19.1694
2014-12-29,19.0403,19.1761
2014-12-30,19.0447,19.1807
2014-12-31,19.0565,19.1928
2015-01-01,19.0647,19.2012
2015-01-02,19.0615,19.1982
2015-01-05,19.0870,19.2244
2015-01-06,19.1234,19.2613
2015-01-07,19.1084,19.2462
2015-01-08,19.1182,19.2564
2015-01-09,19.1256,19.2639
2015-01-12,19.1083,19.2471
2015-01-13,19.1416,19.2808
2015-01-14,19.1323,19.2716
2015-01-15,19.1383,19.2778
2015-01-16,19.1260,19.2656
2015-01-19,19.1393,19.2796
2015-01-20,19.1461,19.2866
2015-01-21,19.1534,19.2942
2015-01-22,19.1572,19.2982
2015-01-23,19.1703,19.3115
2015-01-27,19.1840,19.3261
2015-01-28,19.2044,19.3468
2015-01-29,19.2183,19.3610
2015-01-30,19.2139,19.3567
2015-02-02,19.2148,19.3584
2015-02-03,19.2321,19.3760
2015-02-04,19.2326,19.3768
2015-02-05,19.2642,19.4090
2015-02-06,19.2473,19.3923
2015-02-09,19.2731,19.4191
2015-02-10,19.2580,19.4041
2015-02-11,19.2565,19.4029
2015-02-12,19.2575,19.4042
2015-02-13,19.2677,19.4148
2015-02-16,19.2888,19.4369
2015-02-18,19.2890,19.4377
2015-02-19,19.3117,19.4608
2015-02-20,19.3119,19.4614
2015-02-23,19.3384,19.4890
2015-02-24,19.3319,19.4826
2015-02-25,19.3467,19.4979
2015-02-26,19.3382,19.4896
2015-02-27,19.3601,19.5119
2015-03-02,19.3439,19.4965
2015-03-03,19.3456,19.4985
2015-03-04,19.3896,19.5431
2015-03-05,19.3556,19.5092
2015-03-09,19.3941,19.5491
2015-03-10,19.3857,19.5409
2015-03-11,19.3702,19.5256
2015-03-12,19.3754,19.5312
2015-03-13,19.3951,19.5512
2015-03-16,19.3795,19.5364
2015-03-17,19.3997,19.5571
2015-03-18,19.4041,19.5618
2015-03-19,19.4439,19.6022
2015-03-20,19.4222,19.5806
2015-03-23,19.4402,19.5996
2015-03-24,19.4229,19.5825
2015-03-25,19.4462,19.6062
2015-03-26,19.4241,19.5842
2015-03-27,19.4382,19.5988
2015-03-30,19.4642,19.6258
2015-03-31,19.5000,19.6622
2015-04-01,19.5045,19.6671
2015-04-06,19.5314,19.6957
2015-04-07,19.5199,19.6843
2015-04-08,19.5290,19.6938
2015-04-09,19.5440,19.7093
2015-04-10,19.5459,19.7115
2015-04-13,19.5606,19.7272
2015-04-15,19.5616,19.7287
2015-04-16,19.5733,19.7409
2015-04-17,19.5726,19.7404
2015-04-20,19.5855,19.7543
2015-04-21,19.5781,19.7472
2015-04-22,19.5683,19.7376
2015-04-23,19.6023,19.7721
2015-04-24,19.6128,19.7830
2015-04-27,19.6171,19.7882
2015-04-28,19.6101,19.7815
2015-04-29,19.6215,19.7933
2015-04-30,19.6112,19.7832
2015-05-04,19.6439,19.8173
2015-05-05,19.6444,19.8182
2015-05-06,19.6809,19.8552
2015-05-07,19.6812,19.8559
2015-05-08,19.6870,19.8620
2015-05-11,19.6884,19.8643
2015-05-12,19.7207,19.8972
2015-05-13,19.6925,19.8690
2015-05-14,19.7088,19.8857
2015-05-15,19.7198,19.8972
2015-05-18,19.7284,19.9066
2015-05-19,19.7338,19.9124
2015-05-20,19.7351,19.9140
2015-05-21,19.7376,19.9168
2015-05-22,19.7555,19.9352
2015-05-25,19.7529,19.9334
2015-05-26,19.7552,19.9361
2015-05-27,19.7561,19.9373
2015-05-28,19.7550,19.9364
2015-05-29,19.7511,19.9328
2015-06-01,19.7774,19.9601
2015-06-02,19.7976,19.9808
2015-06-03,19.7965,19.9800
2015-06-04,19.7885,19.9723
2015-06-05,19.8164,20.0007
2015-06-08,19.8156,20.0007
2015-06-09,19.8054,19.9907
2015-06-10,19.8171,20.0029
2015-06-11,19.8322,20.0184
2015-06-12,19.8261,20.0125
2015-06-15,19.8444,20.0319
2015-06-16,19.8365,20.0242
2015-06-17,19.8558,20.0439
2015-06-18,19.8612,20.0497
2015-06-19,19.8430,20.0316
2015-06-22,19.8594,20.0491
2015-06-23,19.8532,20.0431
2015-06-24,19.8691,20.0594
2015-06-25,19.8706,20.0612
2015-06-26,19.8920,20.0831
2015-06-29,19.9045,20.0966
2015-06-30,19.8952,20.0875
2015-07-01,19.8971,20.0897
2015-07-02,19.9177,20.1109
2015-07-03,19.9145,20.1079
2015-07-06,19.8951,20.0892
2015-07-07,19.9062,20.1007
2015-07-08,19.9026,20.0974
2015-07-09,19.9093,20.1044
2015-07-10,19.9047,20.1000
2015-07-13,19.9103,20.1066
2015-07-14,19.9314,20.1282
2015-07-15,19.9276,20.1246
2015-07-16,19.9278,20.1251
2015-07-17,19.9473,20.1451
2015-07-20,19.9339,20.1325
2015-07-21,19.9536,20.1526
2015-07-22,19.9428,20.1420
2015-07-23,19.9542,20.1538
2015-07-24,19.9551,20.1550
2015-07-27,19.9584,20.1592
2015-07-28,19.9668,20.1681
2015-07-29,19.9708,20.1723
2015-07-30,19.9764,20.1783
2015-07-31,19.9875,20.1899
2015-08-03,20.0075,20.2109
2015-08-04,19.9947,20.1982
2015-08-05,20.0057,20.2096
2015-08-06,20.0049,20.2091
2015-08-07,20.0096,20.2141
2015-08-10,20.0242,20.2297
2015-08-11,20.0225,20.2283
2015-08-12,20.0275,20.2337
2015-08-13,20.0313,20.2378
2015-08-14,20.0330,20.2398
2015-08-17,20.0536,20.2615
2015-08-18,20.0506,20.2587
2015-08-19,20.0609,20.2694
2015-08-20,20.0636,20.2725
2015-08-21,20.0665,20.2757
2015-08-24,20.0987,20.3090
2015-08-25,20.0724,20.2828
2015-08-26,20.0802,20.2909
2015-08-27,20.0755,20.2865
2015-08-28,20.1089,20.3205
2015-08-31,20.1030,20.3154
2015-09-01,20.1267,20.3397
2015-09-02,20.1138,20.3270
2015-09-03,20.1262,20.3398
2015-09-04,20.1347,20.3486
2015-09-07,20.1389,20.3537
2015-09-08,20.1237,20.3387
2015-09-09,20.1525,20.3681
2015-09-10,20.1300,20.3456
2015-09-11,20.1589,20.3751
2015-09-14,20.1610,20.3781
2015-09-15,20.1692,20.3867
2015-09-16,20.1756,20.3934
2015-09-18,20.1690,20.3873
2015-09-21,20.1769,20.3962
2015-09-22,20.1953,20.4151
2015-09-23,20.1743,20.3942
2015-09-24,20.1848,20.4051
2015-09-28,20.2055,20.4272
2015-09-29,20.2015,20.4235
2015-09-30,20.2065,20.4288
2015-10-01,20.2156,20.4382
2015-10-05,20.2379,20.4620
2015-10-06,20.2402,20.4646
2015-10-07,20.2329,20.4575
2015-10-08,20.2276,20.4525
2015-10-09,20.2413,20.4665
2015-10-12,20.2475,20.4738
2015-10-13,20.2499,20.4764
2015-10-14,20.2567,20.4836
2015-10-15,20.2556,20.4828
2015-10-16,20.2590,20.4865
2015-10-19,20.2837,20.5124
2015-10-20,20.2871,20.5161
2015-10-21,20.2808,20.5100
2015-10-23,20.2891,20.5190
2015-10-26,20.2995,20.5304
2015-10-27,20.2965,20.5276
2015-10-28,20.2972,20.5286
2015-10-29,20.2970,20.5287
2015-10-30,20.3212,20.5535
2015-11-02,20.3198,20.5529
2015-11-03,20.3281,20.5617
2015-11-04,20.3242,20.5579
2015-11-05,20.3172,20.5511
2015-11-06,20.3249,20.5593
2015-11-09,20.3316,20.5669
2015-11-10,20.3477,20.5835
2015-11-13,20.3543,20.5911
2015-11-16,20.3489,20.5864
2015-11-17,20.3577,20.5956
2015-11-18,20.3694,20.6077
2015-11-19,20.3657,20.6043
2015-11-20,20.3822,20.6212
2015-11-23,20.3845,20.6245
2015-11-24,20.3877,20.6279
2015-11-26,20.3826,20.6233
2015-11-27,20.3959,20.6372
2015-11-30,20.3933,20.6354
2015-12-01,20.3969,20.6393
2015-12-02,20.4047,20.6474
2015-12-03,20.4177,20.6609
2015-12-04,20.3976,20.6409
2015-12-07,20.4006,20.6448
2015-12-08,20.4270,20.6718
2015-12-09,20.4299,20.6750
2015-12-10,20.4275,20.6729
2015-12-11,20.4402,20.6861
2015-12-14,20.4460,20.6928
2015-12-15,20.4529,20.7000
2015-12-16,20.4544,20.7019
2015-12-17,20.4544,20.7021
2015-12-18,20.4530,20.7010
2015-12-21,20.4711,20.7202
2015-12-22,20.4845,20.7340
2015-12-23,20.4867,20.7366
2015-12-24,20.4780,20.7281
2015-12-28,20.5059,20.7574
2015-12-29,20.4943,20.7459
2015-12-30,20.5002,20.7523
2015-12-31,20.5087,20.7611
2016-01-01,20.5087,20.7615
2016-01-04,20.5360,20.7899
2016-01-05,20.5261,20.7802
2016-01-06,20.5428,20.7974
2016-01-07,20.5480,20.8030
2016-01-08,20.5466,20.8018
2016-01-11,20.5401,20.7961
2016-01-12,20.5394,20.7957
2016-01-13,20.5511,20.8078
2016-01-14,20.5598,20.8169
2016-01-15,20.5746,20.8322
2016-01-18,20.5695,20.8279
2016-01-19,20.5782,20.8370
2016-01-20,20.5720,20.8311
2016-01-21,20.5687,20.8280
2016-01-22,20.5758,20.8354
2016-01-25,20.5933,20.8541
2016-01-27,20.5979,20.8593
2016-01-28,20.5862,20.8477
2016-01-29,20.5992,20.8612
2016-02-01,20.5966,20.8594
2016-02-02,20.6055,20.8688
2016-02-03,20.6130,20.8767
2016-02-04,20.6087,20.8725
2016-02-05,20.5969,20.8609
2016-02-08,20.6235,20.8887
2016-02-09,20.6045,20.8698
2016-02-10,20.6040,20.8696
2016-02-11,20.6329,20.8991
2016-02-12,20.6400,20.9066
2016-02-15,20.6523,20.9199
2016-02-16,20.6531,20.9211
2016-02-17,20.6410,20.9091
2016-02-18,20.6520,20.9206
2016-02-19,20.6520,20.9208
2016-02-22,20.6531,20.9228
2016-02-23,20.6616,20.9317
2016-02-24,20.6670,20.9375
2016-02-25,20.6480,20.9185
2016-02-26,20.6546,20.9255
2016-02-29,20.6649,20.9369
2016-03-01,20.6881,20.9606
2016-03-02,20.7197,20.9929
2016-03-03,20.7420,21.0158
2016-03-04,20.7483,21.0225
2016-03-08,20.7855,21.0613
2016-03-09,20.7235,20.9988
2016-03-10,20.7516,21.0276
2016-03-11,20.7536,21.0299
2016-03-14,20.7602,21.0375
2016-03-15,20.7385,21.0157
2016-03-16,20.7271,21.0045
2016-03-17,20.7775,21.0559
2016-03-18,20.7761,21.0548
2016-03-21,20.7762,21.0558
2016-03-22,20.7772,21.0571
2016-03-23,20.7766,21.0568
2016-03-28,20.7752,21.0568
2016-03-29,20.7712,21.0530
2016-03-30,20.7991,21.0816
2016-03-31,20.8210,21.1041
2016-04-01,20.8181,21.1015
2016-04-04,20.8381,21.1226
2016-04-05,20.8548,21.1398
2016-04-06,20.8437,21.1289
2016-04-07,20.8571,21.1427
2016-04-08,20.8450,21.1308
2016-04-11,20.8436,21.1302
2016-04-12,20.8568,21.1439
2016-04-13,20.8717,21.1593
2016-04-18,20.8921,21.1815
2016-04-20,20.8804,21.1702
2016-04-21,20.9002,21.1906
2016-04-22,20.8973,21.1879
2016-04-25,20.8970,21.1886
2016-04-26,20.8914,21.1831
2016-04-27,20.8987,21.1908
2016-04-28,20.8974,21.1898
2016-04-29,20.8963,21.1890
2016-05-02,20.9087,21.2025
2016-05-03,20.9281,21.2225
2016-05-04,20.9382,21.2330
2016-05-05,20.9168,21.2116
2016-05-06,20.9277,21.2229
2016-05-09,20.9245,21.2206
2016-05-10,20.9326,21.2291
2016-05-11,20.9540,21.2511
2016-05-12,20.9439,21.2412
2016-05-13,20.9717,21.2696
2016-05-16,20.9579,21.2565
2016-05-17,20.9640,21.2630
2016-05-18,20.9745,21.2740
2016-05-19,20.9961,21.2962
2016-05-20,20.9760,21.2761
2016-05-23,20.9787,21.2797
2016-05-24,20.9903,21.2918
2016-05-25,20.9790,21.2806
2016-05-26,20.9899,21.2919
2016-05-27,20.9915,21.2939
2016-05-30,20.9938,21.2971
2016-05-31,20.9824,21.2859
2016-06-01,21.0120,21.3161
2016-06-02,20.9984,21.3027
2016-06-03,21.0180,21.3229
2016-06-06,21.0113,21.3169
2016-06-07,21.0151,21.3211
2016-06-08,21.0238,21.3302
2016-06-09,21.0402,21.3472
2016-06-10,21.0453,21.3526
2016-06-13,21.0468,21.3551
2016-06-14,21.0501,21.3587
2016-06-15,21.0486,21.3575
2016-06-16,21.0687,21.3782
2016-06-17,21.0790,21.3889
2016-06-20,21.0640,21.3746
2016-06-21,21.0806,21.3918
2016-06-22,21.0912,21.4028
2016-06-23,21.0879,21.3998
2016-06-24,21.1036,21.4160
2016-06-27,21.1041,21.4174
2016-06-28,21.0967,21.4102
2016-06-29,21.1186,21.4327
2016-06-30,21.1126,21.4269
2016-07-01,21.1219,21.4367
2016-07-04,21.1428,21.4588
2016-07-05,21.1412,21.4575
2016-07-07,21.1454,21.4623
2016-07-08,21.1595,21.4769
2016-07-11,21.1673,21.4857
2016-07-12,21.1801,21.4990
2016-07-13,21.1879,21.5072
2016-07-14,21.1731,21.4925
2016-07-15,21.1939,21.5139
2016-07-18,21.2093,21.5305
2016-07-19,21.2043,21.5257
2016-07-20,21.1956,21.5172
2016-07-21,21.2173,21.5395
2016-07-22,21.2127,21.5351
2016-07-25,21.2265,21.5500
2016-07-26,21.2418,21.5658
2016-07-27,21.2366,21.5609
2016-07-28,21.2342,21.5588
2016-07-29,21.2434,21.5684
2016-08-01,21.2488,21.5748
2016-08-02,21.2615,21.5880
2016-08-03,21.2665,21.5933
2016-08-04,21.2563,21.5833
2016-08-05,21.2772,21.6047
2016-08-08,21.2830,21.6115
2016-08-09,21.2947,21.6237
2016-08-10,21.2880,21.6171
2016-08-11,21.2954,21.6249
2016-08-12,21.3210,21.6512
2016-08-16,21.3184,21.6497
2016-08-17,21.3278,21.6596
2016-08-18,21.3287,21.6608
2016-08-19,21.3362,21.6687
2016-08-22,21.3489,21.6824
2016-08-23,21.3397,21.6733
2016-08-24,21.3463,21.6804
2016-08-25,21.3459,21.6802
2016-08-26,21.3538,21.6885
2016-08-29,21.3703,21.7062
2016-08-30,21.3643,21.7004
2016-08-31,21.3742,21.7107
2016-09-01,21.3884,21.7253
2016-09-02,21.3922,21.7295
2016-09-06,21.4134,21.7521
2016-09-07,21.4023,21.7412
2016-09-08,21.4081,21.7474
2016-09-09,21.4161,21.7558
2016-09-12,21.4358,21.7767
2016-09-14,21.4090,21.7500
2016-09-15,21.4310,21.7726
2016-09-16,21.4359,21.7779
2016-09-19,21.4345,21.7773
2016-09-20,21.4360,21.7791
2016-09-21,21.4428,21.7863
2016-09-22,21.4392,21.7830
2016-09-23,21.4490,21.7932
2016-09-26,21.4506,21.7957
2016-09-27,21.4622,21.8078
2016-09-28,21.4545,21.8003
2016-09-29,21.4720,21.8184
2016-09-30,21.4890,21.8359
2016-10-03,21.4811,21.8288
2016-10-04,21.4905,21.8386
2016-10-05,21.5001,21.8486
2016-10-06,21.5158,21.8648
2016-10-07,21.5101,21.8593
2016-10-10,21.5159,21.8661
2016-10-13,21.5434,21.8949
2016-10-14,21.5312,21.8828
2016-10-17,21.5576,21.9105
2016-10-18,21.5559,21.9091
2016-10-19,21.5603,21.9138
2016-10-20,21.5629,21.9167
2016-10-21,21.5653,21.9195
2016-10-24,21.5677,21.9227
2016-10-25,21.5749,21.9303
2016-10-26,21.5837,21.9396
2016-10-27,21.5833,21.9395
2016-10-28,21.6008,21.9576
2016-11-01,21.6482,22.0069
2016-11-02,21.6208,21.9793
2016-11-03,21.6260,21.9849
2016-11-04,21.6265,21.9858
2016-11-07,21.6440,22.0045
2016-11-08,21.6346,21.9952
2016-11-09,21.6365,21.9975
2016-11-10,21.6456,22.0069
2016-11-11,21.6454,22.0070
2016-11-15,21.6569,22.0200
2016-11-16,21.6876,22.0515
2016-11-17,21.6773,22.0413
2016-11-18,21.6909,22.0554
2016-11-21,21.7030,22.0686
2016-11-22,21.7034,22.0694
2016-11-23,21.7174,22.0839
2016-11-24,21.7008,22.0673
2016-11-25,21.7470,22.1146
2016-11-28,21.7326,22.1009
2016-11-29,21.7241,22.0925
2016-11-30,21.7181,22.0867
2016-12-01,21.7458,22.1152
2016-12-02,21.7366,22.1061
2016-12-05,21.7263,22.0966
2016-12-06,21.7344,22.1052
2016-12-07,21.7400,22.1112
2016-12-08,21.7448,22.1163
2016-12-09,21.7358,22.1075
2016-12-12,21.7633,22.1363
2016-12-13,21.7680,22.1414
2016-12-14,21.7659,22.1396
2016-12-15,21.7588,22.1327
2016-12-16,21.7721,22.1465
2016-12-19,21.7663,22.1415
2016-12-20,21.7686,22.1442
2016-12-21,21.7713,22.1473
2016-12-22,21.7719,22.1481
2016-12-23,21.7837,22.1605
2016-12-26,21.7965,22.1744
2016-12-27,21.8005,22.1788
2016-12-28,21.8012,22.1797
2016-12-29,21.8102,22.1892
2016-12-30,21.8334,22.2131
2017-01-02,21.8160,22.1963
2017-01-03,21.8355,22.2165
2017-01-04,21.8271,22.2083
2017-01-05,21.8315,22.2130
2017-01-06,21.8207,22.2023
2017-01-09,21.8329,22.2156
2017-01-10,21.8437,22.2270
2017-01-11,21.8517,22.2354
2017-01-12,21.8437,22.2275
2017-01-13,21.8422,22.2263
2017-01-16,21.8370,22.2220
2017-01-17,21.8525,22.2381
2017-01-18,21.8508,22.2366
2017-01-19,21.8586,22.2448
2017-01-20,21.8618,22.2484
2017-01-23,21.8620,22.2496
2017-01-24,21.8589,22.2467
2017-01-25,21.8743,22.2627
2017-01-27,21.8666,22.2555
2017-01-30,21.8909,22.2810
2017-01-31,21.8963,22.2869
2017-02-01,21.8878,22.2785
2017-02-02,21.9009,22.2921
2017-02-03,21.9037,22.2953
2017-02-06,21.9089,22.3014
2017-02-07,21.9118,22.3047
2017-02-08,21.8932,22.2861
2017-02-09,21.9069,22.3003
2017-02-10,21.9100,22.3038
2017-02-13,21.9292,22.3243
2017-02-14,21.9293,22.3247
2017-02-15,21.9409,22.3368
2017-02-16,21.9390,22.3351
2017-02-17,21.9810,22.3782
2017-02-20,21.9832,22.3813
2017-02-21,21.9845,22.3829
2017-02-22,22.0005,22.3996
2017-02-23,21.9911,22.3903
2017-02-27,22.0029,22.4034
2017-02-28,22.0051,22.4061
2017-03-01,21.9957,22.3967
2017-03-02,22.0167,22.4184
2017-03-03,22.0066,22.4084
2017-03-06,22.0111,22.4140
2017-03-07,22.0108,22.4140
2017-03-08,22.0190,22.4226
2017-03-09,22.0317,22.4359
2017-03-10,22.0324,22.4368
2017-03-14,22.0411,22.4469
2017-03-15,22.0385,22.4445
2017-03-16,22.0439,22.4504
2017-03-17,22.0656,22.4727
2017-03-20,22.0541,22.4620
2017-03-21,22.0570,22.4653
2017-03-22,22.0670,22.4757
2017-03-23,22.0710,22.4801
2017-03-24,22.0834,22.4930
2017-03-27,22.0777,22.4882
2017-03-28,22.0903,22.5012
2017-03-29,22.0915,22.5028
2017-03-30,22.1039,22.5157
2017-03-31,22.1171,22.5294
2017-04-03,22.1158,22.5291
2017-04-05,22.1232,22.5372
2017-04-06,22.1225,22.5367
2017-04-07,22.1547,22.5698
2017-04-10,22.1384,22.5542
2017-04-11,22.1326,22.5485
2017-04-12,22.1432,22.5597
2017-04-13,22.1494,22.5663
2017-04-17,22.1571,22.5754
2017-04-18,22.1824,22.6014
2017-04-19,22.1544,22.5732
2017-04-20,22.1605,22.5798
2017-04-21,22.1815,22.6014
2017-04-24,22.1752,22.5959
2017-04-25,22.2014,22.6229
2017-04-26,22.1973,22.6190
2017-04-27,22.1943,22.6163
2017-04-28,22.1869,22.6090
2017-05-02,22.2154,22.6393
2017-05-03,22.2096,22.6337
2017-05-04,22.2094,22.6338
2017-05-05,22.2172,22.6420
2017-05-08,22.2176,22.6434
2017-05-09,22.2134,22.6395
2017-05-10,22.2382,22.6650
2017-05-11,22.2434,22.6706
2017-05-12,22.2451,22.6727
2017-05-15,22.2396,22.6680
2017-05-16,22.2506,22.6795
2017-05-17,22.2582,22.6876
2017-05-18,22.2846,22.7148
2017-05-19,22.2694,22.6997
2017-05-22,22.2871,22.7186
2017-05-23,22.2931,22.7250
2017-05-24,22.2953,22.7276
2017-05-25,22.2813,22.7136
2017-05-26,22.2958,22.7288
2017-05-29,22.3095,22.7436
2017-05-30,22.3019,22.7362
2017-05-31,22.3005,22.7351
2017-06-01,22.3083,22.7434
2017-06-02,22.3141,22.7496
2017-06-05,22.3170,22.7535
2017-06-06,22.3117,22.7483
2017-06-07,22.3183,22.7554
2017-06-08,22.3310,22.7687
2017-06-09,22.3252,22.7631
2017-06-12,22.3429,22.7821
2017-06-13,22.3576,22.7974
2017-06-14,22.3386,22.7782
2017-06-15,22.3491,22.7893
2017-06-16,22.3532,22.7938
2017-06-19,22.3545,22.7960
2017-06-20,22.3560,22.7979
2017-06-21,22.3577,22.7999
2017-06-22,22.3830,22.8260
2017-06-23,22.3838,22.8272
2017-06-27,22.3981,22.8430
2017-06-28,22.3932,22.8383
2017-06-29,22.3989,22.8444
2017-06-30,22.4234,22.8697
2017-07-03,22.4157,22.8628
2017-07-04,22.4290,22.8767
2017-07-05,22.4195,22.8673
2017-07-06,22.4405,22.8891
2017-07-07,22.4324,22.8811
2017-07-10,22.4338,22.8835
2017-07-11,22.4536,22.9040
2017-07-12,22.4331,22.8834
2017-07-13,22.4469,22.8978
2017-07-14,22.4494,22.9007
2017-07-17,22.4559,22.9082
2017-07-18,22.4652,22.9181
2017-07-19,22.4634,22.9165
2017-07-20,22.4807,22.9345
2017-07-21,22.4922,22.9466
2017-07-24,22.4908,22.9461
2017-07-25,22.4751,22.9304
2017-07-26,22.4863,22.9421
2017-07-27,22.4937,22.9499
2017-07-28,22.5024,22.9591
2017-07-31,22.5110,22.9689
2017-08-01,22.5244,22.9828
2017-08-02,22.5317,22.9906
2017-08-03,22.5478,23.0074
2017-08-04,22.5339,22.9934
2017-08-07,22.5356,22.9962
2017-08-08,22.5692,23.0308
2017-08-09,22.5863,23.0485
2017-08-10,22.5914,23.0540
2017-08-11,22.5855,23.0483
2017-08-14,22.5839,23.0477
2017-08-16,22.5872,23.0517
2017-08-17,22.6038,23.0689
2017-08-18,22.5900,23.0551
2017-08-21,22.6136,23.0802
2017-08-22,22.6051,23.0718
2017-08-23,22.6044,23.0714
2017-08-24,22.6178,23.0855
2017-08-28,22.6379,23.1072
2017-08-29,22.6427,23.1124
2017-08-30,22.6406,23.1106
2017-08-31,22.6424,23.1128
2017-09-01,22.6442,23.1149
2017-09-04,22.6608,23.1327
2017-09-05,22.6603,23.1326
2017-09-06,22.6620,23.1346
2017-09-07,22.6667,23.1397
2017-09-08,22.6796,23.1532
2017-09-11,22.6707,23.1451
2017-09-12,22.6771,23.1520
2017-09-13,22.6825,23.1578
2017-09-14,22.6807,23.1563
2017-09-15,22.7024,23.1788
2017-09-18,22.6922,23.1693
2017-09-19,22.6978,23.1754
2017-09-20,22.6994,23.1773
2017-09-21,22.7114,23.1898
2017-09-22,22.7320,23.2112
2017-09-25,22.7290,23.2091
2017-09-26,22.7394,23.2200
2017-09-27,22.7342,23.2150
2017-09-28,22.7306,23.2117
2017-09-29,22.7609,23.2430
2017-10-03,22.7763,23.2599
2017-10-04,22.7602,23.2438
2017-10-05,22.7686,23.2527
2017-10-06,22.7632,23.2475
2017-10-09,22.7690,23.2544
2017-10-10,22.7767,23.2626
2017-10-11,22.8033,23.2901
2017-10-12,22.7759,23.2624
2017-10-13,22.7812,23.2682
2017-10-16,22.7872,23.2752
2017-10-17,22.8029,23.2916
2017-10-18,22.8022,23.2912
2017-10-23,22.8294,23.3206
2017-10-24,22.8294,23.3208
2017-10-25,22.8224,23.3141
2017-10-26,22.8376,23.3299
2017-10-27,22.8457,23.3385
2017-10-30,22.8575,23.3515
2017-10-31,22.8571,23.3514
2017-11-01,22.8556,23.3502
2017-11-02,22.8604,23.3554
2017-11-03,22.8640,23.3594
2017-11-06,22.8741,23.3707
2017-11-07,22.8930,23.3904
2017-11-08,22.8803,23.3776
2017-11-09,22.8746,23.3722
2017-11-10,22.8958,23.3942
2017-11-13,22.9032,23.4027
2017-11-14,22.9034,23.4032
2017-11-15,22.9112,23.4115
2017-11-16,22.9050,23.4055
2017-11-17,22.9175,23.4186
2017-11-20,22.9222,23.4244
2017-11-21,22.9329,23.4356
2017-11-22,22.9417,23.4449
2017-11-23,22.9444,23.4480
2017-11-24,22.9532,23.4573
2017-11-27,22.9540,23.4590
2017-11-28,22.9584,23.4639
2017-11-29,22.9716,23.4777
2017-11-30,22.9648,23.4711
2017-12-01,23.0056,23.5131
2017-12-04,23.0020,23.5103
2017-12-05,22.9892,23.4976
2017-12-06,23.0125,23.5217
2017-12-07,22.9932,23.5023
2017-12-08,23.0069,23.5167
2017-12-11,23.0079,23.5187
2017-12-12,23.0266,23.5381
2017-12-13,23.0263,23.5382
2017-12-14,23.0289,23.5411
2017-12-15,23.0330,23.5456
2017-12-18,23.0491,23.5630
2017-12-19,23.0435,23.5576
2017-12-20,23.0444,23.5589
2017-12-21,23.0402,23.5549
2017-12-22,23.0541,23.5694
2017-12-26,23.0544,23.5711
2017-12-27,23.0644,23.5816
2017-12-28,23.0588,23.5761
2017-12-29,23.0713,23.5892
2018-01-01,23.0842,23.6034
2018-01-02,23.0915,23.6112
2018-01-03,23.0957,23.6158
2018-01-04,23.1011,23.6217
2018-01-05,23.1042,23.6252
2018-01-08,23.1142,23.6363
2018-01-09,23.1156,23.6382
2018-01-10,23.1165,23.6394
2018-01-11,23.1161,23.6393
2018-01-12,23.1199,23.6436
2018-01-15,23.1376,23.6625
2018-01-16,23.1476,23.6731
2018-01-17,23.1416,23.6673
2018-01-18,23.1655,23.6921
2018-01-19,23.1517,23.6783
2018-01-22,23.1648,23.6927
2018-01-23,23.1650,23.6932
2018-01-24,23.1788,23.7076
2018-01-25,23.1699,23.6989
2018-01-29,23.2083,23.7395
2018-01-30,23.1980,23.7293
2018-01-31,23.2183,23.7503
2018-02-01,23.2266,23.7592
2018-02-02,23.2697,23.8035
2018-02-05,23.2323,23.7662
2018-02-06,23.2551,23.7898
2018-02-07,23.2711,23.8065
2018-02-08,23.2618,23.7974
2018-02-09,23.2540,23.7897
2018-02-12,23.2724,23.8095
2018-02-14,23.2857,23.8238
2018-02-15,23.2868,23.8252
2018-02-16,23.2977,23.8367
2018-02-19,23.2973,23.8372
2018-02-20,23.3072,23.8476
2018-02-21,23.3076,23.8484
2018-02-22,23.2928,23.8336
2018-02-23,23.2934,23.8345
2018-02-26,23.3093,23.8517
2018-02-27,23.3233,23.8663
2018-02-28,23.3167,23.8599
2018-03-01,23.3472,23.8915
2018-03-05,23.3471,23.8926
2018-03-06,23.3688,23.9152
2018-03-07,23.3610,23.9076
2018-03-08,23.3529,23.8995
2018-03-09,23.3779,23.9254
2018-03-12,23.3600,23.9081
2018-03-13,23.3614,23.9099
2018-03-14,23.3443,23.8926
2018-03-15,23.3600,23.9091
2018-03-16,23.3600,23.9094
2018-03-19,23.3850,23.9359
2018-03-20,23.3906,23.9420
2018-03-21,23.3894,23.9411
2018-03-22,23.4021,23.9545
2018-03-23,23.4208,23.9738
2018-03-26,23.3995,23.9531
2018-03-27,23.4343,23.9889
2018-03-28,23.4257,23.9805
2018-04-02,23.4295,23.9860
2018-04-03,23.4291,23.9859
2018-04-04,23.4776,24.0358
2018-04-05,23.4390,23.9967
2018-04-06,23.4649,24.0235
2018-04-09,23.4787,24.0387
2018-04-10,23.4791,24.0394
2018-04-11,23.4908,24.0517
2018-04-12,23.4961,24.0574
2018-04-13,23.4936,24.0552
2018-04-16,23.4865,24.0489
2018-04-17,23.4945,24.0574
2018-04-18,23.5095,24.0731
2018-04-19,23.5016,24.0653
2018-04-20,23.5135,24.0778
2018-04-23,23.5198,24.0853
2018-04-24,23.5162,24.0819
2018-04-25,23.5245,24.0907
2018-04-26,23.5077,24.0738
2018-04-27,23.5168,24.0834
2018-04-30,23.5160,24.0836
2018-05-02,23.5438,24.1127
2018-05-03,23.5379,24.1070
2018-05-04,23.5377,24.1072
2018-05-07,23.5374,24.1078
2018-05-08,23.5469,24.1178
2018-05-09,23.5405,24.1116
2018-05-10,23.5742,24.1465
2018-05-11,23.5786,24.1513
2018-05-14,23.5830,24.1568
2018-05-15,23.5861,24.1602
2018-05-16,23.5670,24.1410
2018-05-17,23.5715,24.1460
2018-05-18,23.6008,24.1763
2018-05-21,23.5937,24.1701
2018-05-22,23.5969,24.1736
2018-05-23,23.6168,24.1943
2018-05-24,23.6171,24.1950
2018-05-25,23.6129,24.1909
2018-05-28,23.6299,24.2093
2018-05-29,23.6499,24.2302
2018-05-30,23.6454,24.2259
2018-05-31,23.6323,24.2128
2018-06-01,23.6737,24.2555
2018-06-04,23.6849,24.2679
2018-06-05,23.6696,24.2527
2018-06-06,23.6728,24.2562
2018-06-07,23.6871,24.2713
2018-06-08,23.7021,24.2869
2018-06-11,23.7072,24.2931
2018-06-12,23.6958,24.2818
2018-06-13,23.7044,24.2909
2018-06-14,23.7017,24.2885
2018-06-15,23.7157,24.3031
2018-06-18,23.7185,24.3070
2018-06-19,23.7303,24.3194
2018-06-20,23.7100,24.2989
2018-06-21,23.7355,24.3254
2018-06-22,23.7200,24.3099
2018-06-25,23.7486,24.3402
2018-06-26,23.7449,24.3366
2018-06-27,23.7639,24.3564
2018-06-28,23.7507,24.3433
2018-06-29,23.7808,24.3744
2018-07-02,23.7800,24.3746
2018-07-03,23.7569,24.3512
2018-07-04,23.7702,24.3652
2018-07-05,23.7993,24.3954
2018-07-06,23.7808,24.3768
2018-07-09,23.7916,24.3888
2018-07-10,23.8003,24.3980
2018-07-11,23.8217,24.4202
2018-07-12,23.8229,24.4218
2018-07-13,23.8274,24.4267
2018-07-16,23.8354,24.4360
2018-07-17,23.8117,24.4120
2018-07-18,23.8370,24.4383
2018-07-19,23.8372,24.4388
2018-07-20,23.8343,24.4361
2018-07-23,23.8483,24.4515
2018-07-24,23.8477,24.4512
2018-07-25,23.8548,24.4588
2018-07-26,23.8429,24.4469
2018-07-27,23.8629,24.4678
2018-07-30,23.8793,24.4856
2018-07-31,23.8817,24.4883
2018-08-01,23.8705,24.4772
2018-08-02,23.8778,24.4850
2018-08-03,23.8765,24.4840
2018-08-06,23.8867,24.4955
2018-08-07,23.8914,24.5007
2018-08-08,23.8969,24.5065
2018-08-09,23.8924,24.5023
2018-08-10,23.9141,24.5249
2018-08-13,23.9128,24.5245
2018-08-14,23.9197,24.5320
2018-08-16,23.9194,24.5323
2018-08-17,23.9262,24.5396
2018-08-20,23.9226,24.5369
2018-08-21,23.9353,24.5503
2018-08-23,23.9456,24.5615
2018-08-24,23.9488,24.5652
2018-08-27,23.9572,24.5747
2018-08-28,23.9612,24.5791
2018-08-29,23.9642,24.5825
2018-08-30,23.9563,24.5747
2018-08-31,23.9512,24.5699
2018-09-03,23.9854,24.6059
2018-09-04,24.0024,24.6237
2018-09-05,23.9925,24.6139
2018-09-06,24.0013,24.6233
2018-09-07,24.0043,24.6267
2018-09-10,24.0177,24.6414
2018-09-11,24.0332,24.6576
2018-09-12,24.0137,24.6380
2018-09-14,24.0287,24.6540
2018-09-17,24.0525,24.6795
2018-09-18,24.0645,24.6921
2018-09-19,24.0499,24.6774
2018-09-21,24.0826,24.7116
2018-09-24,24.0860,24.7161
2018-09-25,24.0764,24.7066
2018-09-26,24.0902,24.7211
2018-09-27,24.0942,24.7255
2018-09-28,24.1264,24.7589
2018-10-01,24.1041,24.7370
2018-10-03,24.1508,24.7856
2018-10-04,24.1375,24.7723
2018-10-05,24.1789,24.8151
2018-10-08,24.1649,24.8017
2018-10-09,24.1847,24.8224
2018-10-10,24.1771,24.8149
2018-10-11,24.1978,24.8366
2018-10-12,24.1958,24.8348
2018-10-15,24.1994,24.8395
2018-10-16,24.2121,24.8529
2018-10-17,24.2320,24.8737
2018-10-19,24.2259,24.8680
2018-10-22,24.2524,24.8962
2018-10-23,24.2311,24.8747
2018-10-24,24.2322,24.8762
2018-10-25,24.2485,24.8933
2018-10-26,24.3021,24.9485
2018-10-29,24.2763,24.9231
2018-10-30,24.2861,24.9335
2018-10-31,24.2975,24.9455
2018-11-01,24.2940,24.9422
2018-11-02,24.2965,24.9452
2018-11-05,24.2973,24.9470
2018-11-06,24.3132,24.9636
2018-11-09,24.3078,24.9591
2018-11-12,24.3266,24.9794
2018-11-13,24.3098,24.9625
2018-11-14,24.3257,24.9792
2018-11-15,24.3327,24.9867
2018-11-16,24.3409,24.9954
2018-11-19,24.3503,25.0061
2018-11-20,24.3626,25.0190
2018-11-21,24.3570,25.0136
2018-11-22,24.3809,25.0385
2018-11-26,24.3696,25.0282
2018-11-27,24.3920,25.0516
2018-11-28,24.4201,25.0807
2018-11-29,24.4017,25.0622
2018-11-30,24.4191,25.0803
2018-12-03,24.4030,25.0649
2018-12-04,24.4155,25.0779
2018-12-05,24.4206,25.0836
2018-12-06,24.4444,25.1083
2018-12-07,24.4232,25.0869
2018-12-10,24.4501,25.1155
2018-12-11,24.4216,25.0865
2018-12-12,24.4197,25.0850
2018-12-13,24.4373,25.1033
2018-12-14,24.4427,25.1092
2018-12-17,24.4472,25.1149
2018-12-18,24.4490,25.1170
2018-12-19,24.4586,25.1272
2018-12-20,24.4502,25.1190
2018-12-21,24.4711,25.1407
2018-12-24,24.4714,25.1420
2018-12-26,24.4697,25.1410
2018-12-27,24.4973,25.1696
2018-12-28,24.4902,25.1627
2018-12-31,24.4956,25.1692
2019-01-01,24.4944,25.1682
2019-01-02,24.5150,25.1898
2019-01-03,24.5160,25.1911
2019-01-04,24.5060,25.1812
2019-01-07,24.5399,25.2170
2019-01-08,24.5210,25.1980
2019-01-09,24.5427,25.2206
2019-01-10,24.5345,25.2125
2019-01-11,24.5430,25.2216
2019-01-14,24.5426,25.2222
2019-01-15,24.5389,25.2187
2019-01-16,24.5446,25.2249
2019-01-17,24.5717,25.2531
2019-01-18,24.5812,25.2631
2019-01-21,24.5932,25.2765
2019-01-22,24.5808,25.2641
2019-01-23,24.5891,25.2729
2019-01-24,24.5900,25.2742
2019-01-25,24.6187,25.3040
2019-01-28,24.6148,25.3010
2019-01-29,24.6006,25.2867
2019-01-30,24.6336,25.3210
2019-01-31,24.6297,25.3173
2019-02-01,24.6437,25.3320
2019-02-04,24.6435,25.3328
2019-02-05,24.6564,25.3464
2019-02-06,24.6386,25.3284
2019-02-07,24.6578,25.3485
2019-02-08,24.6694,25.3607
2019-02-11,24.6678,25.3601
2019-02-12,24.6631,25.3556
2019-02-13,24.6869,25.3804
2019-02-14,24.6709,25.3643
2019-02-15,24.6813,25.3754
2019-02-18,24.6932,25.3886
2019-02-19,24.7050,25.4010
2019-02-20,24.6977,25.3939
2019-02-21,24.7119,25.4088
2019-02-22,24.7180,25.4155
2019-02-25,24.7223,25.4209
2019-02-26,24.7368,25.4361
2019-02-27,24.7383,25.4379
2019-02-28,24.7188,25.4183
2019-03-01,24.7295,25.4296
2019-03-05,24.7416,25.4434
2019-03-06,24.7478,25.4501
2019-03-07,24.7481,25.4507
2019-03-08,24.7441,25.4470
2019-03-11,24.7661,25.4706
2019-03-12,24.7780,25.4831
2019-03-13,24.7815,25.4871
2019-03-14,24.7854,25.4914
2019-03-15,24.7933,25.4999
2019-03-18,24.7891,25.4966
2019-03-19,24.7916,25.4995
2019-03-20,24.8034,25.5119
2019-03-22,24.8257,25.5355
2019-03-25,24.8279,25.5389
2019-03-26,24.8165,25.5275
2019-03-27,24.8277,25.5393
2019-03-28,24.8197,25.5314
2019-03-29,24.8618,25.5750
2019-04-01,24.8559,25.5700
2019-04-02,24.8703,25.5852
2019-04-03,24.8667,25.5818
2019-04-04,24.8582,25.5734
2019-04-05,24.8557,25.5711
2019-04-08,24.8826,25.5998
2019-04-09,24.8747,25.5920
2019-04-10,24.8845,25.6024
2019-04-11,24.8775,25.5956
2019-04-12,24.8864,25.6051
2019-04-15,24.9261,25.6470
2019-04-16,24.9274,25.6487
2019-04-18,24.9660,25.6890
2019-04-22,24.9726,25.6972
2019-04-23,24.9773,25.7024
2019-04-24,24.9639,25.6889
2019-04-25,24.9732,25.6988
2019-04-26,24.9944,25.7210
2019-04-30,25.0313,25.7602
2019-05-02,25.0200,25.7493
2019-05-03,25.0124,25.7418
2019-05-06,25.0210,25.7517
2019-05-07,25.0523,25.7843
2019-05-08,25.0344,25.7662
2019-05-09,25.0618,25.7947
2019-05-10,25.0687,25.8022
2019-05-13,25.0945,25.8298
2019-05-14,25.0913,25.8268
2019-05-15,25.1099,25.8462
2019-05-16,25.1012,25.8380
2019-05-17,25.1156,25.8528
2019-05-20,25.1100,25.8480
2019-05-21,25.1395,25.8787
2019-05-22,25.1163,25.8553
2019-05-23,25.1295,25.8691
2019-05-24,25.1301,25.8701
2019-05-27,25.1760,25.9184
2019-05-28,25.1547,25.8968
2019-05-29,25.1861,25.9295
2019-05-30,25.1785,25.9220
2019-05-31,25.2303,25.9756
2019-06-03,25.2150,25.9609
2019-06-04,25.2032,25.9491
2019-06-06,25.2105,25.9574
2019-06-07,25.2204,25.9679
2019-06-10,25.2435,25.9926
2019-06-11,25.2390,25.9884
2019-06-12,25.2477,25.9977
2019-06-13,25.2581,26.0087
2019-06-14,25.2655,26.0167
2019-06-17,25.2585,26.0105
2019-06-18,25.2682,26.0208
2019-06-19,25.2691,26.0221
2019-06-20,25.2586,26.0116
2019-06-21,25.2615,26.0150
2019-06-24,25.2817,26.0368
2019-06-25,25.2832,26.0387
2019-06-26,25.2703,26.0257
2019-06-27,25.2767,26.0326
2019-06-28,25.2900,26.0467
2019-07-01,25.3040,26.0621
2019-07-02,25.3087,26.0673
2019-07-03,25.3133,26.0724
2019-07-04,25.3280,26.0879
2019-07-05,25.3513,26.1123
2019-07-08,25.3612,26.1235
2019-07-09,25.3752,26.1382
2019-07-10,25.3797,26.1433
2019-07-11,25.3801,26.1440
2019-07-12,25.3904,26.1549
2019-07-15,25.4017,26.1676
2019-07-16,25.4039,26.1702
2019-07-17,25.4146,26.1816
2019-07-18,25.4098,26.1770
2019-07-19,25.4259,26.1939
2019-07-22,25.4114,26.1800
2019-07-23,25.4256,26.1950
2019-07-24,25.4382,26.2083
2019-07-25,25.4371,26.2075
2019-07-26,25.4360,26.2067
2019-07-29,25.4692,26.2420
2019-07-30,25.4930,26.2668
2019-07-31,25.4781,26.2518
2019-08-01,25.4633,26.2370
2019-08-02,25.4841,26.2587
2019-08-05,25.4810,26.2565
2019-08-06,25.4845,26.2605
2019-08-07,25.5081,26.2851
2019-08-08,25.4978,26.2749
2019-08-09,25.5182,26.2962
2019-08-13,25.5455,26.3258
2019-08-14,25.5565,26.3374
2019-08-16,25.5408,26.3220
2019-08-19,25.5658,26.3488
2019-08-20,25.5591,26.3422
2019-08-21,25.5615,26.3451
2019-08-22,25.5896,26.3744
2019-08-23,25.5694,26.3538
2019-08-26,25.5891,26.3752
2019-08-27,25.5813,26.3675
2019-08-28,25.5985,26.3856
2019-08-29,25.5783,26.3651
2019-08-30,25.5991,26.3869
2019-09-03,25.6089,26.3984
2019-09-04,25.5920,26.3813
2019-09-05,25.6030,26.3930
2019-09-06,25.6070,26.3975
2019-09-09,25.6214,26.4133
2019-09-11,25.6227,26.4154
2019-09-12,25.6454,26.4391
2019-09-13,25.6203,26.4137
2019-09-16,25.6459,26.4411
2019-09-17,25.6464,26.4419
2019-09-18,25.6475,26.4434
2019-09-19,25.6618,26.4585
2019-09-20,25.6394,26.4357
2019-09-23,25.6694,26.4677
2019-09-24,25.6372,26.4349
2019-09-25,25.6333,26.4313
2019-09-26,25.6512,26.4500
2019-09-27,25.6570,26.4564
2019-09-30,25.6737,26.4746
2019-10-01,25.6641,26.4651
2019-10-03,25.6880,26.4904
2019-10-04,25.7096,26.5130
2019-10-07,25.7277,26.5327
2019-10-09,25.7143,26.5196
2019-10-10,25.7515,26.5583
2019-10-11,25.7647,26.5723
2019-10-14,25.7848,26.5941
2019-10-15,25.7679,26.5770
2019-10-16,25.7703,26.5798
2019-10-17,25.7853,26.5956
2019-10-18,25.7920,26.6029
2019-10-22,25.7771,26.5889
2019-10-23,25.7923,26.6050
2019-10-24,25.7988,26.6121
2019-10-25,25.8086,26.6226
2019-10-29,25.8226,26.6385
2019-10-30,25.8352,26.6518
2019-10-31,25.8532,26.6707
2019-11-01,25.8562,26.6742
2019-11-04,25.8591,26.6782
2019-11-05,25.8642,26.6838
2019-11-06,25.8629,26.6829
2019-11-07,25.8742,26.6949
2019-11-08,25.8820,26.7032
2019-11-11,25.8812,26.7035
2019-11-13,25.9056,26.7294
2019-11-14,25.8887,26.7124
2019-11-15,25.8813,26.7050
2019-11-18,25.8930,26.7182
2019-11-19,25.8949,26.7205
2019-11-20,25.9111,26.7376
2019-11-21,25.9349,26.7625
2019-11-22,25.9396,26.7677
2019-11-25,25.9222,26.7509
2019-11-26,25.9165,26.7453
2019-11-27,25.9385,26.7684
2019-11-28,25.9455,26.7760
2019-11-29,25.9458,26.7767
2019-12-02,25.9396,26.7714
2019-12-03,25.9485,26.7809
2019-12-04,25.9507,26.7835
2019-12-05,25.9665,26.8002
2019-12-06,25.9673,26.8013
2019-12-09,25.9785,26.8140
2019-12-10,25.9728,26.8084
2019-12-11,25.9796,26.8159
2019-12-12,25.9680,26.8042
2019-12-13,25.9695,26.8061
2019-12-16,25.9874,26.8257
2019-12-17,25.9884,26.8271
2019-12-18,26.0002,26.8397
2019-12-19,26.0018,26.8416
2019-12-20,25.9968,26.8369
2019-12-23,26.0049,26.8463
2019-12-24,25.9950,26.8364
2019-12-26,26.0038,26.8462
2019-12-27,26.0014,26.8441
2019-12-30,26.0121,26.8563
2019-12-31,26.0058,26.8501
2020-01-01,26.0307,26.8762
2020-01-02,26.0335,26.8794
2020-01-03,26.0711,26.9186
2020-01-06,26.0576,26.9057
2020-01-07,26.0526,26.9009
2020-01-08,26.0679,26.9171
2020-01-09,26.0617,26.9111
2020-01-10,26.0808,26.9312
2020-01-13,26.0848,26.9364
2020-01-14,26.0814,26.9332
2020-01-15,26.0837,26.9360
2020-01-16,26.0936,26.9465
2020-01-17,26.0885,26.9416
2020-01-20,26.0968,26.9513
2020-01-21,26.1020,26.9570
2020-01-22,26.1018,26.9572
2020-01-23,26.1153,26.9715
2020-01-24,26.1248,26.9817
2020-01-27,26.1413,26.9999
2020-01-28,26.1330,26.9916
2020-01-29,26.1500,27.0096
2020-01-30,26.1542,27.0143
2020-01-31,26.1517,27.0121
2020-02-03,26.1945,27.0574
2020-02-04,26.2108,27.0746
2020-02-05,26.2018,27.0657
2020-02-06,26.2034,27.0677
2020-02-07,26.2033,27.0679
2020-02-10,26.2132,27.0793
2020-02-11,26.2083,27.0747
2020-02-12,26.2038,27.0704
2020-02-13,26.2236,27.0912
2020-02-14,26.2141,27.0817
2020-02-17,26.2178,27.0867
2020-02-18,26.2229,27.0924
2020-02-19,26.2239,27.0937
2020-02-20,26.2368,27.1074
2020-02-24,26.2541,27.1267
2020-02-25,26.2361,27.1086
2020-02-26,26.2592,27.1328
2020-02-27,26.2713,27.1456
2020-02-28,26.3518,27.2292
2020-03-02,26.3051,27.1820
2020-03-03,26.2888,27.1656
2020-03-04,26.2997,27.1772
2020-03-05,26.3123,27.1907
2020-03-06,26.3392,27.2188
2020-03-09,26.3064,27.1861
2020-03-11,26.3187,27.1994
2020-03-12,26.3640,27.2467
2020-03-13,26.3618,27.2448
2020-03-16,26.4217,27.3078
2020-03-17,26.4047,27.2906
2020-03-18,26.3720,27.2571
2020-03-19,26.3780,27.2638
2020-03-20,26.3369,27.2217
2020-03-23,26.3587,27.2456
2020-03-24,26.2718,27.1562
2020-03-25,26.2342,27.1177
2020-03-26,26.2627,27.1476
2020-03-27,26.3569,27.2454
2020-03-30,26.3932,27.2842
2020-03-31,26.4326,27.3254
2020-04-01,26.4313,27.3245
2020-04-03,26.4346,27.3288
2020-04-07,26.3580,27.2513
2020-04-08,26.4280,27.3241
2020-04-09,26.4423,27.3393
2020-04-13,26.4023,27.2998
2020-04-15,26.4485,27.3484
2020-04-16,26.4006,27.2993
2020-04-17,26.4068,27.3061
2020-04-20,26.4758,27.3788
2020-04-21,26.4904,27.3943
2020-04-22,26.4680,27.3716
2020-04-23,26.5092,27.4147
2020-04-24,26.5038,27.4095
2020-04-27,26.4857,27.3920
2020-04-28,26.4863,27.3931
2020-04-29,26.5160,27.4243
2020-04-30,26.5520,27.4619
2020-05-04,26.5461,27.4575
2020-05-05,26.5550,27.4672
2020-05-06,26.5373,27.4494
2020-05-07,26.5598,27.4731
2020-05-08,26.5794,27.4938
2020-05-11,26.5879,27.5038
2020-05-12,26.5621,27.4777
2020-05-13,26.5773,27.4938
2020-05-14,26.5907,27.5081
2020-05-15,26.5897,27.5074
2020-05-18,26.6130,27.5329
2020-05-19,26.6144,27.5348
2020-05-20,26.6220,27.5431
2020-05-21,26.6616,27.5845
2020-05-22,26.6571,27.5802
2020-05-26,26.6497,27.5744
2020-05-27,26.6608,27.5863
2020-05-28,26.7041,27.6315
2020-05-29,26.7680,27.6981
2020-06-01,26.6660,27.5939
2020-06-02,26.6454,27.5730
2020-06-03,26.6268,27.5542
2020-06-04,26.6469,27.5754
2020-06-05,26.6418,27.5706
2020-06-08,26.6626,27.5934
2020-06-09,26.6763,27.6080
2020-06-10,26.6440,27.5750
2020-06-11,26.6706,27.6030
2020-06-12,26.6672,27.5999
2020-06-15,26.6717,27.6059
2020-06-16,26.6944,27.6298
2020-06-17,26.7056,27.6418
2020-06-18,26.6896,27.6258
2020-06-19,26.6812,27.6175
2020-06-22,26.6924,27.6304
2020-06-23,26.6711,27.6087
2020-06-24,26.6806,27.6191
2020-06-25,26.6923,27.6316
2020-06-26,26.7332,27.6743
2020-06-29,26.7339,27.6765
2020-06-30,26.7543,27.6980
2020-07-01,26.6973,27.6394
2020-07-02,26.6939,27.6364
2020-07-03,26.7327,27.6769
2020-07-06,26.7185,27.6636
2020-07-07,26.7214,27.6670
2020-07-08,26.7123,27.6579
2020-07-09,26.6973,27.6428
2020-07-10,26.7115,27.6579
2020-07-13,26.7169,27.6646
2020-07-14,26.7290,27.6776
2020-07-15,26.7262,27.6751
2020-07-16,26.7460,27.6960
2020-07-17,26.7179,27.6673
2020-07-20,26.7408,27.6922
2020-07-21,26.7250,27.6762
2020-07-22,26.7433,27.6955
2020-07-23,26.7331,27.6854
2020-07-24,26.7606,27.7142
2020-07-27,26.7601,27.7149
2020-07-28,26.7423,27.6969
2020-07-29,26.7364,27.6912
2020-07-30,26.7612,27.7172
2020-07-31,26.7401,27.6957
2020-08-03,26.7498,27.7070
2020-08-04,26.7477,27.7052
2020-08-05,26.7364,27.6940
2020-08-06,26.7564,27.7150
2020-08-07,26.7559,27.7149
2020-08-10,26.7365,27.6960
2020-08-11,26.7444,27.7046
2020-08-12,26.7602,27.7214
2020-08-13,26.7646,27.7263
2020-08-14,26.7887,27.7517
2020-08-17,26.7806,27.7444
2020-08-18,26.7787,27.7429
2020-08-19,26.7835,27.7483
2020-08-20,26.8051,27.7710
2020-08-21,26.8003,27.7665
2020-08-24,26.7864,27.7533
2020-08-25,26.8050,27.7729
2020-08-26,26.8116,27.7801
2020-08-27,26.8157,27.7848
2020-08-28,26.8064,27.7756
2020-08-31,26.8232,27.7941
2020-09-01,26.7911,27.7613
2020-09-02,26.8026,27.7736
2020-09-03,26.8145,27.7894
2020-09-04,26.8333,27.8093
2020-09-07,26.8292,27.8062
2020-09-08,26.8581,27.8365
2020-09-09,26.8173,27.7947
2020-09-10,26.8562,27.8354
2020-09-11,26.8531,27.8325
2020-09-14,26.8542,27.8349
2020-09-15,26.8495,27.8304
2020-09-16,26.8587,27.8403
2020-09-17,26.8549,27.8369
2020-09-18,26.8748,27.8578
2020-09-21,26.8969,27.8819
2020-09-22,26.8731,27.8576
2020-09-23,26.8690,27.8538
2020-09-24,26.9018,27.8883
2020-09-25,26.9204,27.9078
2020-09-28,26.9088,27.8971
2020-09-29,26.8942,27.8823
2020-09-30,26.9091,27.8981
2020-10-01,26.9030,27.8922
2020-10-05,26.9016,27.8924
2020-10-06,26.9036,27.8948
2020-10-07,26.9087,27.9006
2020-10-08,26.9177,27.9102
2020-10-09,26.9144,27.9072
2020-10-12,26.9396,27.9346
2020-10-13,26.9353,27.9305
2020-10-14,26.9499,27.9461
2020-10-15,26.9718,27.9692
2020-10-16,26.9515,27.9485
2020-10-19,26.9522,27.9506
2020-10-20,26.9668,27.9661
2020-10-21,26.9695,27.9693
2020-10-22,26.9627,27.9627
2020-10-23,26.9855,27.9867
2020-10-26,26.9890,27.9916
2020-10-27,26.9965,27.9998
2020-10-28,27.0085,28.0126
2020-10-29,27.0084,28.0129
2020-10-30,27.0227,28.0282
2020-11-02,27.0072,28.0134
2020-11-03,27.0121,28.0188
2020-11-04,27.0017,28.0084
2020-11-05,26.9940,28.0009
2020-11-06,27.0188,28.0271
2020-11-09,27.0153,28.0247
2020-11-10,27.0048,28.0142
2020-11-11,27.0137,28.0238
2020-11-12,27.0132,28.0238
2020-11-13,27.0103,28.0211
2020-11-17,27.0364,28.0498
2020-11-18,27.0235,28.0369
2020-11-19,27.0408,28.0552
2020-11-20,27.0463,28.0614
2020-11-23,27.0480,28.0644
2020-11-24,27.0421,28.0587
2020-11-25,27.0582,28.0758
2020-11-26,27.0442,28.0617
2020-11-27,27.0363,28.0540
2020-12-01,27.0529,28.0728
2020-12-02,27.0470,28.0671
2020-12-03,27.0305,28.0504
2020-12-04,27.0417,28.0624
2020-12-07,27.0690,28.0920
2020-12-08,27.0667,28.0900
2020-12-09,27.0580,28.0814
2020-12-10,27.0519,28.0755
2020-12-11,27.0945,28.1201
2020-12-14,27.0793,28.1057
2020-12-15,27.0838,28.1107
2020-12-16,27.0812,28.1084
2020-12-17,27.0935,28.1216
2020-12-18,27.0947,28.1233
2020-12-21,27.1256,28.1566
2020-12-22,27.0937,28.1238
2020-12-23,27.0891,28.1195
2020-12-24,27.1058,28.1373
2020-12-28,27.1058,28.1389
2020-12-29,27.1106,28.1443
2020-12-30,27.1211,28.1556
2020-12-31,27.1439,28.1797
2021-01-01,27.1311,28.1668
2021-01-04,27.1442,28.1817
2021-01-05,27.1505,28.1887
2021-01-06,27.1316,28.1694
2021-01-07,27.1324,28.1708
2021-01-08,27.1640,28.2039
2021-01-11,27.1670,28.2085
2021-01-12,27.1344,28.1750
2021-01-13,27.1332,28.1742
2021-01-14,27.1411,28.1829
2021-01-15,27.1505,28.1930
2021-01-18,27.1803,28.2254
2021-01-19,27.1320,28.1756
2021-01-20,27.1682,28.2136
2021-01-21,27.1782,28.2245
2021-01-22,27.1826,28.2295
2021-01-25,27.1855,28.2339
2021-01-27,27.1816,28.2307
2021-01-28,27.1920,28.2419
2021-01-29,27.1782,28.2280
2021-02-01,27.1651,28.2157
2021-02-02,27.1718,28.2231
2021-02-03,27.1990,28.2518
2021-02-04,27.2011,28.2544
2021-02-05,27.1979,28.2515
2021-02-08,27.2017,28.2568
2021-02-09,27.2185,28.2747
2021-02-10,27.2069,28.2630
2021-02-11,27.2297,28.2873
2021-02-12,27.2451,28.3037
2021-02-15,27.2340,28.2935
2021-02-16,27.2206,28.2800
2021-02-17,27.2407,28.3013
2021-02-18,27.2523,28.3137
2021-02-19,27.2558,28.3179
2021-02-22,27.2673,28.3311
2021-02-23,27.2501,28.3137
2021-02-24,27.2534,28.3176
2021-02-25,27.2312,28.2950
2021-02-26,27.2580,28.3232
2021-03-01,27.2426,28.3085
2021-03-02,27.2449,28.3114
2021-03-03,27.2436,28.3105
2021-03-04,27.2620,28.3301
2021-03-05,27.2840,28.3534
2021-03-08,27.2820,28.3526
2021-03-09,27.2717,28.3423
2021-03-10,27.2716,28.3427
2021-03-12,27.2997,28.3728
2021-03-15,27.2838,28.3576
2021-03-16,27.2838,28.3580
2021-03-17,27.3062,28.3818
2021-03-18,27.3130,28.3892
2021-03-19,27.3281,28.4054
2021-03-22,27.3325,28.4113
2021-03-23,27.3227,28.4016
2021-03-24,27.3509,28.4313
2021-03-25,27.3352,28.4154
2021-03-26,27.3498,28.4310
2021-03-30,27.3779,28.4621
2021-03-31,27.3702,28.4544
2021-04-01,27.3585,28.4427
2021-04-05,27.3933,28.4808
2021-04-06,27.3803,28.4676
2021-04-07,27.3829,28.4708
2021-04-08,27.3981,28.4871
2021-04-09,27.3949,28.4842
2021-04-12,27.4430,28.5356
2021-04-13,27.4380,28.5307
2021-04-15,27.4543,28.5487
2021-04-16,27.4571,28.5520
2021-04-19,27.4631,28.5595
2021-04-20,27.4826,28.5803
2021-04-22,27.4875,28.5863
2021-04-23,27.4924,28.5918
2021-04-26,27.4880,28.5886
2021-04-27,27.4792,28.5799
2021-04-28,27.4929,28.5946
2021-04-29,27.4970,28.5993
2021-04-30,27.4950,28.5977
2021-05-03,27.4846,28.5881
2021-05-04,27.4937,28.5981
2021-05-05,27.4749,28.5790
2021-05-06,27.4928,28.5980
2021-05-07,27.5011,28.6071
2021-05-10,27.4973,28.6045
2021-05-11,27.5159,28.6242
2021-05-12,27.5306,28.6401
2021-05-14,27.5253,28.6354
2021-05-17,27.5237,28.6351
2021-05-18,27.5103,28.6216
2021-05-19,27.5233,28.6355
2021-05-20,27.5275,28.6404
2021-05-21,27.5322,28.6457
2021-05-24,27.5560,28.6718
2021-05-25,27.5651,28.6817
2021-05-26,27.5753,28.6928
2021-05-27,27.5538,28.6709
2021-05-28,27.5796,28.6982
2021-05-31,27.6088,28.7299
2021-06-01,27.5900,28.7108
2021-06-02,27.5893,28.7105
2021-06-03,27.6057,28.7280
2021-06-04,27.6067,28.7295
2021-06-07,27.6117,28.7360
2021-06-08,27.6106,28.7353
2021-06-09,27.6316,28.7577
2021-06-10,27.6371,28.7638
2021-06-11,27.6305,28.7574
2021-06-14,27.6427,28.7715
2021-06-15,27.6564,28.7861
2021-06-16,27.6681,28.7988
2021-06-17,27.6772,28.8087
2021-06-18,27.6860,28.8183
2021-06-21,27.6930,28.8270
2021-06-22,27.7049,28.8398
2021-06-23,27.6995,28.8347
2021-06-24,27.7019,28.8376
2021-06-25,27.7059,28.8422
2021-06-28,27.6983,28.8357
2021-06-29,27.7150,28.8534
2021-06-30,27.7284,28.8679
2021-07-01,27.7192,28.8588
2021-07-02,27.7391,28.8800
2021-07-05,27.7280,28.8697
2021-07-06,27.7417,28.8844
2021-07-07,27.7363,28.8793
2021-07-08,27.7557,28.9000
2021-07-09,27.7366,28.8805
2021-07-12,27.7564,28.9025
2021-07-13,27.7497,28.8959
2021-07-14,27.7608,28.9080
2021-07-15,27.7605,28.9081
2021-07-16,27.7650,28.9132
2021-07-19,27.7822,28.9324
2021-07-20,27.7894,28.9404
2021-07-22,27.7953,28.9475
2021-07-23,27.8064,28.9595
2021-07-26,27.8086,28.9631
2021-07-27,27.8227,28.9783
2021-07-28,27.8205,28.9764
2021-07-29,27.8296,28.9864
2021-07-30,27.8265,28.9836
2021-08-02,27.8190,28.9772
2021-08-03,27.8324,28.9916
2021-08-04,27.8408,29.0008
2021-08-05,27.8294,28.9914
2021-08-06,27.8321,28.9946
2021-08-09,27.8424,29.0067
2021-08-10,27.8523,29.0175
2021-08-11,27.8415,29.0067
2021-08-12,27.8563,29.0226
2021-08-13,27.8690,29.0363
2021-08-16,27.8734,29.0422
2021-08-17,27.8877,29.0576
2021-08-18,27.8784,29.0484
2021-08-20,27.9034,29.0754
2021-08-23,27.8867,29.0594
2021-08-24,27.8822,29.0551
2021-08-25,27.8850,29.0585
2021-08-26,27.8977,29.0722
2021-08-27,27.9108,29.0863
2021-08-30,27.9155,29.0926
2021-08-31,27.9269,29.1049
2021-09-01,27.9141,29.0921
2021-09-02,27.9076,29.0858
2021-09-03,27.9069,29.0855
2021-09-06,27.9042,29.0841
2021-09-07,27.9168,29.0977
2021-09-08,27.9774,29.1613
2021-09-09,27.9295,29.1118
2021-09-13,27.9260,29.1100
2021-09-14,27.9238,29.1082
2021-09-15,27.9207,29.1055
2021-09-16,27.9389,29.1248
2021-09-17,27.9347,29.1209
2021-09-20,27.9666,29.1556
2021-09-21,27.9385,29.1267
2021-09-22,27.9272,29.1154
2021-09-23,27.9299,29.1186
2021-09-24,27.9574,29.1478
2021-09-27,27.9341,29.1249
2021-09-28,27.9410,29.1326
2021-09-29,27.9527,29.1453
2021-09-30,27.9601,29.1534
2021-10-01,27.9610,29.1549
2021-10-04,27.9418,29.1362
2021-10-05,27.9488,29.1440
2021-10-06,27.9897,29.1870
2021-10-07,27.9621,29.1588
2021-10-08,27.9730,29.1706
2021-10-11,27.9623,29.1609
2021-10-12,27.9654,29.1645
2021-10-13,27.9702,29.1700
2021-10-14,27.9766,29.1771
2021-10-18,27.9793,29.1819
2021-10-19,27.9965,29.2002
2021-10-20,27.9662,29.1692
2021-10-21,27.9851,29.1893
2021-10-22,28.0074,29.2130
2021-10-25,28.0151,29.2224
2021-10-26,28.0122,29.2199
2021-10-27,28.0329,29.2420
2021-10-28,28.0525,29.2630
2021-10-29,28.0480,29.2587
2021-11-01,28.0031,29.2132
2021-11-02,28.0373,29.2494
2021-11-03,28.0580,29.2715
2021-11-08,28.0309,29.2456
2021-11-09,28.0439,29.2596
2021-11-10,28.0716,29.2890
2021-11-11,28.0696,29.2874
2021-11-12,28.0660,29.2841
2021-11-15,28.0724,29.2922
2021-11-16,28.1005,29.3220
2021-11-17,28.0949,29.3166
2021-11-18,28.1005,29.3230
2021-11-22,28.1083,29.3330
2021-11-23,28.1327,29.3590
2021-11-24,28.1318,29.3584
2021-11-25,28.1190,29.3456
2021-11-26,28.1530,29.3816
2021-11-29,28.1529,29.3828
2021-11-30,28.1540,29.3845
2021-12-01,28.1371,29.3673
2021-12-02,28.1346,29.3652
2021-12-03,28.1424,29.3738
2021-12-06,28.1488,29.3819
2021-12-07,28.1265,29.3591
2021-12-08,28.1319,29.3652
2021-12-09,28.1295,29.3631
2021-12-10,28.1327,29.3670
2021-12-13,28.1162,29.3511
2021-12-14,28.1387,29.3752
2021-12-15,28.1339,29.3706
2021-12-16,28.1305,29.3675
2021-12-17,28.1655,29.4045
2021-12-20,28.1852,29.4266
2021-12-21,28.1787,29.4202
2021-12-22,28.1672,29.4087
2021-12-23,28.1806,29.4232
2021-12-24,28.1932,29.4367
2021-12-27,28.1852,29.4299
2021-12-28,28.1897,29.4350
2021-12-29,28.2010,29.4473
2021-12-30,28.2106,29.4578
2021-12-31,28.1908,29.4376
2022-01-03,28.2025,29.4512
2022-01-04,28.2192,29.4692
2022-01-05,28.2192,29.4696
2022-01-06,28.2157,29.4664
2022-01-07,28.2191,29.4705
2022-01-10,28.2113,29.4638
2022-01-11,28.2357,29.4897
2022-01-12,28.2370,29.4916
2022-01-13,28.2310,29.4858
2022-01-14,28.2249,29.4799
2022-01-17,28.2357,29.4926
2022-01-18,28.2746,29.5337
2022-01-19,28.2368,29.4947
2022-01-20,28.2306,29.4887
2022-01-21,28.2802,29.5410
2022-01-24,28.2946,29.5574
2022-01-25,28.2853,29.5482
2022-01-27,28.2878,29.5518
2022-01-28,28.3019,29.5670
2022-01-31,28.2985,29.5649
2022-02-01,28.2924,29.5589
2022-02-02,28.2957,29.5630
2022-02-03,28.3168,29.5854
2022-02-04,28.3153,29.5844
2022-02-07,28.3231,29.5940
2022-02-08,28.3103,29.5810
2022-02-09,28.3071,29.5781
2022-02-10,28.3091,29.5807
2022-02-11,28.3470,29.6208
2022-02-14,28.3622,29.6382
2022-02-15,28.3415,29.6169
2022-02-16,28.3578,29.6345
2022-02-17,28.3729,29.6507
2022-02-18,28.3753,29.6538
2022-02-21,28.3714,29.6511
2022-02-22,28.3741,29.6544
2022-02-23,28.3590,29.6391
2022-02-24,28.4004,29.6828
2022-02-25,28.4098,29.6931
2022-02-28,28.4052,29.6898
2022-03-02,28.3962,29.6814
2022-03-03,28.4000,29.6858
2022-03-04,28.4072,29.6938
2022-03-07,28.4026,29.6904
2022-03-08,28.4035,29.6919
2022-03-09,28.3924,29.6808
2022-03-10,28.3928,29.6817
2022-03-11,28.3794,29.6681
2022-03-14,28.3858,29.6763
2022-03-15,28.4015,29.6932
2022-03-16,28.3786,29.6696
2022-03-17,28.3991,29.6916
2022-03-21,28.3826,29.6763
2022-03-22,28.3814,29.6755
2022-03-23,28.3991,29.6945
2022-03-24,28.4062,29.7023
2022-03-25,28.4141,29.7111
2022-03-28,28.4047,29.7027
2022-03-29,28.4069,29.7055
2022-03-30,28.4295,29.7296
2022-03-31,28.4212,29.7214
2022-04-01,28.4353,29.7367
2022-04-04,28.4359,29.7387
2022-04-05,28.4504,29.7543
2022-04-06,28.4526,29.7572
2022-04-07,28.4235,29.7271
2022-04-08,28.4179,29.7218
2022-04-11,28.4566,29.7637
2022-04-12,28.4630,29.7709
2022-04-13,28.4685,29.7771
2022-04-18,28.4592,29.7698
2022-04-19,28.5191,29.8329
2022-04-20,28.4949,29.8082
2022-04-21,28.4923,29.8059
2022-04-22,28.5272,29.8428
2022-04-25,28.5308,29.8481
2022-04-26,28.5262,29.8437
2022-04-27,28.5191,29.8368
2022-04-28,28.5352,29.8541
2022-04-29,28.5221,29.8409
2022-05-02,28.5400,29.8611
2022-05-04,28.5301,29.8517
2022-05-05,28.5312,29.8533
2022-05-06,28.5275,29.8499
2022-05-09,28.5419,29.8664
2022-05-10,28.5469,29.8722
2022-05-11,28.5343,29.8595
2022-05-12,28.5646,29.8917
2022-05-13,28.5824,29.9107
2022-05-16,28.5671,29.8962
2022-05-17,28.5670,29.8966
2022-05-18,28.5846,29.9155
2022-05-19,28.5981,29.9301
2022-05-20,28.5771,29.9086
2022-05-23,28.6009,29.9349
2022-05-24,28.5990,29.9334
2022-05-25,28.6077,29.9431
2022-05-26,28.6074,29.9433
2022-05-27,28.6094,29.9458
2022-05-30,28.6115,29.9495
2022-05-31,28.6281,29.9673
2022-06-01,28.6188,29.9581
2022-06-02,28.6203,29.9601
2022-06-03,28.6011,29.9405
2022-06-06,28.5948,29.9353
2022-06-07,28.6044,29.9459
2022-06-08,28.6137,29.9561
2022-06-09,28.6191,29.9622
2022-06-10,28.6167,29.9602
2022-06-13,28.6407,29.9868
2022-06-14,28.6296,29.9756
2022-06-15,28.6325,29.9792
2022-06-16,28.6604,30.0089
2022-06-17,28.6313,29.9788
2022-06-20,28.6573,30.0075
2022-06-21,28.6509,30.0013
2022-06-22,28.6699,30.0216
2022-06-23,28.6487,29.9999
2022-06-24,28.6491,30.0007
2022-06-27,28.6618,30.0154
2022-06-28,28.6642,30.0184
2022-06-29,28.6774,30.0327
2022-06-30,28.7114,30.0687
2022-07-01,28.6819,30.0383
2022-07-04,28.6756,30.0331
2022-07-05,28.7153,30.0752
2022-07-06,28.6948,30.0541
2022-07-07,28.6867,30.0461
2022-07-08,28.6920,30.0521
2022-07-11,28.7024,30.0644
2022-07-12,28.7085,30.0713
2022-07-13,28.6825,30.0444
2022-07-14,28.7057,30.0693
2022-07-15,28.6892,30.0524
2022-07-18,28.6869,30.0513
2022-07-19,28.7020,30.0676
2022-07-20,28.7234,30.0905
2022-07-21,28.7327,30.1007
2022-07-22,28.7243,30.0924
2022-07-25,28.7164,30.0855
2022-07-26,28.7211,30.0909
2022-07-27,28.7147,30.0847
2022-07-28,28.7132,30.0836
2022-07-29,28.6987,30.0688
2022-08-01,28.7181,30.0905
2022-08-02,28.7422,30.1163
2022-08-03,28.7394,30.1138
2022-08-04,28.7398,30.1146
2022-08-05,28.7346,30.1096
2022-08-08,28.7373,30.1138
2022-08-10,28.7407,30.1184
2022-08-11,28.7541,30.1329
2022-08-12,28.7638,30.1435
2022-08-16,28.7556,30.1368
2022-08-17,28.7601,30.1419
2022-08-18,28.7678,30.1504
2022-08-19,28.7986,30.1832
2022-08-22,28.8092,30.1957
2022-08-23,28.7706,30.1558
2022-08-24,28.7850,30.1712
2022-08-25,28.8003,30.1877
2022-08-26,28.7833,30.1705
2022-08-29,28.8281,30.2188
2022-08-30,28.8215,30.2124
2022-09-01,28.8245,30.2164
2022-09-02,28.8456,30.2389
2022-09-05,28.8324,30.2266
2022-09-06,28.8384,30.2333
2022-09-07,28.8382,30.2335
2022-09-08,28.8449,30.2410
2022-09-09,28.8441,30.2406
2022-09-12,28.8359,30.2334
2022-09-13,28.8505,30.2492
2022-09-14,28.8576,30.2572
2022-09-15,28.8639,30.2642
2022-09-16,28.8672,30.2681
2022-09-19,28.8910,30.2944
2022-09-20,28.8910,30.2949
2022-09-21,28.8968,30.3015
2022-09-22,28.8687,30.2724
2022-09-23,28.9138,30.3203
2022-09-26,28.9190,30.3270
2022-09-27,28.9031,30.3108
2022-09-28,28.9377,30.3476
2022-09-29,28.9337,30.3439
2022-09-30,28.9344,30.3450
2022-10-03,28.9678,30.3815
2022-10-04,28.9488,30.3620
2022-10-06,28.9600,30.3748
2022-10-07,28.9529,30.3678
2022-10-10,28.9698,30.3868
2022-10-11,28.9852,30.4035
2022-10-12,28.9741,30.3924
2022-10-13,28.9864,30.4057
2022-10-14,28.9878,30.4077
2022-10-17,28.9983,30.4200
2022-10-18,28.9883,30.4100
2022-10-19,29.0166,30.4402
2022-10-20,29.0161,30.4401
2022-10-21,29.0059,30.4299
2022-10-25,29.0123,30.4384
2022-10-27,29.0035,30.4301
2022-10-28,29.0291,30.4574
2022-10-31,29.0281,30.4579
2022-11-01,29.0217,30.4516
2022-11-02,29.0399,30.4712
2022-11-03,29.0218,30.4526
2022-11-04,29.0112,30.4420
2022-11-07,29.0346,30.4679
2022-11-09,29.0300,30.4640
2022-11-10,29.0280,30.4624
2022-11-11,29.0254,30.4602
2022-11-14,29.0447,30.4818
2022-11-15,29.0456,30.4832
2022-11-16,29.0822,30.5221
2022-11-17,29.0894,30.5301
2022-11-18,29.0859,30.5270
2022-11-21,29.1045,30.5478
2022-11-22,29.1017,30.5453
2022-11-23,29.1053,30.5496
2022-11-24,29.1075,30.5524
2022-11-25,29.0951,30.5399
2022-11-28,29.1202,30.5676
2022-11-29,29.1379,30.5867
2022-11-30,29.1362,30.5853
2022-12-01,29.1287,30.5780
2022-12-02,29.1356,30.5857
2022-12-05,29.1357,30.5871
2022-12-06,29.1345,30.5863
2022-12-07,29.1461,30.5990
2022-12-08,29.1298,30.5824
2022-12-09,29.1707,30.6258
2022-12-12,29.1450,30.6003
2022-12-13,29.1636,30.6203
2022-12-14,29.1727,30.6303
2022-12-15,29.2356,30.6969
2022-12-16,29.2337,30.6954
2022-12-19,29.2030,30.6647
2022-12-20,29.2394,30.7033
2022-12-21,29.2509,30.7160
2022-12-22,29.2631,30.7293
2022-12-23,29.2894,30.7574
2022-12-26,29.3098,30.7803
2022-12-27,29.3053,30.7761
2022-12-28,29.3211,30.7932
2022-12-29,29.3316,30.8047
2022-12-30,29.3296,30.8031
2023-01-02,29.3440,30.8198
2023-01-03,29.3440,30.8202
2023-01-04,29.3763,30.8547
2023-01-05,29.3640,30.8422
2023-01-06,29.3693,30.8483
2023-01-09,29.3734,30.8541
2023-01-10,29.3842,30.8659
2023-01-11,29.3720,30.8536
2023-01-12,29.3844,30.8671
2023-01-13,29.3871,30.8704
2023-01-16,29.4113,30.8974
2023-01-17,29.4246,30.9118
2023-01-18,29.4245,30.9123
2023-01-19,29.4472,30.9366
2023-01-20,29.4483,30.9383
2023-01-23,29.4474,30.9388
2023-01-24,29.4620,30.9546
2023-01-25,29.4786,30.9726
2023-01-27,29.4769,30.9718
2023-01-30,29.4804,30.9770
2023-01-31,29.4475,30.9429
2023-02-01,29.5234,31.0232
2023-02-02,29.5030,31.0022
2023-02-03,29.5323,31.0335
2023-02-06,29.5386,31.0416
2023-02-07,29.5342,31.0376
2023-02-08,29.5461,31.0506
2023-02-09,29.5489,31.0540
2023-02-10,29.5681,31.0747
2023-02-13,29.5807,31.0894
2023-02-14,29.5832,31.0925
2023-02-15,29.5937,31.1041
2023-02-16,29.5943,31.1052
2023-02-17,29.6182,31.1308
2023-02-20,29.6081,31.1217
2023-02-21,29.6244,31.1393
2023-02-22,29.6385,31.1547
2023-02-23,29.6338,31.1502
2023-02-24,29.6417,31.1591
2023-02-27,29.6390,31.1577
2023-02-28,29.6493,31.1691
2023-03-01,29.6510,31.1713
2023-03-02,29.6524,31.1733
2023-03-03,29.6522,31.1736
2023-03-06,29.6768,31.2010
2023-03-08,29.6878,31.2136
2023-03-09,29.6810,31.2070
2023-03-10,29.6962,31.2234
2023-03-13,29.7179,31.2478
2023-03-14,29.6770,31.2053
2023-03-15,29.7087,31.2391
2023-03-16,29.6754,31.2046
2023-03-17,29.6847,31.2149
2023-03-20,29.7206,31.2541
2023-03-21,29.7151,31.2488
2023-03-22,29.7477,31.2837
2023-03-23,29.7676,31.3050
2023-03-24,29.7822,31.3209
2023-03-27,29.7528,31.2915
2023-03-28,29.7708,31.3109
2023-03-29,29.7658,31.3062
2023-03-31,29.8186,31.3627
2023-04-03,29.8318,31.3782
2023-04-05,29.8539,31.4024
2023-04-06,29.8732,31.4232
2023-04-10,29.8722,31.4242
2023-04-11,29.8784,31.4312
2023-04-12,29.8969,31.4513
2023-04-13,29.9051,31.4603
2023-04-17,29.8996,31.4566
2023-04-18,29.9212,31.4799
2023-04-19,29.9348,31.4946
2023-04-20,29.9301,31.4902
2023-04-21,29.9419,31.5031
2023-04-24,29.9566,31.5202
2023-04-25,29.9614,31.5257
2023-04-26,29.9782,31.5438
2023-04-27,29.9793,31.5455
2023-04-28,29.9917,31.5591
2023-05-02,29.9953,31.5649
2023-05-03,30.0088,31.5797
2023-05-04,30.0251,31.5973
2023-05-05,30.0303,31.6033
2023-05-08,30.0254,31.5997
2023-05-09,30.0427,31.6184
2023-05-10,30.0526,31.6293
2023-05-11,30.0432,31.6199
2023-05-12,30.0735,31.6523
2023-05-15,30.0791,31.6597
2023-05-16,30.1036,31.6861
2023-05-17,30.1018,31.6847
2023-05-18,30.1138,31.6979
2023-05-19,30.1313,31.7167
2023-05-22,30.1288,31.7157
2023-05-23,30.1452,31.7334
2023-05-24,30.1455,31.7343
2023-05-25,30.1478,31.7372
2023-05-26,30.1617,31.7523
2023-05-29,30.1563,31.7481
2023-05-30,30.1639,31.7566
2023-05-31,30.1535,31.7462
2023-06-01,30.1726,31.7668
2023-06-02,30.1614,31.7555
2023-06-05,30.1714,31.7676
2023-06-06,30.1920,31.7898
2023-06-07,30.1893,31.7874
2023-06-08,30.2120,31.8118
2023-06-09,30.2258,31.8269
2023-06-12,30.2029,31.8043
2023-06-13,30.2264,31.8295
2023-06-14,30.2376,31.8418
2023-06-15,30.2470,31.8523
2023-06-16,30.2466,31.8523
2023-06-19,30.2369,31.8436
2023-06-20,30.2577,31.8661
2023-06-21,30.2712,31.8807
2023-06-22,30.2955,31.9069
2023-06-23,30.3126,31.9254
2023-06-26,30.3025,31.9162
2023-06-27,30.3265,31.9421
2023-06-28,30.3365,31.9531
2023-06-30,30.3404,31.9582
2023-07-03,30.3412,31.9606
2023-07-04,30.3695,31.9909
2023-07-05,30.3629,31.9844
2023-07-06,30.3742,31.9969
2023-07-07,30.3856,32.0094
2023-07-10,30.3977,32.0236
2023-07-11,30.4057,32.0326
2023-07-12,30.4114,32.0391
2023-07-13,30.4480,32.0782
2023-07-14,30.4449,32.0755
2023-07-17,30.4482,32.0804
2023-07-18,30.4611,32.0946
2023-07-19,30.4537,32.0872
2023-07-20,30.4824,32.1180
2023-07-21,30.4732,32.1088
2023-07-24,30.4879,32.1258
2023-07-25,30.4789,32.1168
2023-07-26,30.4976,32.1370
2023-07-27,30.4802,32.1193
2023-07-28,30.4913,32.1314
2023-07-31,30.4998,32.1419
2023-08-01,30.5235,32.1674
2023-08-02,30.5423,32.1877
2023-08-03,30.5262,32.1713
2023-08-04,30.5509,32.1978
2023-08-07,30.5541,32.2027
2023-08-08,30.5707,32.2208
2023-08-09,30.5813,32.2324
2023-08-10,30.5964,32.2488
2023-08-11,30.5975,32.2505
2023-08-14,30.6357,32.2923
2023-08-16,30.6427,32.3008
2023-08-17,30.6381,32.2964
2023-08-18,30.6579,32.3178
2023-08-21,30.6530,32.3141
2023-08-22,30.6696,32.3322
2023-08-23,30.6791,32.3428
2023-08-24,30.6967,32.3618
2023-08-25,30.7254,32.3925
2023-08-28,30.7165,32.3846
2023-08-29,30.7195,32.3882
2023-08-30,30.7331,32.4031
2023-08-31,30.7229,32.3928
2023-09-01,30.7394,32.4107
2023-09-04,30.7455,32.4186
2023-09-05,30.7533,32.4273
2023-09-06,30.7664,32.4416
2023-09-07,30.7867,32.4635
2023-09-08,30.8050,32.4833
2023-09-11,30.8174,32.4978
2023-09-12,30.8387,32.5208
2023-09-13,30.8130,32.4942
2023-09-14,30.8162,32.4981
2023-09-15,30.8172,32.4996
2023-09-18,30.8547,32.5406
2023-09-20,30.8326,32.5182
2023-09-21,30.8556,32.5430
2023-09-22,30.8690,32.5576
2023-09-25,30.8716,32.5619
2023-09-26,30.8899,32.5817
2023-09-27,30.8869,32.5790
2023-09-29,30.9303,32.6257
2023-10-03,30.9375,32.6353
2023-10-04,30.9590,32.6584
2023-10-05,30.9751,32.6759
2023-10-06,30.9797,32.6812
2023-10-09,31.0060,32.7105
2023-10-10,30.9814,32.6851
2023-10-11,30.9963,32.7012
2023-10-12,31.0013,32.7070
2023-10-13,31.0308,32.7387
2023-10-16,31.0276,32.7368
2023-10-17,31.0285,32.7382
2023-10-18,31.0351,32.7456
2023-10-19,31.0470,32.7588
2023-10-20,31.0743,32.7880
2023-10-23,31.0888,32.8048
2023-10-25,31.0815,32.7980
2023-10-26,31.0803,32.7973
2023-10-27,31.0992,32.8177
2023-10-30,31.1063,32.8267
2023-10-31,31.1045,32.8253
2023-11-01,31.1325,32.8554
2023-11-02,31.1051,32.8270
2023-11-03,31.1370,32.8611
2023-11-06,31.1429,32.8689
2023-11-07,31.1418,32.8681
2023-11-08,31.1625,32.8905
2023-11-09,31.1537,32.8817
2023-11-10,31.1793,32.9092
2023-11-13,31.1874,32.9192
2023-11-15,31.1840,32.9166
2023-11-16,31.1991,32.9330
2023-11-17,31.1881,32.9219
2023-11-20,31.2070,32.9433
2023-11-21,31.2078,32.9446
2023-11-22,31.2017,32.9387
2023-11-23,31.2184,32.9568
2023-11-24,31.2488,32.9894
2023-11-28,31.2320,32.9736
2023-11-29,31.2369,32.9792
2023-11-30,31.2399,32.9829
2023-12-01,31.2620,33.0067
2023-12-04,31.2663,33.0127
2023-12-05,31.2967,33.0453
2023-12-06,31.2881,33.0367
2023-12-07,31.2717,33.0199
2023-12-08,31.2992,33.0494
2023-12-11,31.3061,33.0581
2023-12-12,31.2907,33.0424
2023-12-13,31.2768,33.0283
2023-12-14,31.2752,33.0270
2023-12-15,31.3175,33.0722
2023-12-18,31.3496,33.1075
2023-12-19,31.3534,33.1120
2023-12-20,31.3856,33.1466
2023-12-21,31.3508,33.1103
2023-12-22,31.3737,33.1350
2023-12-26,31.3807,33.1443
2023-12-27,31.4026,33.1680
2023-12-28,31.4115,33.1778
2023-12-29,31.4276,33.1954
2024-01-01,31.4616,33.2327
2024-01-02,31.4841,33.2570
2024-01-03,31.4949,33.2689
2024-01-04,31.4820,33.2557
2024-01-05,31.5229,33.2994
2024-01-08,31.5558,33.3356
2024-01-09,31.5570,33.3375
2024-01-10,31.5417,33.3218
2024-01-11,31.5685,33.3506
2024-01-12,31.5802,33.3634
2024-01-15,31.5907,33.3760
2024-01-16,31.6144,33.4016
2024-01-17,31.6170,33.4047
2024-01-18,31.5938,33.3808
2024-01-19,31.6061,33.3942
2024-01-23,31.6790,33.4732
2024-01-24,31.6264,33.4182
2024-01-25,31.6634,33.4577
2024-01-29,31.6815,33.4788
2024-01-30,31.6911,33.4895
2024-01-31,31.6924,33.4913
2024-02-01,31.7143,33.5150
2024-02-02,31.7225,33.5241
2024-02-05,31.7585,33.5636
2024-02-06,31.7264,33.5303
2024-02-07,31.7375,33.5425
2024-02-08,31.7473,33.5534
2024-02-09,31.7694,33.5772
2024-02-12,31.7871,33.5974
2024-02-13,31.7729,33.5828
2024-02-14,31.7763,33.5870
2024-02-15,31.7797,33.5910
2024-02-16,31.8086,33.6221
2024-02-19,31.8204,33.6361
2024-02-20,31.8400,33.6573
2024-02-21,31.8565,33.6752
2024-02-22,31.8394,33.6576
2024-02-23,31.8655,33.6858
2024-02-26,31.8577,33.6790
2024-02-27,31.8771,33.7000
2024-02-28,31.9244,33.7505
2024-02-29,31.8807,33.7043
2024-03-01,31.8898,33.7145
2024-03-04,31.9120,33.7394
2024-03-05,31.9221,33.7506
2024-03-06,31.9230,33.7520
2024-03-07,31.9500,33.7811
2024-03-11,31.9652,33.7991
2024-03-12,31.9389,33.7718
2024-03-13,31.9763,33.8119
2024-03-14,31.9459,33.7802
2024-03-15,31.9669,33.8029
2024-03-18,31.9965,33.8358
2024-03-19,32.0123,33.8529
2024-03-20,32.0187,33.8602
2024-03-21,32.0013,33.8423
2024-03-22,32.0072,33.8491
2024-03-26,31.9876,33.8304
2024-03-27,32.0471,33.8937
2024-03-28,32.0777,33.9267
2024-03-31,32.0801,33.9307
2024-04-01,32.0982,33.9503
2024-04-02,32.0960,33.9485
2024-04-03,32.1391,33.9946
2024-04-04,32.1522,34.0089
2024-04-05,32.1894,34.0488
2024-04-08,32.1998,34.0613
2024-04-09,32.1974,34.0593
2024-04-10,32.2071,34.0700
2024-04-12,32.2106,34.0748
2024-04-15,32.2252,34.0917
2024-04-16,32.2466,34.1148
2024-04-18,32.2629,34.1331
2024-04-19,32.2881,34.1603
2024-04-22,32.2645,34.1369
2024-04-23,32.2841,34.1581
2024-04-24,32.2775,34.1516
2024-04-25,32.2520,34.1251
2024-04-26,32.2552,34.1290
2024-04-29,32.2742,34.1506
2024-04-30,32.3064,34.1851
2024-05-02,32.2596,34.1366
2024-05-03,32.2907,34.1701
2024-05-06,32.3265,34.2095
2024-05-07,32.3552,34.2404
2024-05-08,32.3415,34.2264
2024-05-09,32.3537,34.2398
2024-05-10,32.3625,34.2497
2024-05-13,32.3582,34.2466
2024-05-14,32.3759,34.2658
2024-05-15,32.3942,34.2857
2024-05-16,32.3985,34.2907
2024-05-17,32.4308,34.3255
2024-05-21,32.4219,34.3181
2024-05-22,32.4433,34.3412
2024-05-23,32.4537,34.3528
2024-05-24,32.4571,34.3569
2024-05-27,32.4490,34.3498
2024-05-28,32.4382,34.3389
2024-05-29,32.4558,34.3581
2024-05-30,32.4912,34.3960
2024-05-31,32.4929,34.3983
2024-06-03,32.4961,34.4033
2024-06-04,32.6185,34.5333
2024-06-05,32.6073,34.5219
2024-06-06,32.5751,34.4884
2024-06-07,32.6042,34.5197
2024-06-10,32.6420,34.5613
2024-06-11,32.6082,34.5260
2024-06-12,32.6212,34.5403
2024-06-13,32.6334,34.5537
2024-06-14,32.6561,34.5783
2024-06-18,32.6443,34.5678
2024-06-19,32.6659,34.5912
2024-06-20,32.6676,34.5935
2024-06-21,32.6878,34.6154
2024-06-24,32.6813,34.6100
2024-06-25,32.7110,34.6421
2024-06-26,32.6974,34.6281
2024-06-27,32.7090,34.6410
2024-06-28,32.7007,34.6326
2024-07-01,32.7123,34.6464
2024-07-02,32.7334,34.6694
2024-07-03,32.7466,34.6838
2024-07-04,32.7597,34.6982
2024-07-05,32.7615,34.7006
2024-07-08,32.7683,34.7093
2024-07-09,32.7794,34.7217
2024-07-10,32.7963,34.7400
2024-07-11,32.7918,34.7357
2024-07-12,32.8272,34.7737
2024-07-15,32.8093,34.7561
2024-07-16,32.8306,34.7791
2024-07-18,32.8382,34.7881
2024-07-19,32.8809,34.8338
2024-07-22,32.8739,34.8279
2024-07-23,32.8788,34.8335
2024-07-24,32.8865,34.8421
2024-07-25,32.8872,34.8433
2024-07-26,32.8962,34.8533
2024-07-29,32.8981,34.8567
2024-07-30,32.9004,34.8596
2024-07-31,32.8974,34.8569
2024-08-01,32.9218,34.8832
2024-08-02,32.9641,34.9285
2024-08-05,32.9531,34.9183
2024-08-06,32.9528,34.9184
2024-08-07,32.9463,34.9121
2024-08-08,32.9899,34.9587
2024-08-09,32.9749,34.9432
2024-08-12,32.9950,34.9660
2024-08-13,33.0155,34.9882
2024-08-14,33.0139,34.9869
2024-08-16,33.0203,34.9947
2024-08-19,33.0267,35.0028
2024-08-20,33.0436,35.0212
2024-08-21,33.0367,35.0144
2024-08-22,33.0489,35.0278
2024-08-23,33.0747,35.0556
2024-08-26,33.0691,35.0511
2024-08-27,33.0831,35.0664
2024-08-28,33.0906,35.0748
2024-08-29,33.0653,35.0485
2024-08-30,33.0839,35.0687
2024-09-02,33.1221,35.1106
2024-09-03,33.1212,35.1101
2024-09-04,33.1341,35.1243
2024-09-05,33.1314,35.1218
2024-09-06,33.1686,35.1617
2024-09-09,33.1635,35.1576
2024-09-10,33.1737,35.1688
2024-09-11,33.1881,35.1846
2024-09-12,33.1885,35.1855
2024-09-13,33.1943,35.1921
2024-09-16,33.1860,35.1846
2024-09-17,33.2044,35.2045
2024-09-18,33.2169,35.2182
2024-09-19,33.1951,35.1956
2024-09-20,33.2345,35.2378
2024-09-23,33.2391,35.2439
2024-09-24,33.2340,35.2390
2024-09-25,33.2482,35.2545
2024-09-26,33.2395,35.2457
2024-09-27,33.2260,35.2318
2024-09-30,33.2561,35.2651
2024-10-01,33.2514,35.2606
2024-10-03,33.2455,35.2552
2024-10-04,33.3002,35.3136
2024-10-07,33.2922,35.3065
2024-10-08,33.3137,35.3297
2024-10-09,33.3462,35.3647
2024-10-10,33.3394,35.3578
2024-10-11,33.3498,35.3694
2024-10-14,33.3573,35.3787
2024-10-15,33.3699,35.3925
2024-10-16,33.3644,35.3871
2024-10-17,33.3821,35.4063
2024-10-18,33.3602,35.3835
2024-10-21,33.4350,35.4642
2024-10-22,33.4243,35.4533
2024-10-23,33.4237,35.4531
2024-10-24,33.4191,35.4487
2024-10-25,33.4499,35.4818
2024-10-28,33.4573,35.4909
2024-10-29,33.4602,35.4945
2024-10-30,33.4559,35.4904
2024-10-31,33.4618,35.4971
2024-11-04,33.5053,35.5450
2024-11-05,33.5270,35.5685
2024-11-06,33.5071,35.5478
2024-11-07,33.5268,35.5692
2024-11-08,33.5599,35.6047
2024-11-11,33.5583,35.6043
2024-11-12,33.5803,35.6281
2024-11-13,33.5673,35.6148
2024-11-14,33.5928,35.6423
2024-11-18,33.6049,35.6569
2024-11-19,33.6293,35.6832
2024-11-21,33.6382,35.6935
2024-11-22,33.6478,35.7041
2024-11-25,33.6380,35.6951
2024-11-26,33.6556,35.7142
2024-11-27,33.6436,35.7019
2024-11-28,33.6327,35.6908
2024-11-29,33.6387,35.6975
2024-12-02,33.6579,35.7193
2024-12-03,33.7009,35.7653
2024-12-04,33.7054,35.7705
2024-12-05,33.7169,35.7832
2024-12-06,33.6984,35.7640
2024-12-09,33.7237,35.7921
2024-12-10,33.7224,35.7912
2024-12-11,33.7202,35.7894
2024-12-12,33.7303,35.8005
2024-12-13,33.7396,35.8109
2024-12-16,33.7492,35.8224
2024-12-17,33.7521,35.8258
2024-12-18,33.7766,35.8523
2024-12-19,33.7690,35.8446
2024-12-20,33.8157,35.8947
2024-12-23,33.8221,35.9028
2024-12-24,33.8136,35.8942
2024-12-26,33.8312,35.9138
2024-12-27,33.8344,35.9176
2024-12-30,33.8208,35.9045
2024-12-31,33.8573,35.9438
2025-01-01,33.8757,35.9637
2025-01-02,33.8812,35.9700
2025-01-03,33.9109,36.0020
2025-01-06,33.9328,36.0266
2025-01-07,33.9346,36.0290
2025-01-08,33.9285,36.0230
2025-01-09,33.9256,36.0204
2025-01-10,33.9565,36.0536
2025-01-13,33.9633,36.0622
2025-01-14,33.9455,36.0437
2025-01-15,33.9702,36.0705
2025-01-16,33.9751,36.0761
2025-01-17,33.9836,36.0855
2025-01-20,33.9941,36.0981
2025-01-21,34.0030,36.1079
2025-01-22,34.0018,36.1072
2025-01-23,34.0046,36.1106
2025-01-24,34.0368,36.1452
2025-01-27,34.0451,36.1554
2025-01-28,34.0400,36.1505
2025-01-29,34.0614,36.1736
2025-01-30,34.0540,36.1662
2025-01-31,34.0765,36.1905
2025-02-03,34.0889,36.2051
2025-02-04,34.1037,36.2213
2025-02-05,34.1114,36.2299
2025-02-06,34.1162,36.2354
2025-02-07,34.1199,36.2399
2025-02-10,34.1319,36.2540
2025-02-11,34.1334,36.2561
2025-02-12,34.1427,36.2664
2025-02-13,34.1516,36.2763
2025-02-14,34.1609,36.2866
2025-02-17,34.1634,36.2906
2025-02-18,34.1894,36.3187
2025-02-19,34.1919,36.3218
2025-02-20,34.1984,36.3292
2025-02-21,34.2127,36.3448
2025-02-24,34.1971,36.3297
2025-02-25,34.2116,36.3455
2025-02-27,34.2351,36.3714
2025-02-28,34.2307,36.3672
2025-03-03,34.2410,36.3794
2025-03-04,34.2512,36.3908
2025-03-05,34.2505,36.3905
2025-03-06,34.2765,36.4186
2025-03-07,34.2812,36.4241
2025-03-10,34.3201,36.4668
2025-03-11,34.2951,36.4407
2025-03-12,34.3030,36.4495
2025-03-13,34.3309,36.4797
2025-03-17,34.3148,36.4644
2025-03-18,34.3182,36.4686
2025-03-19,34.3339,36.4857
2025-03-20,34.3603,36.5142
2025-03-21,34.3680,36.5228
2025-03-24,34.3879,36.5454
2025-03-25,34.3866,36.5445
2025-03-26,34.3941,36.5530
2025-03-27,34.4029,36.5627
2025-03-28,34.4710,36.6356
2025-03-31,34.4757,36.6420
2025-04-01,34.4596,36.6254
2025-04-02,34.4979,36.6666
2025-04-03,34.5222,36.6929
2025-04-04,34.5529,36.7260
2025-04-07,34.5371,36.7106
2025-04-08,34.5378,36.7119
2025-04-09,34.5668,36.7431
2025-04-11,34.5705,36.7480
2025-04-15,34.6052,36.7868
2025-04-16,34.6256,36.8090
2025-04-17,34.6455,36.8306
2025-04-21,34.6538,36.8413
2025-04-22,34.6663,36.8551
2025-04-23,34.6625,36.8516
2025-04-24,34.6633,36.8528
2025-04-25,34.7106,36.9036
2025-04-28,34.6724,36.8644
2025-04-29,34.7021,36.8964
2025-04-30,34.7116,36.9071
2025-05-02,34.7295,36.9270
2025-05-05,34.7059,36.9033
2025-05-06,34.7415,36.9417
2025-05-07,34.7342,36.9344
2025-05-08,34.7681,36.9709
2025-05-09,34.7391,36.9405
2025-05-12,34.6949,36.8950
2025-05-13,34.7483,36.9522
2025-05-14,34.7528,36.9575
2025-05-15,34.7626,36.9684
2025-05-16,34.7533,36.9590
2025-05-19,34.7909,37.0004
2025-05-20,34.7629,36.9711
2025-05-21,34.8028,37.0140
2025-05-22,34.7916,37.0026
2025-05-23,34.8058,37.0181
2025-05-26,34.8141,37.0285
2025-05-27,34.8088,37.0233
2025-05-28,34.8367,37.0534
2025-05-29,34.8311,37.0480
2025-05-30,34.8450,37.0633
2025-06-02,34.8618,37.0826
2025-06-03,34.8627,37.0841
2025-06-04,34.8759,37.0986
2025-06-05,34.8901,37.1142
2025-06-06,34.9104,37.1363
2025-06-09,34.9239,37.1521
2025-06-10,34.9337,37.1630
2025-06-11,34.9197,37.1487
2025-06-12,34.9487,37.1800
2025-06-13,34.9759,37.2094
2025-06-16,34.9507,37.1840
2025-06-17,34.9875,37.2237
2025-06-18,34.9824,37.2187
2025-06-19,34.9905,37.2279
2025-06-20,35.0077,37.2467
2025-06-23,34.9973,37.2371
2025-06-24,34.9930,37.2330
2025-06-25,34.9996,37.2405
2025-06-26,35.0225,37.2653
2025-06-27,35.0310,37.2748
2025-06-30,35.0437,37.2898
2025-07-01,35.0594,37.3071
2025-07-02,35.0647,37.3132
2025-07-03,35.0711,37.3205
2025-07-04,35.0877,37.3386
2025-07-07,35.0968,37.3498
2025-07-08,35.0892,37.3422
2025-07-09,35.1045,37.3599
2025-07-10,35.1199,37.3769
2025-07-11,35.1219,37.3797
2025-07-14,35.1142,37.3733
2025-07-15,35.1247,37.3851
2025-07-16,35.1460,37.4084
2025-07-17,35.1355,37.3979
2025-07-18,35.1444,37.4080
2025-07-21,35.1596,37.4261
2025-07-22,35.1699,37.4376
2025-07-23,35.1662,37.4343
2025-07-24,35.1728,37.4420
2025-07-25,35.2030,37.4747
2025-07-28,35.1961,37.4693
2025-07-29,35.1905,37.4639
2025-07-30,35.2095,37.4848
2025-07-31,35.2230,37.4998
2025-08-01,35.2531,37.5325
2025-08-04,35.2404,37.5208
2025-08-05,35.2646,37.5472
2025-08-06,35.2626,37.5457
2025-08-07,35.2367,37.5186
2025-08-08,35.2686,37.5531
2025-08-11,35.2830,37.5699
2025-08-12,35.2819,37.5692
2025-08-13,35.2637,37.5503
2025-08-14,35.3039,37.5936
2025-08-18,35.2954,37.5866
2025-08-19,35.3048,37.5971
2025-08-20,35.3202,37.6140
2025-08-21,35.3311,37.6261
2025-08-22,35.3358,37.6316
2025-08-25,35.3433,37.6410
2025-08-26,35.3597,37.6590
2025-08-28,35.3595,37.6598
2025-08-29,35.3644,37.6655
2025-09-01,35.3668,37.6695
2025-09-02,35.3824,37.6866
2025-09-03,35.3831,37.6879
2025-09-04,35.4120,37.7191
2025-09-05,35.3941,37.7006
2025-09-08,35.3935,37.7015
2025-09-09,35.4067,37.7160
2025-09-10,35.3945,37.7035
2025-09-11,35.4096,37.7201
2025-09-12,35.4200,37.7316
2025-09-15,35.4174,37.7303
2025-09-16,35.4199,37.7335
2025-09-17,35.4276,37.7422
2025-09-18,35.4310,37.7464
2025-09-19,35.4366,37.7529
2025-09-22,35.4452,37.7635
2025-09-23,35.4354,37.7535
2025-09-24,35.4644,37.7849
2025-09-25,35.4577,37.7783
2025-09-26,35.5047,37.8289
2025-09-30,35.4931,37.8184
2025-10-01,35.5120,37.8392
2025-10-03,35.5256,37.8546
2025-10-06,35.5373,37.8685
2025-10-07,35.5424,37.8744
2025-10-08,35.5796,37.9145
2025-10-09,35.5558,37.8897
2025-10-10,35.5563,37.8907
2025-10-13,35.5856,37.9233
2025-10-14,35.6111,37.9510
2025-10-15,35.5939,37.9331
2025-10-16,35.6172,37.9584
2025-10-17,35.6435,37.9870
2025-10-20,35.6447,37.9896
2025-10-23,35.6477,37.9943
2025-10-24,35.6762,38.0252
2025-10-27,35.6643,38.0139
2025-10-28,35.6759,38.0267
2025-10-29,35.6642,38.0148
2025-10-30,35.6797,38.0318
2025-10-31,35.6715,38.0235
2025-11-03,35.6967,38.0518
2025-11-04,35.7337,38.0918
2025-11-06,35.7334,38.0924
2025-11-07,35.7404,38.1003
2025-11-10,35.7314,38.0922
2025-11-11,35.7438,38.1059
2025-11-12,35.7421,38.1045
2025-11-13,35.7821,38.1477
2025-11-14,35.7853,38.1516
2025-11-17,35.7948,38.1631
2025-11-18,35.8187,38.1891
2025-11-19,35.8348,38.2068
2025-11-20,35.8320,38.2043
2025-11-21,35.8539,38.2281
2025-11-24,35.8458,38.2209
2025-11-25,35.8730,38.2504
2025-11-26,35.8601,38.2371
2025-11-27,35.8584,38.2357
2025-11-28,35.8629,38.2411
2025-12-01,35.8860,38.2673
2025-12-02,35.8762,38.2573
2025-12-03,35.8911,38.2737
2025-12-04,35.8951,38.2785
2025-12-05,35.9057,38.2903
2025-12-08,35.9400,38.3285
2025-12-09,35.9247,38.3126
2025-12-10,35.9488,38.3388
2025-12-11,35.9296,38.3189
2025-12-12,35.9370,38.3273
2025-12-15,35.9508,38.3435
2025-12-16,35.9679,38.3623
2025-12-17,35.9753,38.3707
2025-12-18,35.9798,38.3760
2025-12-19,35.9797,38.3764
2025-12-22,36.0080,38.4082
2025-12-23,36.0092,38.4100
2025-12-24,36.0263,38.4287
2025-12-26,36.0321,38.4359
2025-12-29,36.0533,38.4602
2025-12-30,36.0444,38.4512
2025-12-31,36.0702,38.4792
2026-01-01,36.0706,38.4803
2026-01-02,36.0869,38.4982
2026-01-05,36.1207,38.5359
2026-01-06,36.1152,38.5306
2026-01-07,36.1210,38.5374
2026-01-08,36.1341,38.5519
2026-01-09,36.1373,38.5559
2026-01-12,36.1322,38.5521
2026-01-13,36.1738,38.5971
2026-01-14,36.1636,38.5868
2026-01-16,36.1748,38.5999
2026-01-19,36.2012,38.6297
2026-01-20,36.2019,38.6310
2026-01-21,36.2089,38.6390
2026-01-22,36.1954,38.6251
2026-01-23,36.2298,38.6625
2026-01-27,36.1999,38.6328
2026-01-28,36.2321,38.6677
2026-01-29,36.2370,38.6735
2026-01-30,36.2732,38.7127
2026-02-02,36.2755,38.7168
2026-02-03,36.2942,38.7373
2026-02-04,36.2850,38.7281
2026-02-05,36.2944,38.7387
2026-02-06,36.3237,38.7705
2026-02-09,36.3165,38.7645
2026-02-10,36.3250,38.7742
2026-02-11,36.3346,38.7850
2026-02-12,36.3322,38.7830
2026-02-13,36.3503,38.8029
2026-02-16,36.3477,38.8018
2026-02-17,36.3796,38.8365
2026-02-18,36.3846,38.8423
2026-02-19,36.4104,38.8704
2026-02-20,36.3984,38.8582
2026-02-23,36.4160,38.8787
2026-02-24,36.3998,38.8619
2026-02-25,36.4211,38.8853
2026-02-26,36.4202,38.8848
2026-02-27,36.4369,38.9032
2026-03-02,36.4588,38.9283
2026-03-04,36.4678,38.9391
2026-03-05,36.4665,38.9382
2026-03-06,36.4862,38.9598
2026-03-09,36.4740,38.9485
2026-03-10,36.4509,38.9244
2026-03-11,36.5135,38.9918
2026-03-12,36.4896,38.9669
2026-03-13,36.5171,38.9968
2026-03-16,36.5237,39.0056
2026-03-17,36.5348,39.0180
2026-03-18,36.5536,39.0386
2026-03-19,36.5504,39.0358
2026-03-20,36.5489,39.0347
2026-03-23,36.5706,39.0596
2026-03-24,36.5578,39.0465
2026-03-25,36.5741,39.0645
2026-03-27,36.5985,39.0916
2026-03-30,36.6122,39.1080
2026-03-31,36.6139,39.1103
