date,nav_regular_growth,nav_direct_growth
2006-04-03,51.6300,
2006-04-04,51.7500,
2006-04-05,52.4400,
2006-04-07,52.4700,
2006-04-10,52.8600,
2006-04-12,52.1600,
2006-04-13,51.2900,
2006-04-17,52.1700,
2006-04-18,52.7900,
2006-04-19,52.9900,
2006-04-20,53.3000,
2006-04-21,53.4500,
2006-04-24,53.3200,
2006-04-25,52.6800,
2006-04-26,53.2600,
2006-04-27,53.1900,
2006-04-28,52.9800,
2006-05-02,54.1000,
2006-05-03,54.0500,
2006-05-04,53.7700,
2006-05-05,53.7400,
2006-05-08,53.9200,
2006-05-09,54.1000,
2006-05-10,53.9900,
2006-05-11,53.5500,
2006-05-12,53.0000,
2006-05-15,51.9800,
2006-05-16,52.0600,
2006-05-17,52.5900,
2006-05-18,50.7000,
2006-05-19,49.6000,
2006-05-22,47.9900,
2006-05-23,48.7200,
2006-05-24,48.4100,
2006-05-25,48.2900,
2006-05-26,48.8800,
2006-05-29,48.9600,
2006-05-30,48.9400,
2006-05-31,48.0500,
2006-06-01,47.1000,
2006-06-02,47.5100,
2006-06-05,47.1000,
2006-06-06,46.3900,
2006-06-07,45.1200,
2006-06-08,43.5900,
2006-06-09,45.3000,
2006-06-12,44.7900,
2006-06-13,43.5500,
2006-06-14,43.0300,
2006-06-15,44.5000,
2006-06-16,45.4800,
2006-06-19,45.7700,
2006-06-20,45.6300,
2006-06-21,46.1200,
2006-06-22,46.6600,
2006-06-23,46.9600,
2006-06-26,46.0500,
2006-06-27,45.7100,
2006-06-28,45.6900,
2006-06-29,45.8600,
2006-06-30,46.9000,
2006-07-03,47.0500,
2006-07-04,47.1100,
2006-07-05,47.4000,
2006-07-06,47.1600,
2006-07-07,46.6000,
2006-07-10,46.5900,
2006-07-11,46.7000,
2006-07-12,47.3000,
2006-07-13,47.2500,
2006-07-14,46.9500,
2006-07-17,46.3000,
2006-07-18,46.1300,
2006-07-19,45.4300,
2006-07-20,45.8800,
2006-07-21,45.3000,
2006-07-24,45.1800,
2006-07-25,45.7500,
2006-07-26,46.3100,
2006-07-27,46.7400,
2006-07-28,46.9900,
2006-07-31,47.1200,
2006-08-01,47.0600,
2006-08-02,47.2700,
2006-08-03,47.5100,
2006-08-04,47.4400,
2006-08-07,47.4500,
2006-08-08,47.7500,
2006-08-09,48.2900,
2006-08-10,48.3600,
2006-08-11,48.7300,
2006-08-14,49.0900,
2006-08-16,49.5200,
2006-08-17,49.4100,
2006-08-18,49.6100,
2006-08-21,49.9100,
2006-08-22,49.8700,
2006-08-23,49.6300,
2006-08-24,49.9600,
2006-08-25,50.0700,
2006-08-28,50.2700,
2006-08-29,50.4100,
2006-08-30,50.4600,
2006-08-31,50.2500,
2006-09-01,50.4900,
2006-09-04,50.9800,
2006-09-05,51.0100,
2006-09-06,51.1300,
2006-09-07,51.1200,
2006-09-08,51.4000,
2006-09-11,50.5200,
2006-09-12,50.8800,
2006-09-13,51.4900,
2006-09-14,51.8400,
2006-09-15,52.0300,
2006-09-18,52.2000,
2006-09-19,51.9000,
2006-09-20,52.0300,
2006-09-21,52.2900,
2006-09-22,52.4000,
2006-09-25,52.2700,
2006-09-26,52.5800,
2006-09-27,52.6300,
2006-09-28,52.8200,
2006-09-29,53.1800,
2006-10-03,53.1400,
2006-10-04,52.7300,
2006-10-05,53.4000,
2006-10-06,53.5300,
2006-10-09,53.6100,
2006-10-10,53.5600,
2006-10-11,53.3400,
2006-10-12,53.7200,
2006-10-13,54.0900,
2006-10-16,54.3200,
2006-10-17,54.2700,
2006-10-18,54.1600,
2006-10-19,53.8200,
2006-10-20,53.9600,
2006-10-23,53.8700,
2006-10-26,54.0600,
2006-10-27,54.5200,
2006-10-30,54.9200,
2006-10-31,54.9600,
2006-11-01,55.1900,
2006-11-02,55.2800,
2006-11-03,55.2800,
2006-11-06,55.3400,
2006-11-07,55.2500,
2006-11-08,54.9500,
2006-11-09,55.0200,
2006-11-10,55.0700,
2006-11-13,55.2800,
2006-11-14,55.1500,
2006-11-15,55.2500,
2006-11-16,55.2300,
2006-11-17,54.6800,
2006-11-20,54.6500,
2006-11-21,55.1300,
2006-11-29,55.3700,
2006-11-30,55.3700,
2006-12-01,55.7900,
2006-12-04,56.1800,
2006-12-05,56.2600,
2006-12-06,56.2000,
2006-12-07,56.2700,
2006-12-08,55.9200,
2006-12-11,54.8300,
2006-12-12,53.3500,
2006-12-13,54.1400,
2006-12-14,55.0400,
2006-12-15,55.3900,
2006-12-18,55.6100,
2006-12-19,54.8200,
2006-12-20,54.6300,
2006-12-21,54.6900,
2006-12-22,54.9200,
2006-12-26,55.3800,
2006-12-27,55.7600,
2006-12-28,55.6800,
2006-12-29,55.8500,
2007-01-02,56.2800,
2007-01-03,56.4800,
2007-01-04,56.3200,
2007-01-05,56.2200,
2007-01-08,55.8000,
2007-01-09,55.4200,
2007-01-10,54.9600,
2007-01-11,55.4900,
2007-01-12,56.2300,
2007-01-15,56.4700,
2007-01-16,56.5300,
2007-01-17,56.7300,
2007-01-18,56.8400,
2007-01-19,56.6100,
2007-01-22,56.6100,
2007-01-23,56.1600,
2007-01-24,56.2600,
2007-01-25,56.7200,
2007-01-29,56.7700,
2007-01-31,56.2900,
2007-02-01,56.6400,
2007-02-02,56.9700,
2007-02-05,57.2800,
2007-02-06,57.2200,
2007-02-07,57.5800,
2007-02-08,57.5200,
2007-02-09,56.9300,
2007-02-12,55.5800,
2007-02-13,55.2500,
2007-02-14,55.0800,
2007-02-15,56.0300,
2007-02-19,55.9000,
2007-02-20,55.4000,
2007-02-21,55.2000,
2007-02-22,54.7100,
2007-02-23,53.8200,
2007-02-26,54.1500,
2007-02-27,54.0300,
2007-02-28,52.6500,
2007-03-01,52.9500,
2007-03-02,52.1800,
2007-03-05,50.7500,
2007-03-06,51.1700,
2007-03-07,50.7600,
2007-03-08,51.8700,
2007-03-09,51.4000,
2007-03-12,51.4000,
2007-03-13,51.7900,
2007-03-14,50.9600,
2007-03-15,51.0400,
2007-03-16,50.7500,
2007-03-19,51.2900,
2007-03-20,51.7200,
2007-03-21,51.9500,
2007-03-22,52.6600,
2007-03-23,52.6600,
2007-03-26,52.4300,
2007-03-28,51.9000,
2007-03-29,51.9700,
2007-03-30,52.4900,
2007-04-02,51.0700,
2007-04-03,51.4900,
2007-04-04,51.7400,
2007-04-05,52.0000,
2007-04-09,52.8600,
2007-04-10,52.8700,
2007-04-11,52.9700,
2007-04-12,52.8900,
2007-04-13,53.5900,
2007-04-16,54.2900,
2007-04-17,54.0100,
2007-04-18,53.9900,
2007-04-19,54.0600,
2007-04-20,54.6600,
2007-04-23,54.6800,
2007-04-24,55.0400,
2007-04-25,55.2000,
2007-04-26,55.3000,
2007-04-27,54.8100,
2007-04-30,55.1600,
2007-05-03,55.6900,
2007-05-04,55.4500,
2007-05-07,55.3100,
2007-05-08,54.9700,
2007-05-09,55.0000,
2007-05-10,54.9900,
2007-05-11,55.0900,
2007-05-14,55.5400,
2007-05-15,55.5900,
2007-05-16,56.0400,
2007-05-17,56.3800,
2007-05-18,56.2900,
2007-05-21,56.5800,
2007-05-22,56.8400,
2007-05-23,56.7100,
2007-05-24,56.4300,
2007-05-25,56.5900,
2007-05-28,56.8300,
2007-05-29,57.2300,
2007-05-30,57.0100,
2007-05-31,57.2300,
2007-06-01,57.5500,
2007-06-04,57.3900,
2007-06-05,57.4300,
2007-06-06,56.8000,
2007-06-07,56.6200,
2007-06-08,56.2200,
2007-06-11,56.2300,
2007-06-12,56.1300,
2007-06-13,55.8900,
2007-06-14,56.5400,
2007-06-15,56.5900,
2007-06-18,56.4800,
2007-06-19,56.9900,
2007-06-20,57.4500,
2007-06-21,57.8000,
2007-06-22,57.6400,
2007-06-25,57.8200,
2007-06-26,57.9300,
2007-06-27,57.7700,
2007-06-28,58.2500,
2007-06-29,58.7500,
2007-07-02,58.8800,
2007-07-03,59.2800,
2007-07-04,59.4400,
2007-07-05,59.4300,
2007-07-06,59.6800,
2007-07-09,60.0900,
2007-07-10,59.9000,
2007-07-11,59.9600,
2007-07-12,60.4300,
2007-07-13,60.9400,
2007-07-16,61.2200,
2007-07-17,60.9000,
2007-07-18,60.8300,
2007-07-19,61.4200,
2007-07-20,61.5400,
2007-07-23,62.1600,
2007-07-24,62.2000,
2007-07-25,61.5400,
2007-07-26,61.6200,
2007-07-27,60.1000,
2007-07-30,60.2600,
2007-07-31,61.1200,
2007-08-01,59.3900,
2007-08-02,59.6800,
2007-08-03,60.3000,
2007-08-06,59.7800,
2007-08-07,60.0500,
2007-08-08,60.7900,
2007-08-09,60.1300,
2007-08-10,59.6300,
2007-08-13,60.0600,
2007-08-14,59.9500,
2007-08-16,58.2700,
2007-08-17,57.8000,
2007-08-20,58.3600,
2007-08-21,57.1500,
2007-08-22,57.6800,
2007-08-23,57.5100,
2007-08-24,58.2600,
2007-08-27,59.2500,
2007-08-28,59.5600,
2007-08-29,59.8300,
2007-08-30,60.2100,
2007-08-31,60.8600,
2007-09-03,61.2100,
2007-09-04,61.5200,
2007-09-05,61.4500,
2007-09-06,61.9700,
2007-09-07,61.8000,
2007-09-10,61.9000,
2007-09-11,61.8700,
2007-09-12,61.8300,
2007-09-13,62.2400,
2007-09-14,61.9000,
2007-09-17,61.7600,
2007-09-18,62.1800,
2007-09-19,63.4000,
2007-09-20,63.6300,
2007-09-21,64.1100,
2007-09-24,64.6500,
2007-09-25,64.7100,
2007-09-26,64.9000,
2007-09-27,65.1400,
2007-09-28,65.6300,
2007-10-01,65.8800,
2007-10-03,66.8200,
2007-10-04,66.8900,
2007-10-05,66.8200,
2007-10-08,65.5500,
2007-10-09,67.3400,
2007-10-10,68.3100,
2007-10-11,69.2100,
2007-10-12,68.1000,
2007-10-15,69.5200,
2007-10-16,69.8600,
2007-10-17,68.8500,
2007-10-18,67.2300,
2007-10-19,65.7800,
2007-10-22,65.9200,
2007-10-23,68.4700,
2007-10-24,68.8800,
2007-10-25,69.2300,
2007-10-26,70.9900,
2007-10-29,72.9200,
2007-10-30,72.8500,
2007-10-31,73.2800,
2007-11-01,72.8100,
2007-11-02,73.6100,
2007-11-05,73.1900,
2007-11-06,72.5100,
2007-11-07,72.3400,
2007-11-08,71.9400,
2007-11-12,71.5000,
2007-11-13,72.5900,
2007-11-14,74.3200,
2007-11-15,74.1300,
2007-11-16,74.2000,
2007-11-19,74.8000,
2007-11-20,73.6400,
2007-11-21,71.4000,
2007-11-22,70.8600,
2007-11-23,71.7400,
2007-11-26,72.5400,
2007-11-27,72.6600,
2007-11-28,71.9700,
2007-11-29,71.6100,
2007-11-30,72.6200,
2007-12-03,73.7300,
2007-12-04,73.9800,
2007-12-05,74.5600,
2007-12-06,74.3600,
2007-12-07,74.3900,
2007-12-10,74.3700,
2007-12-17,73.0700,
2007-12-18,72.6400,
2007-12-19,72.2800,
2007-12-20,72.1800,
2007-12-24,73.5500,
2007-12-26,74.7400,
2007-12-27,74.6100,
2007-12-28,75.2500,
2007-12-31,75.6800,
2008-01-01,76.6100,
2008-01-02,76.9800,
2008-01-03,76.5300,
2008-01-04,77.1000,
2008-01-07,77.1300,
2008-01-08,76.4500,
2008-01-09,76.4800,
2008-01-10,75.3000,
2008-01-11,75.4100,
2008-01-14,76.0200,
2008-01-15,75.1200,
2008-01-16,73.8400,
2008-01-17,74.2000,
2008-01-18,72.2700,
2008-01-21,67.7400,
2008-01-22,64.9300,
2008-01-23,68.0900,
2008-01-24,66.7100,
2008-01-25,69.6100,
2008-01-28,69.1900,
2008-01-29,69.0000,
2008-01-30,68.2300,
2008-01-31,67.4500,
2008-02-01,68.1600,
2008-02-04,69.6200,
2008-02-05,69.7700,
2008-02-06,68.6400,
2008-02-07,67.2100,
2008-02-08,66.7400,
2008-02-11,64.4100,
2008-02-12,63.9600,
2008-02-13,64.7200,
2008-02-14,67.1500,
2008-02-15,68.0900,
2008-02-18,68.0100,
2008-02-19,68.1600,
2008-02-20,67.0400,
2008-02-21,66.7900,
2008-02-22,66.4800,
2008-02-25,67.0700,
2008-02-26,67.7900,
2008-02-27,67.9800,
2008-02-28,68.1000,
2008-02-29,67.6200,
2008-03-03,64.7600,
2008-03-04,63.9000,
2008-03-05,64.1300,
2008-03-07,62.4300,
2008-03-10,61.9100,
2008-03-11,63.1100,
2008-03-12,62.8100,
2008-03-13,60.5200,
2008-03-14,61.2500,
2008-03-17,58.4300,
2008-03-18,58.3400,
2008-03-19,58.3700,
2008-03-24,58.9000,
2008-03-25,61.1100,
2008-03-26,61.1500,
2008-03-27,60.6200,
2008-03-28,61.8700,
2008-03-31,60.5300,
2008-04-01,60.1800,
2008-04-02,60.4400,
2008-04-03,60.3800,
2008-04-04,59.2800,
2008-04-07,60.2000,
2008-04-08,59.9800,
2008-04-09,60.5700,
2008-04-10,60.5800,
2008-04-11,61.0400,
2008-04-15,61.5700,
2008-04-16,61.8900,
2008-04-17,62.6100,
2008-04-21,63.4100,
2008-04-22,63.5700,
2008-04-23,63.4500,
2008-04-24,63.2400,
2008-04-25,63.7900,
2008-04-28,63.5500,
2008-04-29,64.3900,
2008-04-30,64.2100,
2008-05-02,64.7200,
2008-05-05,64.6000,
2008-05-06,64.1900,
2008-05-07,63.7900,
2008-05-08,63.2300,
2008-05-09,62.3500,
2008-05-12,62.3900,
2008-05-13,62.2000,
2008-05-14,62.6900,
2008-05-15,63.5200,
2008-05-16,63.8300,
2008-05-20,63.5100,
2008-05-21,63.7300,
2008-05-22,62.9800,
2008-05-23,62.2700,
2008-05-26,61.0600,
2008-05-27,60.7300,
2008-05-28,61.2300,
2008-05-29,60.9500,
2008-05-30,61.3100,
2008-06-02,60.2600,
2008-06-03,59.8100,
2008-06-04,58.4900,
2008-06-05,58.8300,
2008-06-06,58.5500,
2008-06-09,57.3100,
2008-06-10,56.9100,
2008-06-11,57.6900,
2008-06-12,57.9700,
2008-06-13,57.9500,
2008-06-16,58.2100,
2008-06-17,59.1100,
2008-06-18,58.6600,
2008-06-19,57.8200,
2008-06-20,56.3400,
2008-06-23,55.2800,
2008-06-24,54.5700,
2008-06-25,54.8200,
2008-06-26,55.3000,
2008-06-27,53.7500,
2008-06-30,52.9000,
2008-07-01,51.4400,
2008-07-02,53.1100,
2008-07-03,51.9700,
2008-07-04,52.9700,
2008-07-07,53.2600,
2008-07-08,53.0800,
2008-07-09,54.6000,
2008-07-10,54.5400,
2008-07-11,53.4200,
2008-07-14,53.1200,
2008-07-15,51.5400,
2008-07-16,51.0600,
2008-07-17,52.5200,
2008-07-18,53.4100,
2008-07-21,53.7700,
2008-07-22,54.6900,
2008-07-23,57.0500,
2008-07-24,56.4400,
2008-07-25,55.7200,
2008-07-28,55.9700,
2008-07-29,54.2500,
2008-07-30,55.4200,
2008-07-31,55.6100,
2008-08-01,56.4400,
2008-08-04,56.5800,
2008-08-05,57.5300,
2008-08-06,57.5700,
2008-08-07,57.5800,
2008-08-08,57.5300,
2008-08-11,58.3600,
2008-08-12,57.7400,
2008-08-13,57.4600,
2008-08-14,56.6400,
2008-08-18,56.2900,
2008-08-19,55.9900,
2008-08-20,56.3800,
2008-08-21,55.3000,
2008-08-22,55.5900,
2008-08-25,55.7100,
2008-08-26,55.6900,
2008-08-27,55.3400,
2008-08-28,54.7100,
2008-08-29,55.9300,
2008-09-01,55.9100,
2008-09-02,57.1700,
2008-09-04,56.9400,
2008-09-05,56.0700,
2008-09-08,56.9800,
2008-09-09,56.7400,
2008-09-10,56.4600,
2008-09-11,55.8900,
2008-09-12,55.3100,
2008-09-15,53.9300,
2008-09-16,54.1300,
2008-09-17,53.6100,
2008-09-18,53.5700,
2008-09-19,54.9100,
2008-09-22,54.6500,
2008-09-23,53.7300,
2008-09-24,53.9700,
2008-09-25,53.5500,
2008-09-26,52.3300,
2008-09-29,51.0000,
2008-09-30,51.6600,
2008-10-01,52.1900,
2008-10-03,51.2300,
2008-10-06,49.4000,
2008-10-07,49.0500,
2008-10-08,47.9700,
2008-10-10,46.2400,
2008-10-13,48.0400,
2008-10-14,48.3300,
2008-10-15,46.8800,
2008-10-16,46.2900,
2008-10-17,44.9200,
2008-10-20,45.1100,
2008-10-21,46.1700,
2008-10-22,45.0000,
2008-10-23,44.1900,
2008-10-24,41.6600,
2008-10-27,40.7800,
2008-10-29,41.7900,
2008-10-31,43.3900,
2008-11-03,44.8200,
2008-11-04,45.7700,
2008-11-05,44.7400,
2008-11-06,43.8100,
2008-11-07,44.4100,
2008-11-10,45.7700,
2008-11-11,44.3100,
2008-11-12,43.7300,
2008-11-14,43.1300,
2008-11-17,42.6700,
2008-11-18,41.9100,
2008-11-19,41.8900,
2008-11-20,41.2900,
2008-11-21,42.2000,
2008-11-24,42.0600,
2008-11-25,41.5200,
2008-11-26,41.8700,
2008-11-28,42.0400,
2008-12-01,41.6200,
2008-12-02,41.4500,
2008-12-03,41.6700,
2008-12-04,42.8300,
2008-12-05,42.3600,
2008-12-08,42.7900,
2008-12-10,43.8500,
2008-12-11,43.9200,
2008-12-12,44.2400,
2008-12-15,44.7300,
2008-12-16,45.1400,
2008-12-17,44.2800,
2008-12-18,45.1600,
2008-12-19,45.3100,
2008-12-22,45.0100,
2008-12-23,44.3800,
2008-12-24,44.1400,
2008-12-26,43.6800,
2008-12-29,44.1800,
2008-12-30,44.7800,
2008-12-31,44.8000,
2009-01-01,45.4700,
2009-01-02,45.7500,
2009-01-05,46.3700,
2009-01-06,46.5400,
2009-01-07,44.4400,
2009-01-09,43.7800,
2009-01-12,43.0500,
2009-01-13,42.8900,
2009-01-14,43.5400,
2009-01-15,42.8700,
2009-01-16,43.3700,
2009-01-19,43.4200,
2009-01-20,42.9600,
2009-01-21,42.3200,
2009-01-22,42.2400,
2009-01-23,41.7600,
2009-01-27,42.3300,
2009-01-28,42.8600,
2009-01-29,42.8000,
2009-01-30,43.0900,
2009-02-02,42.4800,
2009-02-03,42.6200,
2009-02-04,42.6900,
2009-02-05,42.5000,
2009-02-06,43.0000,
2009-02-09,43.5300,
2009-02-10,43.7900,
2009-02-11,43.7600,
2009-02-12,43.5600,
2009-02-13,44.0200,
2009-02-16,43.2200,
2009-02-17,42.5400,
2009-02-18,42.5000,
2009-02-19,42.5600,
2009-02-20,42.1500,
2009-02-24,41.9000,
2009-02-25,42.1200,
2009-02-26,42.1700,
2009-02-27,42.1300,
2009-03-02,41.4500,
2009-03-03,41.0500,
2009-03-04,41.0900,
2009-03-05,40.4900,
2009-03-06,40.7700,
2009-03-09,40.2800,
2009-03-12,40.6900,
2009-03-13,41.6500,
2009-03-16,42.1300,
2009-03-17,41.9200,
2009-03-18,42.3800,
2009-03-19,42.3600,
2009-03-20,42.1800,
2009-03-23,43.3800,
2009-03-24,43.4100,
2009-03-25,43.9900,
2009-03-26,45.0600,
2009-03-27,45.3000,
2009-03-30,44.1100,
2009-03-31,44.8100,
2009-04-01,45.0400,
2009-04-02,46.3400,
2009-04-06,46.7700,
2009-04-08,47.3100,
2009-04-09,47.5000,
2009-04-13,48.2000,
2009-04-15,49.5400,
2009-04-16,48.4700,
2009-04-17,48.8200,
2009-04-20,48.8600,
2009-04-21,48.4800,
2009-04-22,48.2100,
2009-04-23,49.1300,
2009-04-24,49.7600,
2009-04-27,49.7000,
2009-04-28,48.6300,
2009-04-29,49.3200,
2009-05-04,51.0900,
2009-05-05,51.0500,
2009-05-06,50.6700,
2009-05-07,51.2000,
2009-05-08,50.6600,
2009-05-11,49.9800,
2009-05-12,50.9200,
2009-05-13,50.7800,
2009-05-14,50.6300,
2009-05-15,51.4000,
2009-05-19,57.8200,
2009-05-20,58.1600,
2009-05-21,57.5400,
2009-05-22,57.7200,
2009-05-25,58.3500,
2009-05-26,57.4300,
2009-05-27,58.8300,
2009-05-28,59.0500,
2009-05-29,60.0400,
2009-06-01,60.7300,
2009-06-02,60.9200,
2009-06-03,61.1300,
2009-06-04,62.0200,
2009-06-05,62.2900,
2009-06-08,60.3900,
2009-06-09,61.5900,
2009-06-10,62.8000,
2009-06-11,62.3400,
2009-06-12,61.5800,
2009-06-15,60.7000,
2009-06-16,61.2400,
2009-06-17,59.5800,
2009-06-18,58.5800,
2009-06-19,59.4100,
2009-06-22,58.8700,
2009-06-23,59.1500,
2009-06-24,59.9800,
2009-06-25,59.7600,
2009-06-26,60.8700,
2009-06-29,61.2300,
2009-06-30,60.1400,
2009-07-01,60.7100,
2009-07-02,60.6700,
2009-07-03,61.4200,
2009-07-06,58.8100,
2009-07-07,59.1200,
2009-07-08,58.0100,
2009-07-09,58.0600,
2009-07-10,57.1200,
2009-07-13,56.6400,
2009-07-14,58.1000,
2009-07-15,59.5800,
2009-07-16,59.6000,
2009-07-17,60.9400,
2009-07-20,62.4200,
2009-07-21,62.1800,
2009-07-22,61.2800,
2009-07-23,62.3500,
2009-07-24,62.8800,
2009-07-27,63.4600,
2009-07-28,63.7100,
2009-07-29,63.1200,
2009-07-30,63.6900,
2009-07-31,64.4300,
2009-08-03,65.4800,
2009-08-04,65.3000,
2009-08-05,65.2500,
2009-08-06,64.1000,
2009-08-07,63.0800,
2009-08-10,62.5400,
2009-08-11,62.8300,
2009-08-12,62.5400,
2009-08-13,63.7900,
2009-08-14,63.5900,
2009-08-17,62.1000,
2009-08-18,62.7300,
2009-08-19,61.9300,
2009-08-20,62.5300,
2009-08-21,63.1600,
2009-08-24,64.2000,
2009-08-25,64.2400,
2009-08-26,64.5200,
2009-08-27,64.6300,
2009-08-28,65.0000,
2009-08-31,64.6000,
2009-09-01,64.1400,
2009-09-02,63.8400,
2009-09-03,63.7200,
2009-09-04,64.5500,
2009-09-07,65.6100,
2009-09-08,65.7500,
2009-09-09,66.0400,
2009-09-10,66.0900,
2009-09-11,66.1700,
2009-09-14,66.2600,
2009-09-15,67.2600,
2009-09-16,68.0700,
2009-09-17,68.3800,
2009-09-18,68.6700,
2009-09-22,69.0200,
2009-09-23,68.5900,
2009-09-24,68.7800,
2009-09-25,68.6800,
2009-09-29,68.9200,
2009-09-30,69.7600,
2009-10-01,69.7600,
2009-10-05,68.6800,
2009-10-06,68.8200,
2009-10-07,68.7300,
2009-10-08,69.0000,
2009-10-09,68.4700,
2009-10-12,69.4000,
2009-10-14,70.2900,
2009-10-15,70.6500,
2009-10-16,71.0500,
2009-10-20,71.0400,
2009-10-21,70.5000,
2009-10-22,69.6500,
2009-10-23,69.8100,
2009-10-26,69.3000,
2009-10-27,68.1800,
2009-10-28,68.0900,
2009-10-29,67.0600,
2009-10-30,66.8000,
2009-11-03,65.4800,
2009-11-04,66.7200,
2009-11-05,67.1500,
2009-11-06,67.6800,
2009-11-09,68.7000,
2009-11-10,68.6600,
2009-11-11,69.7400,
2009-11-12,69.2900,
2009-11-13,69.7400,
2009-11-16,70.1000,
2009-11-17,70.1400,
2009-11-18,70.1800,
2009-11-19,69.4000,
2009-11-20,70.1200,
2009-11-23,70.7300,
2009-11-24,70.7500,
2009-11-25,71.0100,
2009-11-26,70.2600,
2009-11-27,69.4600,
2009-11-30,70.4200,
2009-12-01,71.2100,
2009-12-02,71.2700,
2009-12-03,71.4900,
2009-12-04,71.2000,
2009-12-07,70.9400,
2009-12-08,71.6800,
2009-12-09,71.4000,
2009-12-10,71.5300,
2009-12-11,71.3500,
2009-12-14,71.3700,
2009-12-15,70.6400,
2009-12-16,70.8000,
2009-12-17,71.0600,
2009-12-18,70.6800,
2009-12-21,70.3300,
2009-12-22,70.6400,
2009-12-23,71.9800,
2009-12-24,72.3200,
2009-12-29,72.4500,
2009-12-30,72.4600,
2009-12-31,72.7600,
2010-01-04,73.3100,
2010-01-05,74.0000,
2010-01-06,74.0000,
2010-01-07,74.0700,
2010-01-08,73.9300,
2010-01-11,74.3300,
2010-01-12,73.9500,
2010-01-13,74.2200,
2010-01-14,74.6600,
2010-01-15,74.6700,
2010-01-18,74.9600,
2010-01-19,74.3200,
2010-01-20,74.2900,
2010-01-21,73.0500,
2010-01-22,72.5700,
2010-01-25,72.0600,
2010-01-27,70.3500,
2010-01-28,70.5200,
2010-01-29,70.6700,
2010-02-01,71.2800,
2010-02-02,70.5000,
2010-02-03,71.3900,
2010-02-04,70.4200,
2010-02-05,69.1700,
2010-02-08,69.6600,
2010-02-09,70.0900,
2010-02-10,69.7600,
2010-02-11,70.1500,
2010-02-15,69.9900,
2010-02-16,70.4400,
2010-02-17,70.8600,
2010-02-18,70.7000,
2010-02-19,70.2000,
2010-02-22,70.2400,
2010-02-23,70.1400,
2010-02-24,70.0800,
2010-02-25,70.0000,
2010-02-26,70.6100,
2010-03-02,71.5900,
2010-03-03,72.3100,
2010-03-04,72.4600,
2010-03-05,72.5200,
2010-03-08,72.9500,
2010-03-09,72.7300,
2010-03-10,72.7200,
2010-03-11,72.7500,
2010-03-12,72.8500,
2010-03-15,72.7400,
2010-03-16,73.3900,
2010-03-17,73.6100,
2010-03-18,73.8700,
2010-03-19,74.0300,
2010-03-22,73.5200,
2010-03-23,73.7200,
2010-03-25,73.7800,
2010-03-26,74.0000,
2010-03-29,74.2700,
2010-03-30,74.1800,
2010-03-31,74.1800,
2010-04-01,74.5400,
2010-04-05,75.2000,
2010-04-06,75.2800,
2010-04-07,75.6800,
2010-04-08,75.3200,
2010-04-09,75.8000,
2010-04-12,75.6600,
2010-04-13,75.6100,
2010-04-15,75.2000,
2010-04-16,74.9500,
2010-04-19,74.8200,
2010-04-20,75.3700,
2010-04-21,75.6600,
2010-04-22,75.9300,
2010-04-23,76.2100,
2010-04-26,76.5400,
2010-04-27,76.4300,
2010-04-28,75.5400,
2010-04-29,75.8200,
2010-04-30,76.0400,
2010-05-03,75.5600,
2010-05-04,74.8800,
2010-05-05,74.7500,
2010-05-06,74.4800,
2010-05-07,73.6300,
2010-05-10,75.2100,
2010-05-11,74.7700,
2010-05-12,74.9400,
2010-05-13,75.4500,
2010-05-14,74.9700,
2010-05-17,74.6900,
2010-05-18,74.8000,
2010-05-19,73.3300,
2010-05-20,73.4200,
2010-05-21,72.9600,
2010-05-24,72.9800,
2010-05-25,71.6200,
2010-05-26,72.3100,
2010-05-27,72.9400,
2010-05-28,73.6500,
2010-05-31,74.0000,
2010-06-01,72.9200,
2010-06-02,73.3400,
2010-06-03,74.2800,
2010-06-04,74.4900,
2010-06-07,73.4500,
2010-06-08,73.1300,
2010-06-09,73.3600,
2010-06-10,74.1100,
2010-06-11,74.4500,
2010-06-14,75.0200,
2010-06-15,75.2800,
2010-06-16,75.3300,
2010-06-17,75.7400,
2010-06-18,75.6400,
2010-06-21,76.6100,
2010-06-22,76.3300,
2010-06-23,76.5200,
2010-06-24,76.4600,
2010-06-25,76.0900,
2010-06-28,76.8100,
2010-06-29,76.2500,
2010-06-30,76.6400,
2010-07-01,76.2600,
2010-07-02,76.1500,
2010-07-05,76.0900,
2010-07-06,76.6000,
2010-07-07,76.3700,
2010-07-08,77.1000,
2010-07-09,77.6900,
2010-07-12,77.9100,
2010-07-13,78.1100,
2010-07-14,77.9100,
2010-07-15,77.7600,
2010-07-16,78.0500,
2010-07-19,78.0600,
2010-07-20,77.9600,
2010-07-21,78.1600,
2010-07-22,78.3200,
2010-07-23,78.3100,
2010-07-26,77.9600,
2010-07-27,77.9900,
2010-07-28,77.7400,
2010-07-29,77.6700,
2010-07-30,77.6600,
2010-08-02,78.2400,
2010-08-03,78.4100,
2010-08-04,78.6800,
2010-08-05,78.6300,
2010-08-06,78.5200,
2010-08-09,79.0300,
2010-08-10,78.7000,
2010-08-11,78.3600,
2010-08-12,78.4700,
2010-08-13,78.9700,
2010-08-16,78.8400,
2010-08-17,79.0400,
2010-08-18,79.6700,
2010-08-19,80.0800,
2010-08-20,80.0400,
2010-08-23,80.4500,
2010-08-24,79.9400,
2010-08-25,79.3600,
2010-08-26,79.4100,
2010-08-27,78.8500,
2010-08-30,78.6400,
2010-08-31,78.4600,
2010-09-01,79.3300,
2010-09-02,79.6900,
2010-09-03,80.1600,
2010-09-06,81.2100,
2010-09-07,81.3300,
2010-09-08,81.4900,
2010-09-09,81.9200,
2010-09-13,82.7800,
2010-09-14,82.6800,
2010-09-15,83.0600,
2010-09-16,82.4600,
2010-09-17,83.2000,
2010-09-20,83.9100,
2010-09-21,83.7700,
2010-09-22,83.4600,
2010-09-23,83.2300,
2010-09-24,83.9000,
2010-09-27,84.1500,
2010-09-28,84.1700,
2010-09-29,83.9100,
2010-09-30,84.1400,
2010-10-01,85.3600,
2010-10-04,85.5700,
2010-10-05,85.7200,
2010-10-06,86.2700,
2010-10-07,85.7000,
2010-10-08,85.4600,
2010-10-11,85.8500,
2010-10-12,85.6000,
2010-10-13,86.6600,
2010-10-14,86.3100,
2010-10-15,85.2500,
2010-10-18,85.3000,
2010-10-19,85.0900,
2010-10-20,84.8500,
2010-10-21,85.9800,
2010-10-22,85.8800,
2010-10-25,86.2300,
2010-10-26,85.9300,
2010-10-27,85.5500,
2010-10-28,85.2800,
2010-10-29,85.1800,
2010-11-01,86.1900,
2010-11-02,86.4200,
2010-11-03,86.8300,
2010-11-04,87.7700,
2010-11-08,87.9100,
2010-11-09,87.9200,
2010-11-10,88.1700,
2010-11-11,87.3800,
2010-11-12,85.9800,
2010-11-15,86.2400,
2010-11-16,85.0300,
2010-11-18,85.0600,
2010-11-19,84.0000,
2010-11-22,85.0600,
2010-11-23,84.1800,
2010-11-24,83.5000,
2010-11-25,82.2400,
2010-11-26,81.4800,
2010-11-29,82.0700,
2010-11-30,82.7500,
2010-12-01,84.0800,
2010-12-02,84.5000,
2010-12-03,83.9900,
2010-12-06,84.0200,
2010-12-07,83.7400,
2010-12-08,82.8900,
2010-12-09,81.0200,
2010-12-10,81.9000,
2010-12-13,82.6400,
2010-12-14,83.0700,
2010-12-15,82.5500,
2010-12-16,82.8300,
2010-12-20,82.9100,
2010-12-21,83.4900,
2010-12-22,83.4400,
2010-12-23,83.3600,
2010-12-24,83.5300,
2010-12-27,83.4000,
2010-12-28,83.4000,
2010-12-29,83.8500,
2010-12-30,84.2500,
2010-12-31,84.6600,
2011-01-03,85.0100,
2011-01-04,84.9700,
2011-01-05,84.4700,
2011-01-06,84.1400,
2011-01-07,82.7400,
2011-01-10,81.4500,
2011-01-11,81.5000,
2011-01-12,82.5000,
2011-01-13,81.6400,
2011-01-14,80.8800,
2011-01-17,80.6000,
2011-01-18,80.8400,
2011-01-19,80.7900,
2011-01-20,80.8900,
2011-01-21,80.8700,
2011-01-24,81.4500,
2011-01-25,81.1100,
2011-01-27,80.1500,
2011-01-28,78.9600,
2011-01-31,79.1800,
2011-02-01,78.3900,
2011-02-02,78.5600,
2011-02-03,79.3900,
2011-02-04,78.2600,
2011-02-07,77.9900,
2011-02-08,76.9000,
2011-02-09,75.9600,
2011-02-10,75.5700,
2011-02-11,76.6300,
2011-02-14,78.2500,
2011-02-15,78.2400,
2011-02-16,78.3600,
2011-02-17,78.9000,
2011-02-18,77.9000,
2011-02-21,78.3300,
2011-02-22,77.7700,
2011-02-23,77.3700,
2011-02-24,75.5500,
2011-02-25,75.8500,
2011-02-28,76.3000,
2011-03-01,77.9700,
2011-03-03,78.1100,
2011-03-04,78.1600,
2011-03-07,77.3500,
2011-03-08,77.9600,
2011-03-09,78.2200,
2011-03-10,77.8700,
2011-03-11,77.4700,
2011-03-14,78.1000,
2011-03-15,77.1700,
2011-03-16,77.7900,
2011-03-17,77.5000,
2011-03-18,76.8500,
2011-03-21,76.7900,
2011-03-22,77.3100,
2011-03-23,77.9000,
2011-03-24,78.3200,
2011-03-25,79.3700,
2011-03-28,79.5100,
2011-03-29,79.9500,
2011-03-30,80.4300,
2011-03-31,80.7300,
2011-04-01,80.9700,
2011-04-04,81.9700,
2011-04-05,82.1300,
2011-04-06,82.1300,
2011-04-07,82.4200,
2011-04-08,81.8900,
2011-04-11,81.4100,
2011-04-13,82.5200,
2011-04-15,81.9200,
2011-04-18,81.0500,
2011-04-19,81.1300,
2011-04-20,82.0900,
2011-04-21,82.2200,
2011-04-25,82.4300,
2011-04-26,82.5100,
2011-04-27,82.2000,
2011-04-28,81.8600,
2011-04-29,81.1800,
2011-05-02,80.6900,
2011-05-03,79.6000,
2011-05-04,79.3700,
2011-05-05,78.6400,
2011-05-06,79.4000,
2011-05-09,79.5200,
2011-05-10,79.3300,
2011-05-11,79.7600,
2011-05-12,79.1100,
2011-05-13,79.6600,
2011-05-16,79.2100,
2011-05-17,78.6300,
2011-05-18,78.5000,
2011-05-19,78.4800,
2011-05-20,78.8500,
2011-05-23,77.9600,
2011-05-24,77.9300,
2011-05-25,77.5100,
2011-05-26,77.8600,
2011-05-27,78.6800,
2011-05-30,78.8100,
2011-05-31,79.6000,
2011-06-01,79.9800,
2011-06-02,79.6500,
2011-06-03,79.3600,
2011-06-06,79.3800,
2011-06-07,79.6500,
2011-06-08,79.5100,
2011-06-09,79.3900,
2011-06-10,79.2700,
2011-06-13,79.2700,
2011-06-14,79.4900,
2011-06-15,79.1100,
2011-06-16,78.6700,
2011-06-17,78.2500,
2011-06-20,77.1600,
2011-06-21,77.2400,
2011-06-22,77.0800,
2011-06-23,77.3000,
2011-06-24,78.7700,
2011-06-27,79.6000,
2011-06-28,79.8000,
2011-06-29,80.2700,
2011-06-30,80.5300,
2011-07-01,80.5300,
2011-07-04,80.9500,
2011-07-05,80.8600,
2011-07-06,80.7500,
2011-07-07,81.6300,
2011-07-08,81.0700,
2011-07-11,80.8500,
2011-07-12,80.2100,
2011-07-13,80.8700,
2011-07-14,81.0400,
2011-07-15,81.0500,
2011-07-18,80.8100,
2011-07-19,81.2500,
2011-07-20,80.8100,
2011-07-21,80.5500,
2011-07-22,81.5000,
2011-07-25,82.1500,
2011-07-26,81.3700,
2011-07-27,81.2300,
2011-07-28,80.7400,
2011-07-29,80.6800,
2011-08-01,80.9400,
2011-08-02,80.1900,
2011-08-03,79.8200,
2011-08-04,79.0600,
2011-08-05,77.8700,
2011-08-08,77.1800,
2011-08-09,76.7300,
2011-08-10,77.4600,
2011-08-11,77.1700,
2011-08-12,76.6600,
2011-08-16,76.0600,
2011-08-17,75.9700,
2011-08-18,74.7900,
2011-08-19,73.6900,
2011-08-22,74.3300,
2011-08-23,74.9500,
2011-08-24,74.4900,
2011-08-25,73.9300,
2011-08-26,72.8900,
2011-08-29,74.4300,
2011-08-30,75.2700,
2011-09-02,75.5300,
2011-09-05,75.5100,
2011-09-06,75.8100,
2011-09-07,76.4700,
2011-09-08,76.6200,
2011-09-09,75.7600,
2011-09-12,74.4300,
2011-09-13,74.4800,
2011-09-14,74.8600,
2011-09-15,75.4200,
2011-09-16,75.7500,
2011-09-19,75.2200,
2011-09-20,75.8700,
2011-09-21,76.2500,
2011-09-22,74.3900,
2011-09-23,73.9600,
2011-09-26,73.6000,
2011-09-27,74.7600,
2011-09-28,74.3900,
2011-09-29,74.7600,
2011-09-30,74.2600,
2011-10-03,73.2800,
2011-10-04,72.5800,
2011-10-05,72.2200,
2011-10-07,73.2400,
2011-10-10,74.1500,
2011-10-11,74.0900,
2011-10-12,75.1500,
2011-10-13,74.9400,
2011-10-14,75.6000,
2011-10-17,75.6600,
2011-10-18,74.8400,
2011-10-19,75.7000,
2011-10-20,75.3300,
2011-10-21,74.8600,
2011-10-24,75.0300,
2011-10-25,75.6800,
2011-10-28,77.3500,
2011-10-31,76.9800,
2011-11-01,76.4800,
2011-11-02,76.3600,
2011-11-03,76.5300,
2011-11-04,76.8000,
2011-11-08,76.7800,
2011-11-09,75.9800,
2011-11-11,75.3500,
2011-11-14,74.6900,
2011-11-15,73.5400,
2011-11-16,73.3900,
2011-11-17,72.6500,
2011-11-18,72.3900,
2011-11-21,71.2800,
2011-11-22,71.4600,
2011-11-23,70.3100,
2011-11-24,71.0700,
2011-11-25,71.0100,
2011-11-28,72.1600,
2011-11-29,71.7100,
2011-11-30,71.7800,
2011-12-01,72.6700,
2011-12-02,73.7500,
2011-12-05,73.5500,
2011-12-07,73.7100,
2011-12-08,72.5200,
2011-12-09,71.9100,
2011-12-12,70.7500,
2011-12-13,70.9600,
2011-12-14,70.5000,
2011-12-15,70.1500,
2011-12-16,69.2400,
2011-12-19,68.6400,
2011-12-20,67.9800,
2011-12-21,69.1200,
2011-12-22,69.3400,
2011-12-23,69.1000,
2011-12-26,69.6000,
2011-12-27,69.2300,
2011-12-28,68.6700,
2011-12-29,68.4400,
2011-12-30,68.3800,
2012-01-02,68.5700,
2012-01-03,69.8500,
2012-01-04,69.8100,
2012-01-05,69.8200,
2012-01-06,69.7400,
2012-01-09,69.8500,
2012-01-10,70.8900,
2012-01-11,71.0100,
2012-01-12,71.0100,
2012-01-13,71.4600,
2012-01-16,71.5300,
2012-01-17,72.1900,
2012-01-18,71.8500,
2012-01-19,72.4600,
2012-01-20,72.7700,
2012-01-23,72.8100,
2012-01-24,73.5100,
2012-01-25,74.0100,
2012-01-27,74.5900,
2012-01-30,73.5400,
2012-01-31,74.5800,
2012-02-01,75.0900,
2012-02-02,75.5900,
2012-02-03,76.2100,
2012-02-06,76.8100,
2012-02-07,76.6200,
2012-02-08,76.8900,
2012-02-09,77.3300,
2012-02-10,77.3400,
2012-02-13,77.2800,
2012-02-14,77.4800,
2012-02-15,78.6500,
2012-02-16,78.9800,
2012-02-17,79.4600,
2012-02-21,79.9200,
2012-02-22,78.3800,
2012-02-23,78.2200,
2012-02-24,77.8800,
2012-02-27,76.4100,
2012-02-28,77.4700,
2012-02-29,78.0800,
2012-03-01,77.4200,
2012-03-02,77.5300,
2012-03-05,76.9200,
2012-03-06,76.4100,
2012-03-07,76.3400,
2012-03-09,77.5300,
2012-03-12,77.8400,
2012-03-13,78.4700,
2012-03-14,78.8100,
2012-03-15,78.1400,
2012-03-16,77.5200,
2012-03-19,77.0100,
2012-03-20,77.2600,
2012-03-21,78.1700,
2012-03-22,76.8500,
2012-03-23,77.2200,
2012-03-26,76.3500,
2012-03-27,76.7100,
2012-03-28,76.3400,
2012-03-29,76.3100,
2012-03-30,77.6400,
2012-04-02,77.9300,
2012-04-03,78.4300,
2012-04-04,78.2600,
2012-04-09,77.3400,
2012-04-10,77.3200,
2012-04-11,76.9900,
2012-04-12,77.4500,
2012-04-13,76.9000,
2012-04-16,77.0600,
2012-04-17,77.8100,
2012-04-18,77.9600,
2012-04-19,78.2500,
2012-04-20,78.0300,
2012-04-23,77.1000,
2012-04-24,77.3600,
2012-04-25,76.9000,
2012-04-26,76.7100,
2012-04-27,76.6800,
2012-04-30,77.2700,
2012-05-02,77.1300,
2012-05-03,76.4600,
2012-05-04,75.4600,
2012-05-07,75.9000,
2012-05-08,74.9400,
2012-05-09,74.5100,
2012-05-10,74.6400,
2012-05-11,74.2400,
2012-05-14,73.8800,
2012-05-15,74.1800,
2012-05-16,73.4200,
2012-05-17,73.5000,
2012-05-18,73.7100,
2012-05-21,73.8300,
2012-05-22,73.5900,
2012-05-23,73.3400,
2012-05-24,74.2200,
2012-05-25,74.2800,
2012-05-28,74.8700,
2012-05-29,74.9000,
2012-05-30,74.3600,
2012-05-31,74.2600,
2012-06-01,73.4200,
2012-06-04,73.3700,
2012-06-05,73.5000,
2012-06-06,74.7300,
2012-06-07,75.1200,
2012-06-08,75.3000,
2012-06-11,75.2000,
2012-06-12,75.6500,
2012-06-13,75.7200,
2012-06-14,75.0100,
2012-06-15,75.7300,
2012-06-18,75.0900,
2012-06-19,75.4800,
2012-06-20,75.8500,
2012-06-21,76.3200,
2012-06-22,76.2500,
2012-06-25,76.0500,
2012-06-26,76.2400,
2012-06-27,76.3800,
2012-06-28,76.3900,
2012-06-29,77.7000,
2012-07-02,77.9300,
2012-07-03,78.0400,
2012-07-04,78.2600,
2012-07-05,78.5100,
2012-07-06,78.3900,
2012-07-09,77.8900,
2012-07-10,78.5200,
2012-07-11,78.1800,
2012-07-12,77.5900,
2012-07-13,77.5300,
2012-07-16,77.3200,
2012-07-17,77.2500,
2012-07-18,77.5300,
2012-07-19,77.8000,
2012-07-20,77.5700,
2012-07-23,76.7200,
2012-07-24,76.8000,
2012-07-25,76.5800,
2012-07-26,75.8900,
2012-07-27,76.2600,
2012-07-30,77.1300,
2012-07-31,77.5100,
2012-08-01,77.7100,
2012-08-02,77.6900,
2012-08-03,77.5300,
2012-08-06,78.0100,
2012-08-07,78.5100,
2012-08-08,78.5500,
2012-08-09,78.2200,
2012-08-10,78.2300,
2012-08-13,78.6500,
2012-08-14,79.0700,
2012-08-16,79.1300,
2012-08-17,79.1100,
2012-08-21,79.6100,
2012-08-22,79.4000,
2012-08-23,79.4500,
2012-08-24,79.0800,
2012-08-27,78.7300,
2012-08-28,78.5800,
2012-08-29,78.1600,
2012-08-30,78.3300,
2012-08-31,78.1700,
2012-09-03,78.0600,
2012-09-04,78.2200,
2012-09-05,77.8900,
2012-09-06,78.0900,
2012-09-07,78.9700,
2012-09-10,79.2100,
2012-09-11,79.5300,
2012-09-12,79.9300,
2012-09-13,79.7600,
2012-09-14,80.8200,
2012-09-17,81.3900,
2012-09-18,81.3700,
2012-09-20,80.8500,
2012-09-21,82.2600,
2012-09-24,82.2400,
2012-09-25,82.1900,
2012-09-26,82.1200,
2012-09-27,82.1300,
2012-09-28,82.9300,
2012-10-01,83.2100,
2012-10-03,83.4400,
2012-10-04,83.9000,
2012-10-05,83.3500,
2012-10-08,83.8000,
2012-10-09,83.9300,
2012-10-10,83.5000,
2012-10-11,84.2000,
2012-10-12,83.9200,
2012-10-15,84.0500,
2012-10-16,83.8100,
2012-10-17,84.0400,
2012-10-18,84.6200,
2012-10-19,84.2500,
2012-10-22,84.5200,
2012-10-23,84.2300,
2012-10-25,84.3700,
2012-10-26,83.8600,
2012-10-29,83.9100,
2012-10-30,83.2300,
2012-10-31,83.5500,
2012-11-01,83.9600,
2012-11-02,84.4300,
2012-11-05,84.2500,
2012-11-06,84.4300,
2012-11-07,84.7000,
2012-11-08,84.5800,
2012-11-09,84.3000,
2012-11-12,84.2500,
2012-11-15,83.9800,
2012-11-16,83.6000,
2012-11-19,83.4900,
2012-11-20,83.4500,
2012-11-21,83.8100,
2012-11-22,83.9800,
2012-11-23,83.9500,
2012-11-26,84.1600,
2012-11-27,84.9100,
2012-11-29,85.7500,
2012-11-30,86.6100,
2012-12-03,86.7000,
2012-12-04,86.8600,
2012-12-05,86.8900,
2012-12-06,87.0900,
2012-12-07,86.9800,
2012-12-10,87.1500,
2012-12-11,86.9800,
2012-12-12,86.8300,
2012-12-13,86.4400,
2012-12-14,86.7300,
2012-12-17,86.6500,
2012-12-18,87.1400,
2012-12-19,87.3600,
2012-12-20,87.3700,
2012-12-21,86.6000,
2012-12-24,86.6800,
2012-12-26,87.1600,
2012-12-27,86.8700,
2012-12-28,87.4000,
2012-12-31,87.5000,
2013-01-01,88.1600,
2013-01-02,88.4900,88.5000
2013-01-03,88.7700,88.7800
2013-01-04,88.8600,88.8700
2013-01-07,88.9000,88.9100
2013-01-08,89.0300,89.0400
2013-01-09,88.8600,88.8700
2013-01-10,88.6400,88.6500
2013-01-11,88.2400,88.2500
2013-01-14,89.1000,89.1100
2013-01-15,89.5400,89.5600
2013-01-16,88.8700,88.8800
2013-01-17,89.2600,89.2800
2013-01-18,89.0300,89.0500
2013-01-21,89.2000,89.2200
2013-01-22,88.8359,88.8553
2013-01-23,88.7219,88.7419
2013-01-24,88.1004,88.1211
2013-01-25,88.7875,88.8090
2013-01-28,88.7508,88.7745
2013-01-29,88.6095,88.6339
2013-01-30,88.5538,88.5789
2013-01-31,88.5764,88.6022
2013-02-01,88.1911,88.2175
2013-02-04,87.8996,87.9281
2013-02-05,87.5350,87.5641
2013-02-06,87.6266,87.6564
2013-02-07,87.5359,87.5665
2013-02-08,87.2148,87.2460
2013-02-11,87.1201,87.1534
2013-02-12,87.2576,87.2917
2013-02-13,87.2112,87.2460
2013-02-14,86.5487,86.5846
2013-02-15,86.5063,86.5429
2013-02-18,86.4969,86.5358
2013-02-19,86.9383,86.9783
2013-02-20,86.9226,86.9633
2013-02-21,85.9121,85.9532
2013-02-22,85.8983,85.9402
2013-02-25,85.9301,85.9745
2013-02-26,85.0339,85.0783
2013-02-27,85.4548,85.5006
2013-02-28,84.2716,84.3178
2013-03-01,84.5931,84.6402
2013-03-04,84.3139,84.3632
2013-03-05,85.1970,85.2482
2013-03-06,85.7008,85.7537
2013-03-07,86.1148,86.1694
2013-03-08,86.7641,86.8205
2013-03-11,86.7519,86.8126
2013-03-12,86.4787,86.5406
2013-03-13,85.9966,86.0596
2013-03-14,86.4021,86.4668
2013-03-15,86.0939,86.1598
2013-03-18,85.7937,85.8636
2013-03-19,84.8967,84.9673
2013-03-20,84.1002,84.1715
2013-03-21,83.9311,84.0037
2013-03-22,83.7871,83.8609
2013-03-25,83.6892,83.7671
2013-03-26,83.9427,84.0222
2013-03-28,84.3538,84.4365
2013-04-01,84.5139,84.6027
2013-04-02,85.2295,85.3197
2013-04-03,84.5613,84.6516
2013-04-04,83.5481,83.6387
2013-04-05,83.1921,83.2837
2013-04-08,83.1035,83.1977
2013-04-09,82.6085,82.7023
2013-04-10,83.1204,83.2157
2013-04-11,83.1918,83.2878
2013-04-12,82.7398,82.8361
2013-04-15,82.9291,83.0280
2013-04-16,83.9837,84.0843
2013-04-17,84.0379,84.1395
2013-04-18,84.6726,84.7756
2013-04-22,85.0837,85.1904
2013-04-23,85.0662,85.1733
2013-04-25,85.7649,85.8744
2013-04-26,85.3962,85.5059
2013-04-29,85.8319,85.9441
2013-04-30,86.3156,86.4292
2013-05-02,86.8928,87.0082
2013-05-03,86.4469,86.5624
2013-05-06,86.8652,86.9831
2013-05-07,87.4844,87.6035
2013-05-08,87.4743,87.5940
2013-05-09,87.3652,87.4854
2013-05-10,87.7477,87.8690
2013-05-13,86.8691,86.9911
2013-05-14,87.0080,87.1305
2013-05-15,88.1271,88.2517
2013-05-16,88.1279,88.2530
2013-05-17,88.3407,88.4668
2013-05-20,87.9541,88.0814
2013-05-21,87.4844,87.6116
2013-05-22,87.3775,87.5050
2013-05-23,85.9961,86.1222
2013-05-24,86.3106,86.4372
2013-05-27,87.0060,87.1353
2013-05-28,87.4425,87.5731
2013-05-29,87.1513,87.2825
2013-05-30,87.2859,87.4178
2013-05-31,86.3895,86.5207
2013-06-03,86.1894,86.3221
2013-06-04,86.2108,86.3441
2013-06-05,86.1388,86.2728
2013-06-06,86.2008,86.3362
2013-06-07,85.9067,86.0425
2013-06-10,85.6371,85.7743
2013-06-11,84.5629,84.6989
2013-06-12,84.1878,84.3237
2013-06-13,83.6441,83.7798
2013-06-14,84.4484,84.5860
2013-06-17,84.7751,84.9150
2013-06-18,84.5126,84.6524
2013-06-19,84.7551,84.8961
2013-06-20,83.3722,83.5116
2013-06-21,83.2499,83.3895
2013-06-24,82.0023,82.1416
2013-06-25,81.9914,82.1310
2013-06-26,81.9581,82.0982
2013-06-27,82.4629,82.6046
2013-06-28,84.0576,84.2032
2013-07-01,84.7842,84.9330
2013-07-02,84.4979,84.6468
2013-07-03,83.3750,83.5225
2013-07-04,83.8491,83.9981
2013-07-05,84.0290,84.1790
2013-07-08,83.5196,83.6704
2013-07-09,83.9429,84.0948
2013-07-10,83.8055,83.9578
2013-07-11,84.6394,84.7938
2013-07-12,85.2176,85.3735
2013-07-15,85.6364,85.7949
2013-07-16,84.5372,84.6939
2013-07-17,84.3835,84.5408
2013-07-18,85.0386,85.1976
2013-07-19,85.1649,85.3247
2013-07-22,85.0314,85.1927
2013-07-23,85.1913,85.3533
2013-07-24,84.2754,84.4361
2013-07-25,83.5617,83.7216
2013-07-26,83.5367,83.6970
2013-07-29,83.1306,83.2923
2013-07-30,82.3775,82.5382
2013-07-31,82.3249,82.4859
2013-08-01,82.1000,82.2612
2013-08-02,81.6531,81.8146
2013-08-05,81.7683,81.9320
2013-08-06,80.4638,80.6254
2013-08-07,80.6770,80.8397
2013-08-08,81.1639,81.3281
2013-08-12,81.6689,81.8368
2013-08-13,82.3868,82.5565
2013-08-14,82.6250,82.7957
2013-08-16,80.7729,80.9409
2013-08-19,79.6381,79.8055
2013-08-20,79.6552,79.8232
2013-08-21,78.9697,79.1369
2013-08-22,79.8648,80.0344
2013-08-23,80.3970,80.5682
2013-08-26,80.5537,80.7270
2013-08-27,78.9523,79.1225
2013-08-28,78.6381,78.8085
2013-08-29,79.8086,79.9821
2013-08-30,80.3404,80.5155
2013-09-02,81.1598,81.3385
2013-09-03,79.3885,79.5635
2013-09-04,80.4457,80.6235
2013-09-05,81.6453,81.8262
2013-09-06,82.4154,82.5983
2013-09-10,83.9105,84.0985
2013-09-11,84.3414,84.5305
2013-09-12,83.7918,83.9803
2013-09-13,83.7887,83.9775
2013-09-16,83.7065,83.8963
2013-09-17,84.0021,84.1929
2013-09-18,84.4024,84.5947
2013-09-19,86.3086,86.5055
2013-09-20,85.3717,85.5668
2013-09-23,84.3502,84.5443
2013-09-24,84.2204,84.4144
2013-09-25,84.3499,84.5447
2013-09-26,84.5697,84.7653
2013-09-27,84.2939,84.4897
2013-09-30,83.4855,83.6805
2013-10-01,83.8742,84.0705
2013-10-03,85.0928,85.2929
2013-10-04,85.1274,85.3280
2013-10-07,85.3724,85.5749
2013-10-08,85.7249,85.9284
2013-10-09,86.2590,86.4643
2013-10-10,86.7136,86.9204
2013-10-11,87.1313,87.3394
2013-10-14,87.4763,87.6865
2013-10-15,87.2000,87.4097
2013-10-17,86.9405,87.1504
2013-10-18,88.1054,88.3188
2013-10-21,88.4459,88.6611
2013-10-22,88.6278,88.8437
2013-10-23,88.1450,88.3601
2013-10-24,88.0394,88.2547
2013-10-25,87.9155,88.1308
2013-10-28,87.5185,87.7342
2013-10-29,88.6785,88.8975
2013-10-30,88.9502,89.1703
2013-10-31,89.5633,89.7853
2013-11-01,90.0419,90.2655
2013-11-05,89.9170,90.1421
2013-11-06,89.6316,89.8562
2013-11-07,89.3247,89.5489
2013-11-08,89.0716,89.2955
2013-11-11,88.6589,88.8833
2013-11-12,88.2498,88.4734
2013-11-13,87.9405,88.1638
2013-11-14,88.6837,88.9092
2013-11-18,89.8081,90.0383
2013-11-19,89.9382,90.1689
2013-11-20,89.6200,89.8505
2013-11-21,88.7562,88.9849
2013-11-22,88.8269,89.0562
2013-11-25,89.7040,89.9370
2013-11-26,89.1696,89.4015
2013-11-27,89.1770,89.4099
2013-11-28,89.5080,89.7423
2013-11-29,90.2718,90.5085
2013-12-02,90.8462,91.0854
2013-12-03,90.6620,90.9009
2013-12-04,90.4255,90.6648
2013-12-05,90.9217,91.1631
2013-12-06,91.1598,91.4021
2013-12-09,92.0041,92.2496
2013-12-10,91.5487,91.7931
2013-12-11,91.5458,91.7907
2013-12-12,91.0973,91.3413
2013-12-13,90.5188,90.7616
2013-12-16,90.5718,90.8157
2013-12-17,90.6710,90.9153
2013-12-18,91.4604,91.7077
2013-12-19,91.0669,91.3134
2013-12-20,92.2496,92.4996
2013-12-23,92.7275,92.9798
2013-12-24,92.7540,93.0071
2013-12-26,93.1301,93.3837
2013-12-27,93.4604,93.7152
2013-12-30,93.2798,93.5356
2013-12-31,93.4633,93.7197
2014-01-01,93.4999,93.7574
2014-01-02,92.6259,92.8817
2014-01-03,92.6176,92.8738
2014-01-06,92.5584,92.8154
2014-01-07,92.3632,92.6199
2014-01-08,92.5231,92.7806
2014-01-09,92.2365,92.4939
2014-01-10,92.2014,92.4590
2014-01-13,92.9396,93.2004
2014-01-14,92.7745,93.0349
2014-01-15,93.2073,93.4696
2014-01-16,93.0674,93.3296
2014-01-17,92.2868,92.5476
2014-01-20,92.8726,93.1366
2014-01-21,92.9867,93.2513
2014-01-22,93.2209,93.4871
2014-01-23,93.1757,93.4421
2014-01-24,92.3920,92.6565
2014-01-27,91.2018,91.4639
2014-01-28,91.0231,91.2849
2014-01-29,90.9190,91.1812
2014-01-30,90.3795,90.6405
2014-01-31,91.2109,91.4747
2014-02-03,90.5309,90.7941
2014-02-04,90.5465,90.8100
2014-02-05,90.8016,91.0663
2014-02-06,90.9550,91.2206
2014-02-07,91.3266,91.5937
2014-02-10,91.2343,91.5024
2014-02-11,91.2683,91.5370
2014-02-12,91.3693,91.6387
2014-02-13,90.5903,90.8579
2014-02-14,90.8378,91.1066
2014-02-17,91.0348,91.3054
2014-02-18,91.4676,91.7399
2014-02-19,91.8475,92.1214
2014-02-20,91.3196,91.5925
2014-02-21,92.0261,92.3014
2014-02-24,92.0975,92.3743
2014-02-25,92.1844,92.4616
2014-02-26,92.4400,92.7183
2014-02-28,92.6503,92.9304
2014-03-03,92.1422,92.4219
2014-03-04,92.9304,93.2132
2014-03-05,93.3439,93.6284
2014-03-06,94.3602,94.6484
2014-03-07,95.1176,95.4085
2014-03-10,95.3765,95.6695
2014-03-11,95.0119,95.3042
2014-03-12,95.0527,95.3455
2014-03-13,94.7412,95.0334
2014-03-14,94.7870,95.0796
2014-03-18,95.1472,95.4427
2014-03-19,95.3238,95.6198
2014-03-20,95.1648,95.4612
2014-03-21,95.5590,95.8570
2014-03-24,96.2898,96.5919
2014-03-25,96.3190,96.6214
2014-03-26,96.3965,96.7000
2014-03-27,96.7355,97.0409
2014-03-28,97.7381,98.0478
2014-03-31,97.9816,98.2964
2014-04-01,98.1756,98.4913
2014-04-02,98.6175,98.9350
2014-04-03,98.2778,98.5948
2014-04-04,97.8238,98.1398
2014-04-07,97.9267,98.2446
2014-04-09,99.0149,99.3371
2014-04-10,99.2837,99.6077
2014-04-11,99.4505,99.7756
2014-04-15,99.2486,99.5767
2014-04-16,98.6494,98.9750
2014-04-17,99.7127,100.0430
2014-04-21,100.1906,100.5248
2014-04-22,100.0104,100.3441
2014-04-23,100.0831,100.4175
2014-04-25,99.7988,100.1333
2014-04-28,99.5177,99.8525
2014-04-29,99.2908,99.6260
2014-04-30,98.8405,99.1747
2014-05-02,98.9480,99.2843
2014-05-05,99.0117,99.3503
2014-05-06,99.0677,99.4069
2014-05-07,98.8578,99.1968
2014-05-08,99.0484,99.3889
2014-05-09,100.4321,100.7787
2014-05-12,101.5852,101.9381
2014-05-13,102.3787,102.7346
2014-05-14,102.7492,103.1072
2014-05-15,102.5620,102.9201
2014-05-16,103.7476,104.1104
2014-05-19,105.1235,105.4938
2014-05-20,105.8739,106.2472
2014-05-21,105.9726,106.3469
2014-05-22,107.0325,107.4113
2014-05-23,108.4250,108.8102
2014-05-26,108.1333,108.5219
2014-05-27,107.6940,108.0826
2014-05-28,107.9519,108.3428
2014-05-29,107.3464,107.7366
2014-05-30,107.7493,108.1424
2014-06-02,108.7457,109.1461
2014-06-03,109.2876,109.6915
2014-06-04,109.9200,110.3277
2014-06-05,110.8074,111.2199
2014-06-06,111.8171,112.2349
2014-06-09,112.7326,113.1584
2014-06-10,112.5432,112.9698
2014-06-11,112.3255,112.7529
2014-06-12,112.4834,112.9130
2014-06-13,111.2804,111.7068
2014-06-16,111.1395,111.5701
2014-06-17,111.9522,112.3874
2014-06-18,111.4867,111.9216
2014-06-19,111.1461,111.5813
2014-06-20,110.8134,111.2488
2014-06-23,111.1444,111.5857
2014-06-24,111.8129,112.2585
2014-06-25,111.8168,112.2639
2014-06-26,111.6017,112.0495
2014-06-27,112.1539,112.6054
2014-06-30,113.2329,113.6934
2014-07-01,113.3319,113.7934
2014-07-02,114.3926,114.8593
2014-07-03,114.3050,114.7729
2014-07-04,114.6041,115.0743
2014-07-07,114.9807,115.4573
2014-07-08,112.6785,113.1471
2014-07-09,112.0258,112.4932
2014-07-10,111.9505,112.4191
2014-07-11,110.6679,111.1327
2014-07-14,110.5469,111.0158
2014-07-15,111.3784,111.8523
2014-07-16,112.2461,112.7252
2014-07-17,112.7254,113.2081
2014-07-18,113.0526,113.5383
2014-07-21,113.3000,113.7914
2014-07-22,113.7938,114.2889
2014-07-23,114.0847,114.5826
2014-07-24,114.2550,114.7552
2014-07-25,113.5109,114.0094
2014-07-28,112.9545,113.4552
2014-07-30,113.5858,114.0925
2014-07-31,113.2504,113.7572
2014-08-01,112.2529,112.7567
2014-08-04,113.0086,113.5205
2014-08-05,113.6380,114.1543
2014-08-06,113.0669,113.5821
2014-08-07,112.8685,113.3844
2014-08-08,111.8396,112.3524
2014-08-11,112.2526,112.7719
2014-08-12,112.8488,113.3722
2014-08-13,112.5835,113.1071
2014-08-14,113.2141,113.7420
2014-08-18,114.1298,114.6676
2014-08-19,114.7514,115.2936
2014-08-20,115.0998,115.6451
2014-08-21,115.3301,115.8778
2014-08-22,115.6319,116.1825
2014-08-25,115.4777,116.0319
2014-08-26,115.5969,116.1530
2014-08-27,115.8769,116.4359
2014-08-28,115.8934,116.4538
2014-09-01,117.0663,117.6353
2014-09-02,117.7659,118.3394
2014-09-03,118.5635,119.1419
2014-09-04,118.5214,119.1010
2014-09-05,118.8981,119.4802
2014-09-08,119.8278,120.4184
2014-09-09,120.0061,120.5971
2014-09-10,119.6246,120.2148
2014-09-11,120.0137,120.6065
2014-09-12,120.1862,120.7806
2014-09-15,120.2204,120.8185
2014-09-16,118.6448,119.2345
2014-09-17,119.0126,119.6056
2014-09-18,120.5351,121.1366
2014-09-19,120.6365,121.2396
2014-09-22,120.8165,121.4235
2014-09-23,119.3316,119.9308
2014-09-24,119.0191,119.6174
2014-09-25,117.7592,118.3494
2014-09-26,118.4086,118.9997
2014-09-29,118.9927,119.5903
2014-09-30,119.0948,119.6944
2014-10-01,119.0749,119.6759
2014-10-07,117.9004,118.5043
2014-10-08,117.4464,118.0462
2014-10-09,118.5229,119.1293
2014-10-10,117.4661,118.0675
2014-10-13,117.7411,118.3468
2014-10-14,117.8268,118.4329
2014-10-16,116.2120,116.8116
2014-10-17,116.6855,117.2879
2014-10-20,117.4088,118.0181
2014-10-21,118.1383,118.7510
2014-10-22,118.8895,119.5068
2014-10-27,118.9825,119.6050
2014-10-28,118.9064,119.5269
2014-10-29,119.8580,120.4848
2014-10-30,120.6640,121.2961
2014-10-31,121.8452,122.4842
2014-11-03,122.2665,122.9115
2014-11-05,122.4701,123.1175
2014-11-07,122.8112,123.4621
2014-11-10,123.1694,123.8251
2014-11-11,123.4118,124.0690
2014-11-12,123.6361,124.2957
2014-11-13,123.4946,124.1544
2014-11-14,123.9716,124.6349
2014-11-17,124.7052,125.3758
2014-11-18,124.8666,125.5358
2014-11-19,124.5975,125.2669
2014-11-20,124.8922,125.5640
2014-11-21,125.2514,125.9261
2014-11-24,125.5432,126.2227
2014-11-25,124.4665,125.1401
2014-11-26,124.6602,125.3365
2014-11-27,124.8746,125.5536
2014-11-28,125.8321,126.5176
2014-12-01,125.3637,126.0496
2014-12-02,125.6637,126.3522
2014-12-03,126.4090,127.1029
2014-12-04,126.7325,127.4290
2014-12-05,126.2474,126.9430
2014-12-08,125.1068,125.7996
2014-12-09,124.0483,124.7353
2014-12-10,124.4611,125.1521
2014-12-11,123.8417,124.5310
2014-12-12,123.0649,123.7515
2014-12-15,122.6900,123.3796
2014-12-16,120.5280,121.2052
2014-12-17,120.2530,120.9301
2014-12-18,121.9313,122.6189
2014-12-19,122.7487,123.4418
2014-12-22,123.3369,124.0367
2014-12-23,122.8398,123.5376
2014-12-24,122.1573,122.8527
2014-12-26,122.5296,123.2296
2014-12-29,123.3182,124.0262
2014-12-30,123.6319,124.3423
2014-12-31,124.1553,124.8697
2015-01-01,124.2775,124.9935
2015-01-02,125.3236,126.0466
2015-01-05,125.2336,125.9606
2015-01-06,122.6533,123.3650
2015-01-07,122.4120,123.1240
2015-01-08,123.6168,124.3376
2015-01-09,124.0271,124.7520
2015-01-12,124.3573,125.0893
2015-01-13,124.4814,125.2158
2015-01-14,124.3481,125.0833
2015-01-15,125.9531,126.6988
2015-01-16,126.3054,127.0541
2015-01-19,127.0321,127.7888
2015-01-20,128.0883,128.8510
2015-01-21,128.2784,129.0434
2015-01-22,128.6516,129.4199
2015-01-23,129.2012,129.9743
2015-01-27,129.7605,130.5418
2015-01-28,129.8113,130.5924
2015-01-29,130.0265,130.8104
2015-01-30,128.8804,129.6585
2015-02-02,128.8896,129.6708
2015-02-03,128.7113,129.4920
2015-02-04,128.2055,128.9847
2015-02-05,127.6838,128.4616
2015-02-06,126.9739,127.7492
2015-02-09,125.8694,126.6417
2015-02-10,126.6541,127.4314
2015-02-11,127.2426,128.0249
2015-02-12,128.3153,129.1060
2015-02-13,129.4590,130.2581
2015-02-16,129.2966,130.1001
2015-02-18,129.8624,130.6688
2015-02-19,129.9837,130.7927
2015-02-20,129.6792,130.4879
2015-02-23,128.8547,129.6614
2015-02-24,128.8305,129.6374
2015-02-25,128.8164,129.6250
2015-02-26,128.1017,128.9076
2015-02-27,129.7867,130.6050
2015-03-02,130.7622,131.5909
2015-03-03,131.3482,132.1817
2015-03-04,130.4358,131.2650
2015-03-05,130.5735,131.4045
2015-03-09,129.0428,129.8691
2015-03-10,129.1222,129.9484
2015-03-11,128.9056,129.7321
2015-03-12,129.8348,130.6689
2015-03-13,128.4423,129.2693
2015-03-16,128.1490,128.9781
2015-03-17,128.9879,129.8242
2015-03-18,128.9245,129.7621
2015-03-19,128.4533,129.2897
2015-03-20,127.5424,128.3746
2015-03-23,127.0944,127.9290
2015-03-24,126.9184,127.7536
2015-03-25,126.8337,127.6700
2015-03-26,125.4004,126.2290
2015-03-27,125.5257,126.3569
2015-03-30,126.9577,127.8036
2015-03-31,127.2549,128.1056
2015-04-01,128.2694,129.1276
2015-04-06,129.0116,129.8836
2015-04-07,129.2213,130.0965
2015-04-08,129.7774,130.6582
2015-04-09,129.8309,130.7138
2015-04-10,129.9621,130.8477
2015-04-13,130.5101,131.4047
2015-04-15,130.0454,130.9405
2015-04-16,129.5312,130.4245
2015-04-17,128.4003,129.2876
2015-04-20,126.8466,127.7284
2015-04-21,126.4247,127.3053
2015-04-22,126.4298,127.3123
2015-04-23,126.2501,127.1330
2015-04-24,124.8667,125.7417
2015-04-27,123.8430,124.7149
2015-04-28,124.7792,125.6594
2015-04-29,124.6749,125.5561
2015-04-30,124.3134,125.1938
2015-05-04,126.0779,126.9776
2015-05-05,126.1189,127.0205
2015-05-06,123.7619,124.6481
2015-05-07,122.7641,123.6448
2015-05-08,124.1458,125.0380
2015-05-11,125.3057,126.2114
2015-05-12,123.4948,124.3868
2015-05-13,124.4442,125.3445
2015-05-14,124.5441,125.4469
2015-05-15,124.9219,125.8287
2015-05-18,125.8863,126.8048
2015-05-19,125.9379,126.8562
2015-05-20,126.2996,127.2217
2015-05-21,126.3679,127.2915
2015-05-22,126.4399,127.3651
2015-05-25,125.8907,126.8166
2015-05-26,125.5139,126.4365
2015-05-27,125.6950,126.6208
2015-05-28,125.6233,126.5497
2015-05-29,126.8902,127.8278
2015-06-01,127.0271,127.9684
2015-06-02,125.0407,125.9689
2015-06-03,123.6337,124.5529
2015-06-04,123.5807,124.5008
2015-06-05,123.6398,124.5615
2015-06-08,122.6778,123.5965
2015-06-09,122.6766,123.5951
2015-06-10,123.7260,124.6540
2015-06-11,122.2186,123.1370
2015-06-12,122.3614,123.2826
2015-06-15,122.4055,123.3321
2015-06-16,122.7817,123.7107
2015-06-17,123.4138,124.3494
2015-06-18,124.3903,125.3346
2015-06-19,125.0157,125.9661
2015-06-22,126.3307,127.2952
2015-06-23,126.3694,127.3339
2015-06-24,126.0080,126.9714
2015-06-25,126.2841,127.2507
2015-06-26,126.3549,127.3239
2015-06-29,125.3983,126.3649
2015-06-30,126.0410,127.0122
2015-07-01,126.9309,127.9101
2015-07-02,127.2696,128.2530
2015-07-03,127.5871,128.5745
2015-07-06,128.1491,129.1454
2015-07-07,128.0694,129.0649
2015-07-08,126.6823,127.6683
2015-07-09,126.3798,127.3652
2015-07-10,126.7945,127.7848
2015-07-13,127.7827,128.7849
2015-07-14,128.0355,129.0399
2015-07-15,128.7143,129.7255
2015-07-16,129.5231,130.5423
2015-07-17,129.7224,130.7448
2015-07-20,130.0257,131.0548
2015-07-21,129.0269,130.0478
2015-07-22,130.0615,131.0919
2015-07-23,129.8566,130.8865
2015-07-24,129.1379,130.1639
2015-07-27,127.3981,128.4145
2015-07-28,127.3998,128.4164
2015-07-29,128.1792,129.2039
2015-07-30,128.9949,130.0279
2015-07-31,129.9254,130.9677
2015-08-03,130.4817,131.5330
2015-08-04,130.5560,131.6081
2015-08-05,131.2966,132.3560
2015-08-06,131.5950,132.6587
2015-08-07,131.7002,132.7667
2015-08-10,131.3886,132.4572
2015-08-11,130.8288,131.8933
2015-08-12,129.5084,130.5640
2015-08-13,129.6441,130.7027
2015-08-14,131.5401,132.6159
2015-08-17,131.0614,132.1379
2015-08-18,131.3684,132.4492
2015-08-19,131.7467,132.8325
2015-08-20,130.2520,131.3273
2015-08-21,129.4869,130.5576
2015-08-24,123.0659,124.0889
2015-08-25,124.2586,125.2934
2015-08-26,123.4681,124.4980
2015-08-27,125.1747,126.2206
2015-08-28,125.9531,127.0073
2015-08-31,125.6509,126.7079
2015-09-01,123.6454,124.6871
2015-09-02,123.0282,124.0665
2015-09-03,123.9148,124.9622
2015-09-04,121.8551,122.8868
2015-09-07,120.4764,121.5011
2015-09-08,121.7396,122.7768
2015-09-09,123.3247,124.3771
2015-09-10,123.0767,124.1286
2015-09-11,123.2927,124.3482
2015-09-14,124.2433,125.3124
2015-09-15,123.7854,124.8508
2015-09-16,124.1446,125.2149
2015-09-18,125.8989,126.9878
2015-09-21,126.1109,127.2070
2015-09-22,124.5875,125.6722
2015-09-23,125.1875,126.2792
2015-09-24,125.5189,126.6152
2015-09-28,125.1470,126.2472
2015-09-29,125.1539,126.2548
2015-09-30,126.3508,127.4639
2015-10-01,126.4780,127.5940
2015-10-05,127.8886,129.0244
2015-10-06,127.8803,129.0168
2015-10-07,127.9807,129.1199
2015-10-08,127.5555,128.6926
2015-10-09,127.9798,129.1223
2015-10-12,127.5136,128.6568
2015-10-13,127.4099,128.5517
2015-10-14,127.4810,128.6245
2015-10-15,127.8975,129.0465
2015-10-16,128.6194,129.7764
2015-10-19,129.3023,130.4703
2015-10-20,129.2009,130.3683
2015-10-21,128.8892,130.0556
2015-10-23,129.0761,130.2472
2015-10-26,129.0085,130.1824
2015-10-27,128.8910,130.0636
2015-10-28,128.2205,129.3889
2015-10-29,127.8275,128.9940
2015-10-30,127.2162,128.3787
2015-11-02,127.3777,128.5356
2015-11-03,127.6336,128.7941
2015-11-04,127.3005,128.4598
2015-11-05,126.4647,127.6182
2015-11-06,125.9539,127.1046
2015-11-09,125.8240,126.9782
2015-11-10,124.4626,125.6041
2015-11-13,124.4120,125.5582
2015-11-16,125.1907,126.3468
2015-11-17,125.4134,126.5722
2015-11-18,124.4210,125.5724
2015-11-19,125.6975,126.8621
2015-11-20,125.8339,127.0009
2015-11-23,125.8752,127.0481
2015-11-24,125.5866,126.7571
2015-11-26,125.9207,127.0972
2015-11-27,126.4242,127.6057
2015-11-30,126.5154,127.7028
2015-12-01,126.6975,127.8864
2015-12-02,126.4063,127.5937
2015-12-03,125.7679,126.9501
2015-12-04,124.9549,126.1311
2015-12-07,124.9026,126.0822
2015-12-08,123.8651,125.0348
2015-12-09,122.7363,123.8971
2015-12-10,123.3511,124.5195
2015-12-11,122.5121,123.6743
2015-12-14,122.7867,123.9569
2015-12-15,123.3193,124.4964
2015-12-16,123.8192,125.0029
2015-12-17,125.3779,126.5782
2015-12-18,124.6237,125.8186
2015-12-21,125.4417,126.6499
2015-12-22,125.0637,126.2702
2015-12-23,125.7935,127.0088
2015-12-24,126.0439,127.2630
2015-12-28,126.8864,128.1198
2015-12-29,126.8931,128.1256
2015-12-30,126.7183,127.9510
2015-12-31,127.1285,128.3670
2016-01-01,127.4650,128.7086
2016-01-04,125.9527,127.1872
2016-01-05,126.4924,127.7332
2016-01-06,125.9059,127.1425
2016-01-07,123.6550,124.8706
2016-01-08,124.4558,125.6810
2016-01-11,123.9017,125.1270
2016-01-12,123.1936,124.4136
2016-01-13,122.9806,124.2003
2016-01-14,122.2881,123.5027
2016-01-15,120.4670,121.6653
2016-01-18,118.5298,119.7136
2016-01-19,119.6454,120.8421
2016-01-20,117.9172,119.0974
2016-01-21,118.0548,119.2375
2016-01-22,119.5139,120.7126
2016-01-25,119.6716,120.8770
2016-01-27,119.7990,121.0070
2016-01-28,119.7927,121.0015
2016-01-29,120.9334,122.1556
2016-02-01,120.7338,121.9572
2016-02-02,119.3848,120.5964
2016-02-03,117.9154,119.1138
2016-02-04,118.1760,119.3788
2016-02-05,118.9896,120.2025
2016-02-08,118.2431,119.4537
2016-02-09,117.2272,118.4292
2016-02-10,116.5867,117.7838
2016-02-11,113.5787,114.7465
2016-02-12,113.1060,114.2707
2016-02-15,115.6039,116.7994
2016-02-16,114.2605,115.4438
2016-02-17,114.6755,115.8649
2016-02-18,115.4874,116.6869
2016-02-19,115.7307,116.9344
2016-02-22,115.8869,117.0975
2016-02-23,114.5524,115.7493
2016-02-24,113.4373,114.6242
2016-02-25,112.4853,113.6634
2016-02-26,112.8488,114.0320
2016-02-29,112.4303,113.6139
2016-03-01,115.2651,116.4787
2016-03-02,117.0513,118.2853
2016-03-03,118.2486,119.4970
2016-03-04,118.5299,119.7828
2016-03-08,118.6179,119.8776
2016-03-09,119.1822,120.4471
2016-03-10,118.9940,120.2586
2016-03-11,118.9164,120.1817
2016-03-14,119.3172,120.5910
2016-03-15,118.9147,120.1858
2016-03-16,119.1712,120.4464
2016-03-17,119.4228,120.7025
2016-03-18,120.3979,121.6899
2016-03-21,121.3072,122.6143
2016-03-22,121.6657,122.9781
2016-03-23,121.9299,123.2470
2016-03-28,120.6221,121.9323
2016-03-29,120.5861,121.8977
2016-03-30,122.2096,123.5406
2016-03-31,122.4950,123.8319
2016-04-01,122.4834,123.8210
2016-04-04,123.1249,124.4750
2016-04-05,121.4186,122.7518
2016-04-06,121.7565,123.0953
2016-04-07,121.0210,122.3535
2016-04-08,121.6100,122.9508
2016-04-11,122.8298,124.1895
2016-04-12,123.3425,124.7097
2016-04-13,124.8428,126.2286
2016-04-18,125.6477,127.0517
2016-04-20,125.8187,127.2270
2016-04-21,125.7633,127.1728
2016-04-22,125.8598,127.2723
2016-04-25,125.5069,126.9210
2016-04-26,126.6914,128.1208
2016-04-27,127.0332,128.4683
2016-04-28,125.4074,126.8261
2016-04-29,125.6246,127.0476
2016-05-02,125.4560,126.8815
2016-05-03,124.8592,126.2798
2016-05-04,124.1320,125.5460
2016-05-05,124.2726,125.6901
2016-05-06,124.4451,125.8663
2016-05-09,125.9297,127.3733
2016-05-10,125.9755,127.4215
2016-05-11,126.0005,127.4485
2016-05-12,126.7027,128.1606
2016-05-13,126.0525,127.5048
2016-05-16,126.4999,127.9628
2016-05-17,126.6821,128.1489
2016-05-18,126.8482,128.3187
2016-05-19,125.9688,127.4309
2016-05-20,125.3389,126.7956
2016-05-23,125.2870,126.7485
2016-05-24,125.4965,126.9620
2016-05-25,127.2870,128.7752
2016-05-26,128.3029,129.8048
2016-05-27,129.0838,130.5967
2016-05-30,129.7426,131.2688
2016-05-31,129.4554,130.9801
2016-06-01,129.6266,131.1552
2016-06-02,129.8540,131.3870
2016-06-03,129.8051,131.3392
2016-06-06,129.9367,131.4780
2016-06-07,130.8208,132.3718
2016-06-08,131.2253,132.7829
2016-06-09,130.8740,132.4290
2016-06-10,130.5874,132.1409
2016-06-13,129.9700,131.5218
2016-06-14,130.0217,131.5760
2016-06-15,131.1933,132.7635
2016-06-16,130.5506,132.1149
2016-06-17,130.8341,132.4037
2016-06-20,131.3838,132.9657
2016-06-21,131.4142,132.9984
2016-06-22,131.2055,132.7890
2016-06-23,131.7366,133.3284
2016-06-24,130.2248,131.8002
2016-06-27,131.3613,132.9562
2016-06-28,131.8298,133.4323
2016-06-29,132.9522,134.5702
2016-06-30,133.9485,135.5805
2016-07-01,134.5370,136.1781
2016-07-04,135.2897,136.9459
2016-07-05,134.8212,136.4736
2016-07-07,134.9738,136.6320
2016-07-08,134.7597,136.4172
2016-07-11,136.1746,137.8553
2016-07-12,136.8485,138.5395
2016-07-13,136.3975,138.0849
2016-07-14,136.9660,138.6625
2016-07-15,136.1504,137.8387
2016-07-18,135.9008,137.5918
2016-07-19,136.0755,137.7707
2016-07-20,137.2920,139.0044
2016-07-21,136.7194,138.4266
2016-07-22,137.5248,139.2440
2016-07-25,138.7734,140.5142
2016-07-26,138.1011,139.8355
2016-07-27,138.4091,140.1493
2016-07-28,139.1552,140.9067
2016-07-29,139.1035,140.8564
2016-08-01,139.0162,140.7720
2016-08-02,139.0316,140.7899
2016-08-03,138.0952,139.8439
2016-08-04,138.4558,140.2113
2016-08-05,140.1770,141.9566
2016-08-08,140.6641,142.4568
2016-08-09,140.3554,142.1465
2016-08-10,138.7697,140.5428
2016-08-11,138.9529,140.7306
2016-08-12,138.8094,140.5876
2016-08-16,138.4527,140.2320
2016-08-17,138.6709,140.4552
2016-08-18,139.4873,141.2844
2016-08-19,139.5978,141.3985
2016-08-22,139.1759,140.9781
2016-08-23,139.2114,141.0163
2016-08-24,139.9767,141.7938
2016-08-25,139.5156,141.3290
2016-08-26,139.3422,141.1557
2016-08-29,139.4400,141.2616
2016-08-30,140.9909,142.8351
2016-08-31,141.6408,143.4958
2016-09-01,141.5295,143.3853
2016-09-02,142.0564,143.9214
2016-09-06,143.4316,145.3240
2016-09-07,143.5596,145.4560
2016-09-08,144.1949,146.1021
2016-09-09,143.5272,145.4279
2016-09-12,141.2942,143.1723
2016-09-14,141.6508,143.5383
2016-09-15,141.6849,143.5752
2016-09-16,142.0779,143.9757
2016-09-19,142.4936,144.4040
2016-09-20,142.5409,144.4543
2016-09-21,142.5718,144.4879
2016-09-22,143.8466,145.7822
2016-09-23,143.5931,145.5276
2016-09-26,142.6534,144.5823
2016-09-27,142.6939,144.6256
2016-09-28,143.5217,145.4671
2016-09-29,140.7384,142.6484
2016-09-30,142.0579,143.9880
2016-10-03,144.0834,146.0481
2016-10-04,144.3927,146.3640
2016-10-05,144.5561,146.5320
2016-10-06,143.9834,145.9538
2016-10-07,143.9716,145.9442
2016-10-10,144.2913,146.2754
2016-10-13,142.8141,144.7850
2016-10-14,143.3228,145.3030
2016-10-17,142.6158,144.5933
2016-10-18,144.2844,146.2873
2016-10-19,144.3708,146.3773
2016-10-20,144.9314,146.9480
2016-10-21,145.0265,147.0469
2016-10-24,145.3116,147.3431
2016-10-25,145.3804,147.4152
2016-10-26,144.4970,146.5218
2016-10-27,144.1764,146.1991
2016-10-28,144.6038,146.6349
2016-11-01,144.8128,146.8527
2016-11-02,143.4574,145.4807
2016-11-03,142.3661,144.3764
2016-11-04,141.0971,143.0919
2016-11-07,142.1407,144.1574
2016-11-08,142.3917,144.4144
2016-11-09,141.5653,143.5787
2016-11-10,143.0095,145.0458
2016-11-11,140.4719,142.4746
2016-11-15,137.6663,139.6384
2016-11-16,137.4013,139.3719
2016-11-17,137.2540,139.2247
2016-11-18,137.1195,139.0906
2016-11-21,135.2934,137.2452
2016-11-22,136.0597,138.0250
2016-11-23,136.9739,138.9546
2016-11-24,136.4042,138.3790
2016-11-25,138.4143,140.4206
2016-11-28,138.4795,140.4937
2016-11-29,138.8744,140.8967
2016-11-30,139.8354,141.8733
2016-12-01,139.4366,141.4710
2016-12-02,138.2614,140.2810
2016-12-05,138.8748,140.9103
2016-12-06,138.9859,141.0254
2016-12-07,138.1801,140.2102
2016-12-08,139.3640,141.4137
2016-12-09,139.8686,141.9281
2016-12-12,138.9113,140.9638
2016-12-13,139.0890,141.1465
2016-12-14,138.4661,140.5168
2016-12-15,138.1009,140.1485
2016-12-16,137.8598,139.9061
2016-12-19,137.5832,139.6312
2016-12-20,137.1202,139.1637
2016-12-21,137.0200,139.0643
2016-12-22,135.8777,137.9072
2016-12-23,136.0429,138.0772
2016-12-26,134.5080,136.5262
2016-12-27,136.0900,138.1342
2016-12-28,136.3825,138.4334
2016-12-29,137.2683,139.3349
2016-12-30,138.3653,140.4507
2017-01-02,138.7726,140.8700
2017-01-03,139.1811,141.2871
2017-01-04,139.3494,141.4599
2017-01-05,140.3989,142.5277
2017-01-06,139.8982,142.0217
2017-01-09,139.9292,142.0603
2017-01-10,140.3989,142.5395
2017-01-11,141.5197,143.6798
2017-01-12,141.7858,143.9523
2017-01-13,141.5702,143.7358
2017-01-16,141.8058,143.9822
2017-01-17,141.8915,144.0717
2017-01-18,142.2548,144.4428
2017-01-19,142.7976,144.9965
2017-01-20,141.6050,143.7879
2017-01-23,142.0203,144.2168
2017-01-24,143.1498,145.3646
2017-01-25,144.1536,146.3865
2017-01-27,144.6422,146.8875
2017-01-30,144.6096,146.8617
2017-01-31,143.0844,145.3152
2017-02-01,144.9408,147.2031
2017-02-02,145.8129,148.0913
2017-02-03,146.5225,148.8146
2017-02-06,147.5205,149.8360
2017-02-07,147.4098,149.7263
2017-02-08,147.4186,149.7378
2017-02-09,147.5022,149.8254
2017-02-10,147.4784,149.8038
2017-02-13,147.1944,149.5232
2017-02-14,147.2048,149.5363
2017-02-15,146.1183,148.4352
2017-02-16,147.3322,149.6710
2017-02-17,148.1851,150.5400
2017-02-20,148.9898,151.3654
2017-02-21,149.1844,151.5658
2017-02-22,148.4455,150.8178
2017-02-23,148.3784,150.7522
2017-02-27,148.0802,150.4597
2017-02-28,148.1189,150.5017
2017-03-01,148.6528,151.0468
2017-03-02,147.3991,149.7756
2017-03-03,148.1065,150.4970
2017-03-06,148.4471,150.8510
2017-03-07,148.3131,150.7174
2017-03-08,147.9438,150.3448
2017-03-09,148.0458,150.4511
2017-03-10,147.8196,150.2239
2017-03-14,149.4553,151.8967
2017-03-15,149.7064,152.1546
2017-03-16,150.5831,153.0470
2017-03-17,150.6018,153.0685
2017-03-20,150.3849,152.8561
2017-03-21,150.3434,152.8165
2017-03-22,149.4059,151.8663
2017-03-23,150.1681,152.6434
2017-03-24,150.3567,152.8379
2017-03-27,149.9525,152.4350
2017-03-28,150.6561,153.1529
2017-03-29,151.2166,153.7254
2017-03-30,151.6219,154.1400
2017-03-31,151.7413,154.2654
2017-04-03,152.4761,155.0168
2017-04-05,152.9100,155.4634
2017-04-06,152.6514,155.2032
2017-04-07,151.8479,154.3890
2017-04-10,152.0641,154.6168
2017-04-11,152.8112,155.3792
2017-04-12,152.6491,155.2171
2017-04-13,152.4586,155.0262
2017-04-17,152.6910,155.2733
2017-04-18,152.4607,155.0419
2017-04-19,152.6915,155.2793
2017-04-20,153.3284,155.9297
2017-04-21,153.1638,155.7650
2017-04-24,153.9336,156.5561
2017-04-25,154.9950,157.6383
2017-04-26,155.1170,157.7652
2017-04-27,154.9318,157.5796
2017-04-28,155.2464,157.9023
2017-05-02,155.3633,158.0300
2017-05-03,154.9375,157.5998
2017-05-04,156.0443,158.7286
2017-05-05,155.4748,158.1522
2017-05-08,156.1365,158.8342
2017-05-09,156.3123,159.0160
2017-05-10,157.0027,159.7213
2017-05-11,156.6799,159.3959
2017-05-12,156.5095,159.2255
2017-05-15,157.2597,159.9977
2017-05-16,157.7184,160.4673
2017-05-17,157.5489,160.2978
2017-05-18,156.0478,158.7735
2017-05-19,155.7702,158.4940
2017-05-22,154.9992,157.7183
2017-05-23,153.9849,156.6892
2017-05-24,153.1135,155.8054
2017-05-25,155.0332,157.7617
2017-05-26,156.3015,159.0554
2017-05-29,155.3765,158.1228
2017-05-30,156.1470,158.9100
2017-05-31,156.9212,159.7009
2017-06-01,157.1921,159.9795
2017-06-02,157.6192,160.4171
2017-06-05,157.8407,160.6515
2017-06-06,157.4783,160.2857
2017-06-07,158.0997,160.9211
2017-06-08,158.2319,161.0587
2017-06-09,158.5090,161.3438
2017-06-12,157.8422,160.6740
2017-06-13,157.8400,160.6747
2017-06-14,157.9022,160.7411
2017-06-15,157.9785,160.8217
2017-06-16,158.1151,160.9637
2017-06-19,158.2894,161.1502
2017-06-20,158.4702,161.3373
2017-06-21,158.2383,161.1042
2017-06-22,157.9902,160.8546
2017-06-23,157.3355,160.1910
2017-06-27,156.8599,159.7186
2017-06-28,156.9308,159.7938
2017-06-29,157.5528,160.4301
2017-06-30,158.1528,161.0440
2017-07-03,159.4045,162.3277
2017-07-04,159.2105,162.1332
2017-07-05,159.9585,162.8979
2017-07-06,160.1739,163.1203
2017-07-07,159.9840,162.9300
2017-07-10,160.8063,163.7765
2017-07-11,160.4277,163.3940
2017-07-12,161.0556,164.0364
2017-07-13,161.8745,164.8737
2017-07-14,161.7193,164.7186
2017-07-17,162.0574,165.0722
2017-07-18,161.3281,164.3324
2017-07-19,162.2511,165.2756
2017-07-20,162.2160,165.2430
2017-07-21,162.1662,165.1953
2017-07-24,162.3447,165.3863
2017-07-25,162.5057,165.5534
2017-07-26,162.9213,165.9799
2017-07-27,162.2269,165.2755
2017-07-28,161.9778,165.0249
2017-07-31,162.3513,165.4146
2017-08-01,162.6674,165.7405
2017-08-02,162.3008,165.3706
2017-08-03,161.7019,164.7642
2017-08-04,161.9537,165.0245
2017-08-07,162.5076,165.6001
2017-08-08,161.3973,164.4724
2017-08-09,160.2196,163.2760
2017-08-10,158.5575,161.5859
2017-08-11,158.0572,161.0797
2017-08-14,159.9301,162.9995
2017-08-16,161.0775,164.1764
2017-08-17,161.3891,164.4977
2017-08-18,160.6612,163.7595
2017-08-21,159.5269,162.6144
2017-08-22,159.4545,162.5442
2017-08-23,160.3382,163.4488
2017-08-24,160.6708,163.7916
2017-08-28,161.6402,164.7948
2017-08-29,160.6571,163.7962
2017-08-30,161.4930,164.6521
2017-08-31,161.5620,164.7263
2017-09-01,162.9878,166.1837
2017-09-04,162.7562,165.9589
2017-09-05,163.0841,166.2970
2017-09-06,162.7431,165.9531
2017-09-07,163.0143,166.2334
2017-09-08,162.9328,166.1541
2017-09-11,163.7867,167.0361
2017-09-12,164.5301,167.7980
2017-09-13,164.1699,167.4345
2017-09-14,164.6007,167.8776
2017-09-15,164.7176,168.0007
2017-09-18,165.2183,168.5228
2017-09-19,165.4951,168.8090
2017-09-20,165.4953,168.8131
2017-09-21,165.1215,168.4356
2017-09-22,162.9074,166.1809
2017-09-25,161.7884,165.0507
2017-09-26,162.2684,165.5440
2017-09-27,160.6456,163.8922
2017-09-28,161.4458,164.7123
2017-09-29,162.3089,165.5967
2017-10-03,162.9983,166.3137
2017-10-04,163.1513,166.4737
2017-10-05,163.3103,166.6397
2017-10-06,164.2661,167.6188
2017-10-09,164.4005,167.7673
2017-10-10,164.5191,167.8922
2017-10-11,163.8830,167.2469
2017-10-12,164.8614,168.2491
2017-10-13,165.2094,168.6081
2017-10-16,166.2104,169.6413
2017-10-17,166.3070,169.7437
2017-10-18,165.8477,169.2787
2017-10-23,165.5278,168.9714
2017-10-24,165.9553,169.4117
2017-10-25,166.8687,170.3480
2017-10-26,167.3445,170.8376
2017-10-27,168.0757,171.5879
2017-10-30,168.8534,172.3937
2017-10-31,168.8063,172.3495
2017-11-01,169.5415,173.1039
2017-11-02,169.9900,173.5658
2017-11-03,170.2104,173.7947
2017-11-06,170.4489,174.0500
2017-11-07,169.2277,172.8069
2017-11-08,168.7511,172.3240
2017-11-09,169.0357,172.6185
2017-11-10,169.4040,172.9985
2017-11-13,168.4083,171.9933
2017-11-14,167.6954,171.2691
2017-11-15,166.6745,170.2303
2017-11-16,167.6906,171.2719
2017-11-17,168.9001,172.5110
2017-11-20,169.4938,173.1291
2017-11-21,170.0540,173.7052
2017-11-22,170.0474,173.7024
2017-11-23,170.3772,174.0432
2017-11-24,170.7780,174.4565
2017-11-27,171.2329,174.9330
2017-11-28,170.9006,174.5974
2017-11-29,170.9522,174.6540
2017-11-30,169.9546,173.6387
2017-12-01,168.5825,172.2408
2017-12-04,168.5492,172.2184
2017-12-05,168.1101,171.7736
2017-12-06,167.0536,170.6979
2017-12-07,168.5477,172.2285
2017-12-08,169.8800,173.5937
2017-12-11,170.3128,174.0477
2017-12-12,169.1412,172.8543
2017-12-13,168.4596,172.1616
2017-12-14,168.7316,172.4434
2017-12-15,169.9012,173.6426
2017-12-18,170.4940,174.2602
2017-12-19,171.6573,175.4531
2017-12-20,171.9092,175.7146
2017-12-21,172.2406,176.0573
2017-12-22,172.8333,176.6671
2017-12-26,173.4363,177.2993
2017-12-27,173.4311,177.2980
2017-12-28,173.5044,177.3768
2017-12-29,173.9140,177.7996
2018-01-01,173.8421,177.7352
2018-01-02,173.6448,177.5375
2018-01-03,173.8093,177.7096
2018-01-04,174.7845,178.7107
2018-01-05,175.8092,179.7624
2018-01-08,176.8997,180.8896
2018-01-09,176.9093,180.9035
2018-01-10,176.5569,180.5472
2018-01-11,177.0152,181.0199
2018-01-12,177.3652,181.3819
2018-01-15,177.9997,182.0430
2018-01-16,176.4879,180.5009
2018-01-17,177.4978,181.5378
2018-01-18,176.5723,180.5953
2018-01-19,177.3438,181.3884
2018-01-22,177.7617,181.8281
2018-01-23,178.9485,183.0462
2018-01-24,178.5060,182.5977
2018-01-25,178.0233,182.1079
2018-01-29,177.2064,181.2887
2018-01-30,176.6464,180.7198
2018-01-31,175.6896,179.7450
2018-02-01,175.2731,179.3229
2018-02-02,171.2738,175.2353
2018-02-05,170.9411,174.9070
2018-02-06,168.9593,172.8832
2018-02-07,169.8490,173.7975
2018-02-08,171.6143,175.6079
2018-02-09,170.7947,174.7733
2018-02-12,171.7802,175.7938
2018-02-14,171.7550,175.7762
2018-02-15,171.3021,175.3167
2018-02-16,170.1239,174.1148
2018-02-19,168.6541,172.6225
2018-02-20,168.5174,172.4865
2018-02-21,168.3005,172.2685
2018-02-22,167.7667,171.7261
2018-02-23,169.8043,173.8158
2018-02-26,170.9283,174.9784
2018-02-27,170.5185,174.5628
2018-02-28,169.8085,173.8401
2018-03-01,169.5510,173.5804
2018-03-05,168.5697,172.5917
2018-03-06,167.1722,171.1648
2018-03-07,165.8854,169.8512
2018-03-08,166.3473,170.3281
2018-03-09,166.1482,170.1281
2018-03-12,167.7623,171.7927
2018-03-13,168.3191,172.3669
2018-03-14,168.1927,172.2414
2018-03-15,168.3835,172.4408
2018-03-16,166.7502,170.7720
2018-03-19,165.2300,169.2269
2018-03-20,165.5436,169.5519
2018-03-21,165.8797,169.9000
2018-03-22,165.1896,169.1972
2018-03-23,163.6020,167.5749
2018-03-26,164.5242,168.5311
2018-03-27,165.7161,169.7559
2018-03-28,165.0419,169.0691
2018-04-02,166.8264,170.9154
2018-04-03,167.7939,171.9092
2018-04-04,166.5567,170.6442
2018-04-05,168.6619,172.8037
2018-04-06,169.1467,173.3029
2018-04-09,169.2946,173.4621
2018-04-10,169.1705,173.3375
2018-04-11,168.9273,173.0909
2018-04-12,168.9867,173.1543
2018-04-13,169.3164,173.4947
2018-04-16,169.5730,173.7654
2018-04-17,169.9994,174.2049
2018-04-18,169.7764,173.9790
2018-04-19,170.3617,174.5814
2018-04-20,170.0813,174.2966
2018-04-23,170.7945,175.0352
2018-04-24,170.6432,174.8827
2018-04-25,170.0779,174.3060
2018-04-26,170.1221,174.3539
2018-04-27,171.0449,175.3022
2018-04-30,171.9302,176.2539
2018-05-02,170.7742,175.0770
2018-05-03,170.1912,174.4833
2018-05-04,169.2558,173.5283
2018-05-07,170.1727,174.4803
2018-05-08,170.5575,174.8789
2018-05-09,170.3917,174.7130
2018-05-10,169.2782,173.5752
2018-05-11,169.7514,174.0644
2018-05-14,169.3446,173.6592
2018-05-15,168.7790,173.0832
2018-05-16,168.3895,172.6878
2018-05-17,168.0660,172.3600
2018-05-18,166.4439,170.7003
2018-05-21,164.9904,169.2214
2018-05-22,165.6661,169.9183
2018-05-23,164.9603,169.1983
2018-05-24,165.3367,169.5883
2018-05-25,167.1238,171.4253
2018-05-28,168.8097,173.1664
2018-05-29,168.3483,172.6970
2018-05-30,168.3143,172.6661
2018-05-31,168.9253,173.2967
2018-06-01,167.7228,172.0670
2018-06-04,166.3236,170.6431
2018-06-05,165.4133,169.7129
2018-06-06,166.7773,171.1162
2018-06-07,167.8707,172.2419
2018-06-08,168.5080,172.8997
2018-06-11,168.8222,173.2337
2018-06-12,169.4933,173.9263
2018-06-13,169.2194,173.6491
2018-06-14,168.8849,173.3097
2018-06-15,168.6161,173.0378
2018-06-18,168.7865,173.2243
2018-06-19,167.6056,172.0162
2018-06-20,168.0284,172.4541
2018-06-21,167.5835,172.0013
2018-06-22,168.3934,172.8364
2018-06-25,166.9443,171.3606
2018-06-26,166.7869,171.2030
2018-06-27,165.5996,169.9880
2018-06-28,164.1843,168.5391
2018-06-29,165.7284,170.1279
2018-07-02,164.7036,169.0859
2018-07-03,165.2549,169.6556
2018-07-04,165.2277,169.6315
2018-07-05,164.7341,169.1285
2018-07-06,164.9829,169.3877
2018-07-09,166.3690,170.8222
2018-07-10,167.1906,171.6696
2018-07-11,166.6817,171.1509
2018-07-12,166.7980,171.2742
2018-07-13,166.0978,170.5590
2018-07-16,163.9870,168.4028
2018-07-17,165.6439,170.1082
2018-07-18,164.7571,169.2013
2018-07-19,164.2973,168.7328
2018-07-20,164.7613,169.2131
2018-07-23,165.9992,170.4959
2018-07-24,167.7217,172.2689
2018-07-25,167.6711,172.2207
2018-07-26,168.2422,172.8111
2018-07-27,169.6954,174.3077
2018-07-30,170.5052,175.1511
2018-07-31,170.6178,175.2708
2018-08-01,170.4840,175.1372
2018-08-02,169.9955,174.6392
2018-08-03,171.1131,175.7911
2018-08-06,171.3024,175.9974
2018-08-07,171.0816,175.7746
2018-08-08,171.2832,175.9856
2018-08-09,171.5141,176.2267
2018-08-10,170.8584,175.5568
2018-08-13,170.1979,174.8900
2018-08-14,171.1086,175.8297
2018-08-16,170.9247,175.6486
2018-08-17,172.1087,176.8692
2018-08-20,172.8392,177.6318
2018-08-21,173.5313,178.3471
2018-08-23,173.5920,178.4175
2018-08-24,173.1004,177.9161
2018-08-27,174.3880,179.2517
2018-08-28,174.1754,179.0371
2018-08-29,174.1590,179.0241
2018-08-30,174.8303,179.7182
2018-08-31,175.5948,180.5081
2018-09-03,174.9230,179.8295
2018-09-04,173.2799,178.1444
2018-09-05,172.9258,177.7842
2018-09-06,173.6769,178.5604
2018-09-07,174.3492,179.2556
2018-09-10,172.5424,177.4099
2018-09-11,170.9011,175.7263
2018-09-12,171.3607,176.2027
2018-09-14,173.6281,178.5422
2018-09-17,172.7815,177.6836
2018-09-18,171.2851,176.1486
2018-09-19,170.9809,175.8398
2018-09-21,169.1968,174.0127
2018-09-24,166.3628,171.1097
2018-09-25,167.2017,171.9763
2018-09-26,167.0744,171.8493
2018-09-27,165.1053,169.8276
2018-09-28,164.1135,168.8113
2018-10-01,164.8647,169.5925
2018-10-03,163.7688,168.4728
2018-10-04,161.9926,166.6492
2018-10-05,158.7955,163.3639
2018-10-08,157.7549,162.3042
2018-10-09,157.2945,161.8342
2018-10-10,159.9123,164.5311
2018-10-11,157.4401,161.9898
2018-10-12,159.6263,164.2426
2018-10-15,160.7445,165.4043
2018-10-16,162.2233,166.9282
2018-10-17,160.4546,165.1119
2018-10-19,159.5176,164.1543
2018-10-22,159.1621,163.7972
2018-10-23,158.0331,162.6352
2018-10-24,158.7522,163.3787
2018-10-25,157.3847,161.9741
2018-10-26,156.5459,161.1136
2018-10-29,159.7274,164.3986
2018-10-30,159.4257,164.0886
2018-10-31,161.5606,166.2896
2018-11-01,161.6337,166.3682
2018-11-02,162.8565,167.6300
2018-11-05,162.0569,166.8166
2018-11-06,161.8830,166.6380
2018-11-09,163.0880,167.8888
2018-11-12,161.7617,166.5307
2018-11-13,162.7423,167.5406
2018-11-14,162.5713,167.3677
2018-11-15,162.5321,167.3301
2018-11-16,162.8047,167.6137
2018-11-19,163.6042,168.4476
2018-11-20,162.1274,166.9273
2018-11-21,162.0449,166.8455
2018-11-22,161.0946,165.8698
2018-11-26,161.5340,166.3357
2018-11-27,161.8056,166.6150
2018-11-28,161.5061,166.3104
2018-11-29,162.6824,167.5250
2018-11-30,163.5156,168.3859
2018-12-03,163.5263,168.4076
2018-12-04,163.5515,168.4335
2018-12-05,161.9037,166.7394
2018-12-06,160.2532,165.0424
2018-12-07,160.5300,165.3305
2018-12-10,158.5133,163.2633
2018-12-11,159.5971,164.3801
2018-12-12,161.9894,166.8474
2018-12-13,162.8319,167.7182
2018-12-14,163.3788,168.2844
2018-12-17,163.8592,168.7894
2018-12-18,164.2078,169.1490
2018-12-19,165.3445,170.3235
2018-12-20,165.2519,170.2309
2018-12-21,163.1432,168.0612
2018-12-24,162.4054,167.3114
2018-12-26,162.6210,167.5373
2018-12-27,162.8354,167.7597
2018-12-28,163.9739,168.9359
2018-12-31,164.1727,169.1507
2019-01-01,164.4999,169.4885
2019-01-02,163.4689,168.4292
2019-01-03,162.2346,167.1595
2019-01-04,163.0067,167.9580
2019-01-07,163.3996,168.3727
2019-01-08,164.0328,169.0260
2019-01-09,164.4917,169.5026
2019-01-10,164.3934,169.4049
2019-01-11,164.3138,169.3259
2019-01-14,164.2791,169.3008
2019-01-15,165.4343,170.4921
2019-01-16,165.5672,170.6319
2019-01-17,165.3665,170.4286
2019-01-18,164.3977,169.4329
2019-01-21,164.1800,169.2184
2019-01-22,163.7191,168.7434
2019-01-23,162.9265,167.9303
2019-01-24,163.0511,168.0615
2019-01-25,162.3017,167.2920
2019-01-28,160.6182,165.5657
2019-01-29,160.6979,165.6493
2019-01-30,161.0006,165.9649
2019-01-31,162.2056,167.2099
2019-02-01,161.8777,166.8745
2019-02-04,160.7015,165.6718
2019-02-05,160.3800,165.3403
2019-02-06,161.3498,166.3428
2019-02-07,162.0217,167.0383
2019-02-08,160.3033,165.2693
2019-02-11,159.1267,164.0665
2019-02-12,158.3640,163.2804
2019-02-13,157.9536,162.8603
2019-02-14,158.2492,163.1678
2019-02-15,157.6970,162.6008
2019-02-18,156.9300,161.8194
2019-02-19,157.0519,161.9462
2019-02-20,158.4786,163.4199
2019-02-21,159.0689,164.0308
2019-02-22,159.8090,164.7966
2019-02-25,160.9103,165.9417
2019-02-26,160.2831,165.2955
2019-02-27,160.0773,165.0863
2019-02-28,160.6717,165.7019
2019-03-01,162.0030,167.0774
2019-03-05,163.7695,168.9129
2019-03-06,164.6563,169.8260
2019-03-07,164.4008,169.5659
2019-03-08,164.1409,169.3004
2019-03-11,165.9518,171.1780
2019-03-12,167.2896,172.5572
2019-03-13,166.7970,172.0525
2019-03-14,167.1031,172.3709
2019-03-15,167.8670,173.1616
2019-03-18,167.5982,172.8939
2019-03-19,168.3050,173.6244
2019-03-20,168.2666,173.5876
2019-03-22,168.1319,173.4550
2019-03-25,166.8371,172.1285
2019-03-26,167.5181,172.8318
2019-03-27,167.4945,172.8103
2019-03-28,168.8759,174.2388
2019-03-29,169.9743,175.3748
2019-04-01,170.5435,175.9705
2019-04-02,171.1455,176.5938
2019-04-03,169.8745,175.2837
2019-04-04,169.7785,175.1865
2019-04-05,170.5085,175.9416
2019-04-08,169.9710,175.3936
2019-04-09,170.5796,176.0239
2019-04-10,169.9965,175.4245
2019-04-11,169.9283,175.3561
2019-04-12,170.5479,175.9980
2019-04-15,170.5817,176.0398
2019-04-16,171.3321,176.8158
2019-04-18,170.0887,175.5375
2019-04-22,168.5248,173.9319
2019-04-23,168.4175,173.8226
2019-04-24,169.4577,174.8985
2019-04-25,168.6469,174.0637
2019-04-26,169.4773,174.9229
2019-04-30,168.1880,173.6012
2019-05-02,167.7963,173.2009
2019-05-03,167.7876,173.1940
2019-05-06,167.0580,172.4470
2019-05-07,165.9399,171.2946
2019-05-08,164.5832,169.8965
2019-05-09,164.2559,169.5611
2019-05-10,164.2523,169.5595
2019-05-13,162.1818,167.4287
2019-05-14,163.2647,168.5486
2019-05-15,162.3981,167.6562
2019-05-16,162.9983,168.2799
2019-05-17,163.7073,169.0125
2019-05-20,168.1509,173.6070
2019-05-21,166.7587,172.1714
2019-05-22,167.6075,173.0504
2019-05-23,167.0456,172.4723
2019-05-24,169.7783,175.2958
2019-05-27,171.5891,177.1721
2019-05-28,171.4719,177.0530
2019-05-29,170.4269,175.9769
2019-05-30,171.0426,176.6147
2019-05-31,170.4679,176.0234
2019-06-03,171.4052,176.9982
2019-06-04,170.0317,175.5816
2019-06-06,167.7579,173.2377
2019-06-07,167.7558,173.2375
2019-06-10,168.0866,173.5861
2019-06-11,168.7539,174.2772
2019-06-12,168.2021,173.7100
2019-06-13,168.0996,173.6063
2019-06-14,167.2280,172.7082
2019-06-17,165.7833,171.2229
2019-06-18,166.1902,171.6449
2019-06-19,166.0270,171.4792
2019-06-20,167.8841,173.3995
2019-06-21,167.1006,172.5924
2019-06-24,166.9807,172.4755
2019-06-25,168.1150,173.6488
2019-06-26,168.8264,174.3860
2019-06-27,169.2725,174.8494
2019-06-28,168.9080,174.4750
2019-07-01,169.5418,175.1360
2019-07-02,169.7496,175.3528
2019-07-03,170.0223,175.6367
2019-07-04,170.2138,175.8365
2019-07-05,168.5635,174.1338
2019-07-08,166.0983,171.5939
2019-07-09,166.9297,172.4548
2019-07-10,166.1806,171.6834
2019-07-11,167.0458,172.5793
2019-07-12,167.3771,172.9243
2019-07-15,167.5672,173.1273
2019-07-16,168.6335,174.2307
2019-07-17,168.6742,174.2770
2019-07-18,167.1908,172.7478
2019-07-19,165.2030,170.6975
2019-07-22,164.8083,170.3005
2019-07-23,164.7257,170.2182
2019-07-24,163.6211,169.0809
2019-07-25,163.7297,169.1966
2019-07-26,164.2587,169.7465
2019-07-29,163.1836,168.6468
2019-07-30,161.5275,166.9383
2019-07-31,162.3609,167.8032
2019-08-01,160.3780,165.7573
2019-08-02,160.2820,165.6616
2019-08-05,159.0617,164.4105
2019-08-06,160.4235,165.8212
2019-08-07,159.5170,164.8879
2019-08-08,160.7434,166.1589
2019-08-09,160.8879,166.3121
2019-08-13,157.9400,163.2787
2019-08-14,158.9833,164.3602
2019-08-16,159.4682,164.8690
2019-08-19,159.7930,165.2153
2019-08-20,159.2073,164.6135
2019-08-21,157.5928,162.9475
2019-08-22,155.6436,160.9357
2019-08-23,156.7784,162.1124
2019-08-26,158.7836,164.1962
2019-08-27,159.7232,165.1695
2019-08-28,158.9611,164.3853
2019-08-29,158.2620,163.6658
2019-08-30,159.4231,164.8700
2019-09-03,157.0417,162.4354
2019-09-04,157.6626,163.0805
2019-09-05,157.8879,163.3168
2019-09-06,158.9402,164.4087
2019-09-09,159.9336,165.4471
2019-09-11,160.5730,166.1152
2019-09-12,160.6262,166.1737
2019-09-13,161.5034,167.0851
2019-09-16,161.0723,166.6498
2019-09-17,158.7610,164.2615
2019-09-18,159.3555,164.8805
2019-09-19,157.6154,163.0834
2019-09-20,162.3828,168.0198
2019-09-23,165.3511,171.1021
2019-09-24,164.8789,170.6169
2019-09-25,162.8274,168.4974
2019-09-26,164.1279,169.8466
2019-09-27,163.1803,168.8699
2019-09-30,162.0542,167.7153
2019-10-01,159.9944,165.5865
2019-10-03,159.6561,165.2434
2019-10-04,158.4015,163.9479
2019-10-07,157.6839,163.2156
2019-10-09,159.3848,164.9827
2019-10-10,158.1779,163.7371
2019-10-11,158.7021,164.2832
2019-10-14,159.1892,164.7983
2019-10-15,159.6557,165.2842
2019-10-16,159.6843,165.3173
2019-10-17,160.8603,166.5388
2019-10-18,161.6895,167.4007
2019-10-22,161.0497,166.7522
2019-10-23,161.1389,166.8473
2019-10-24,160.1936,165.8723
2019-10-25,160.4083,166.0978
2019-10-29,162.7862,168.5738
2019-10-30,163.3622,169.1736
2019-10-31,164.2763,170.1237
2019-11-01,165.2538,171.1394
2019-11-04,165.5262,171.4321
2019-11-05,164.8107,170.6941
2019-11-06,165.2074,171.1083
2019-11-07,165.5532,171.4701
2019-11-08,164.4966,170.3791
2019-11-11,165.0681,170.9820
2019-11-13,163.1439,168.9954
2019-11-14,163.5061,169.3743
2019-11-15,163.8203,169.7031
2019-11-18,164.6627,170.5864
2019-11-19,165.1165,171.0603
2019-11-20,165.7543,171.7244
2019-11-21,165.1213,171.0720
2019-11-22,165.0345,170.9857
2019-11-25,167.3423,173.3874
2019-11-26,166.9438,172.9775
2019-11-27,167.2606,173.3095
2019-11-28,168.1493,174.2337
2019-11-29,167.6053,173.6734
2019-12-02,167.1564,173.2188
2019-12-03,166.3193,172.3545
2019-12-04,167.5238,173.6060
2019-12-05,166.9245,172.9885
2019-12-06,165.1775,171.1813
2019-12-09,165.2392,171.2562
2019-12-10,163.8494,169.8186
2019-12-11,164.2788,170.2673
2019-12-12,164.9693,170.9868
2019-12-13,166.1470,172.2108
2019-12-16,165.8285,171.8913
2019-12-17,167.0660,173.1771
2019-12-18,167.1488,173.2671
2019-12-19,167.1638,173.2860
2019-12-20,167.4262,173.5614
2019-12-23,167.3155,173.4573
2019-12-24,167.1667,173.3064
2019-12-26,166.7423,172.8732
2019-12-27,168.1958,174.3835
2019-12-30,168.5522,174.7639
2019-12-31,168.2376,174.4408
2020-01-01,168.6643,174.8868
2020-01-02,170.1045,176.3836
2020-01-03,170.0143,176.2935
2020-01-06,167.2487,173.4366
2020-01-07,167.8151,174.0268
2020-01-08,167.7455,173.9584
2020-01-09,169.8762,176.1719
2020-01-10,170.4329,176.7528
2020-01-13,171.6407,178.0164
2020-01-14,172.1685,178.5674
2020-01-15,172.0740,178.4729
2020-01-16,172.2982,178.7089
2020-01-17,172.7151,179.1456
2020-01-20,172.2371,178.6605
2020-01-21,171.7000,178.1065
2020-01-22,171.2017,177.5933
2020-01-23,172.1106,178.5397
2020-01-24,172.6590,179.1122
2020-01-27,171.1890,177.5981
2020-01-28,170.3523,176.7331
2020-01-29,170.7091,177.1074
2020-01-30,169.5990,175.9592
2020-01-31,168.8452,175.1806
2020-02-03,164.9164,171.1147
2020-02-04,167.4456,173.7421
2020-02-05,168.8169,175.1686
2020-02-06,169.9801,176.3790
2020-02-07,169.6704,176.0613
2020-02-10,168.5077,174.8654
2020-02-11,169.1362,175.5209
2020-02-12,169.3161,175.7113
2020-02-13,168.9242,175.3080
2020-02-14,168.0622,174.4169
2020-02-17,167.0746,173.4025
2020-02-18,166.1340,172.4292
2020-02-19,167.2878,173.6308
2020-02-20,167.6863,174.0477
2020-02-24,165.2724,171.5561
2020-02-25,165.2285,171.5134
2020-02-26,163.9665,170.2068
2020-02-27,163.5396,169.7675
2020-02-28,159.2919,165.3613
2020-03-02,158.2463,164.2856
2020-03-03,159.9601,166.0678
2020-03-04,159.1525,165.2328
2020-03-05,158.7903,164.8600
2020-03-06,155.2394,161.1765
2020-03-09,149.5836,155.3140
2020-03-11,148.8744,154.5835
2020-03-12,139.7464,145.1084
2020-03-13,143.6088,149.1225
2020-03-16,135.8869,141.1127
2020-03-17,133.2891,138.4172
2020-03-18,128.7115,133.6667
2020-03-19,126.5630,131.4380
2020-03-20,130.9401,135.9864
2020-03-23,119.0657,123.6616
2020-03-24,119.6267,124.2466
2020-03-25,123.4319,128.2012
2020-03-26,126.5798,131.4733
2020-03-27,127.6418,132.5795
2020-03-30,124.2407,129.0548
2020-03-31,127.6154,132.5625
2020-04-01,124.9162,129.7613
2020-04-03,123.9039,128.7147
2020-04-07,130.1637,135.2282
2020-04-08,130.9346,136.0317
2020-04-09,135.1646,140.4298
2020-04-13,134.7745,140.0357
2020-04-15,134.7303,139.9950
2020-04-16,136.0237,141.3422
2020-04-17,138.8884,144.3224
2020-04-20,138.8447,144.2856
2020-04-21,135.8499,141.1759
2020-04-22,136.8261,142.1933
2020-04-23,138.0135,143.4301
2020-04-24,136.2736,141.6248
2020-04-27,137.0882,142.4798
2020-04-28,137.7627,143.1834
2020-04-29,139.4951,144.9873
2020-04-30,142.4952,148.1085
2020-05-04,137.6065,143.0384
2020-05-05,136.6647,142.0621
2020-05-06,137.5675,143.0034
2020-05-07,136.9269,142.3405
2020-05-08,136.6142,142.0182
2020-05-11,136.5990,142.0111
2020-05-12,136.6988,142.1173
2020-05-13,138.7501,144.2532
2020-05-14,136.7348,142.1607
2020-05-15,136.8627,142.2964
2020-05-18,133.5558,138.8665
2020-05-19,134.5918,139.9467
2020-05-20,136.4087,141.8387
2020-05-21,137.2288,142.6941
2020-05-22,136.7018,142.1491
2020-05-26,136.7995,142.2620
2020-05-27,139.0748,144.6306
2020-05-28,140.8783,146.5096
2020-05-29,142.3118,148.0033
2020-06-01,144.2557,150.0336
2020-06-02,145.8066,151.6495
2020-06-03,146.3927,152.2622
2020-06-04,146.3471,152.2177
2020-06-05,148.3190,154.2718
2020-06-08,148.9191,154.9051
2020-06-09,147.6806,153.6198
2020-06-10,148.2591,154.2247
2020-06-11,146.1635,152.0476
2020-06-12,146.7086,152.6181
2020-06-15,145.4314,151.2984
2020-06-16,145.8390,151.7249
2020-06-17,145.9154,151.8080
2020-06-18,148.0456,154.0272
2020-06-19,149.3508,155.3881
2020-06-22,150.3570,156.4443
2020-06-23,152.1265,158.2883
2020-06-24,150.1332,156.2175
2020-06-25,150.4060,156.5044
2020-06-26,151.5628,157.7112
2020-06-29,150.2240,156.3279
2020-06-30,150.2330,156.3400
2020-07-01,151.4750,157.6355
2020-07-02,152.8856,159.1066
2020-07-03,153.7355,159.9943
2020-07-06,155.1571,161.4833
2020-07-07,155.7821,162.1364
2020-07-08,154.9535,161.2771
2020-07-09,155.9619,162.3298
2020-07-10,155.0713,161.4057
2020-07-13,155.3776,161.7332
2020-07-14,153.4132,159.6915
2020-07-15,153.3983,159.6790
2020-07-16,154.8579,161.2011
2020-07-17,156.6145,163.0331
2020-07-20,157.6729,164.1436
2020-07-21,158.9698,165.4964
2020-07-22,159.1660,165.7038
2020-07-23,160.1876,166.7703
2020-07-24,159.6809,166.2458
2020-07-27,158.7886,165.3258
2020-07-28,159.7993,166.3807
2020-07-29,159.3255,165.8909
2020-07-30,158.5160,165.0511
2020-07-31,158.9694,165.5262
2020-08-03,157.9432,164.4666
2020-08-04,159.4456,166.0337
2020-08-05,160.0461,166.6620
2020-08-06,160.7606,167.4091
2020-08-07,160.9568,167.6165
2020-08-10,162.2974,169.0217
2020-08-11,162.9807,169.7363
2020-08-12,163.0101,169.7704
2020-08-13,163.5450,170.3303
2020-08-14,162.6000,169.3491
2020-08-17,163.2949,170.0822
2020-08-18,164.6856,171.5334
2020-08-19,165.2370,172.1115
2020-08-20,164.5341,171.3822
2020-08-21,165.1716,172.0492
2020-08-24,166.0932,173.0187
2020-08-25,165.7657,172.6803
2020-08-26,166.6956,173.6520
2020-08-27,167.0392,174.0134
2020-08-28,167.9232,174.9375
2020-08-31,163.9930,170.8525
2020-09-01,165.0807,171.9885
2020-09-02,165.8522,172.7953
2020-09-03,165.7708,172.8760
2020-09-04,163.4209,170.4284
2020-09-07,163.1204,170.1242
2020-09-08,161.8782,168.8314
2020-09-09,161.4995,168.4400
2020-09-10,162.9568,169.9628
2020-09-11,163.2478,170.2693
2020-09-14,163.8616,170.9191
2020-09-15,165.1959,172.3136
2020-09-16,165.7777,172.9236
2020-09-17,165.0403,172.1581
2020-09-18,165.3463,172.4802
2020-09-21,161.6655,168.6498
2020-09-22,160.5059,167.4429
2020-09-23,160.1608,167.0861
2020-09-24,156.4435,163.2111
2020-09-25,159.3565,166.2532
2020-09-28,161.6586,168.6642
2020-09-29,161.3381,168.3330
2020-09-30,161.3981,168.3988
2020-10-01,162.6600,169.7184
2020-10-05,163.3047,170.4035
2020-10-06,164.2882,171.4324
2020-10-07,164.2395,171.3849
2020-10-08,164.9994,172.1817
2020-10-09,166.1985,173.4363
2020-10-12,165.8513,173.0834
2020-10-13,165.3524,172.5654
2020-10-14,165.4281,172.6480
2020-10-15,162.8610,169.9718
2020-10-16,164.2403,171.4143
2020-10-19,165.4048,172.6398
2020-10-20,165.6549,172.9037
2020-10-21,166.6578,173.9534
2020-10-22,166.8943,174.2035
2020-10-23,167.7270,175.0758
2020-10-26,165.8473,173.1230
2020-10-27,166.6053,173.9171
2020-10-28,165.2489,172.5048
2020-10-29,164.1311,171.3410
2020-10-30,163.9687,171.1746
2020-11-02,165.1416,172.4084
2020-11-03,166.9681,174.3183
2020-11-04,167.4558,174.8306
2020-11-05,169.5125,176.9810
2020-11-06,170.1770,177.6780
2020-11-09,172.0621,179.6562
2020-11-10,173.3475,181.0012
2020-11-11,175.4677,183.2185
2020-11-12,175.4827,183.2378
2020-11-13,175.9028,183.6795
2020-11-17,178.2920,186.1877
2020-11-18,179.2246,187.1647
2020-11-19,177.4339,185.2987
2020-11-20,178.2884,186.1943
2020-11-23,178.4556,186.3792
2020-11-24,179.9454,187.9385
2020-11-25,178.1610,186.0780
2020-11-26,179.3413,187.3141
2020-11-27,180.0727,188.0819
2020-12-01,181.8834,189.9865
2020-12-02,182.0749,190.1899
2020-12-03,182.6918,190.8378
2020-12-04,184.3123,192.5340
2020-12-07,185.6193,193.9099
2020-12-08,185.5770,193.8688
2020-12-09,186.7755,195.1248
2020-12-10,186.2341,194.5626
2020-12-11,186.5575,194.9038
2020-12-14,187.6043,196.0086
2020-12-15,187.4296,195.8292
2020-12-16,188.1938,196.6327
2020-12-17,188.2754,196.7224
2020-12-18,188.7876,197.2609
2020-12-21,183.1301,191.3600
2020-12-22,184.5590,192.8563
2020-12-23,186.7627,195.1627
2020-12-24,188.1510,196.6167
2020-12-28,189.7821,198.3357
2020-12-29,190.2328,198.8098
2020-12-30,190.3711,198.9587
2020-12-31,190.4474,199.0418
2021-01-01,191.3079,199.9448
2021-01-04,192.9713,201.6942
2021-01-05,194.1467,202.9262
2021-01-06,194.2515,203.0393
2021-01-07,195.6600,204.5154
2021-01-08,197.3267,206.2611
2021-01-11,198.2946,207.2844
2021-01-12,199.6348,208.6886
2021-01-13,200.0308,209.1070
2021-01-14,200.3375,209.4312
2021-01-15,198.8881,207.9198
2021-01-18,196.1524,205.0710
2021-01-19,198.7243,207.7638
2021-01-20,200.0458,209.1492
2021-01-21,198.5594,207.5987
2021-01-22,196.6417,205.5976
2021-01-25,195.9180,204.8520
2021-01-27,193.3635,202.1879
2021-01-28,192.7478,201.5481
2021-01-29,191.4142,200.1572
2021-02-01,198.2038,207.2684
2021-02-02,202.1214,211.3688
2021-02-03,203.7288,213.0535
2021-02-04,205.5837,214.9971
2021-02-05,205.4898,214.9027
2021-02-08,207.9262,217.4626
2021-02-09,207.6881,217.2171
2021-02-10,207.6822,217.2146
2021-02-11,207.9808,217.5311
2021-02-12,207.9863,217.5408
2021-02-15,210.3915,220.0685
2021-02-16,210.3539,220.0335
2021-02-17,210.6078,220.3031
2021-02-18,210.1262,219.8031
2021-02-19,207.5354,217.0972
2021-02-22,204.7839,214.2312
2021-02-23,205.9849,215.4909
2021-02-24,208.4827,218.1082
2021-02-25,209.6458,219.3291
2021-02-26,205.1362,214.6153
2021-03-01,207.3156,216.9073
2021-03-02,209.2654,218.9516
2021-03-03,212.1976,222.0238
2021-03-04,211.3186,221.1083
2021-03-05,208.7265,218.4004
2021-03-08,209.3613,219.0766
2021-03-09,209.4254,219.1474
2021-03-10,210.4824,220.2577
2021-03-12,209.4617,219.1977
2021-03-15,208.5411,218.2463
2021-03-16,208.3007,217.9989
2021-03-17,205.7495,215.3330
2021-03-18,204.3294,213.8508
2021-03-19,205.7542,215.3460
2021-03-22,205.7903,215.3957
2021-03-23,206.8561,216.5151
2021-03-24,203.7604,213.2789
2021-03-25,202.0922,211.5367
2021-03-26,203.9881,213.5253
2021-03-30,206.6110,216.2863
2021-03-31,205.9835,215.6336
2021-04-01,208.0791,217.8313
2021-04-05,205.8385,215.5007
2021-04-06,205.8527,215.5198
2021-04-07,207.7407,217.5005
2021-04-08,208.8293,218.6443
2021-04-09,208.8128,218.6312
2021-04-12,202.1381,211.6545
2021-04-13,204.4877,214.1183
2021-04-15,205.0219,214.6867
2021-04-16,206.2288,215.9536
2021-04-19,203.7711,213.3920
2021-04-20,203.7682,213.3928
2021-04-22,205.3638,215.0716
2021-04-23,204.7980,214.4830
2021-04-26,206.5714,216.3522
2021-04-27,208.5878,218.4676
2021-04-28,210.2507,220.2133
2021-04-29,210.3888,220.3622
2021-04-30,208.9968,218.9083
2021-05-03,209.4968,219.4435
2021-05-04,208.2674,218.1595
2021-05-05,210.1212,220.1054
2021-05-06,211.6749,221.7369
2021-05-07,212.8310,222.9520
2021-05-10,214.9422,225.1756
2021-05-11,214.8311,225.0632
2021-05-12,213.4914,223.6639
2021-05-14,212.4469,222.5776
2021-05-17,214.7901,225.0446
2021-05-18,216.7041,227.0541
2021-05-19,216.6318,226.9826
2021-05-20,215.9488,226.2713
2021-05-21,218.6955,229.1532
2021-05-24,219.5182,230.0274
2021-05-25,219.5090,230.0220
2021-05-26,220.2802,230.8344
2021-05-27,221.3166,231.9250
2021-05-28,221.2040,231.8107
2021-05-31,222.1357,232.7995
2021-06-01,221.5099,232.1478
2021-06-02,222.4035,233.0885
2021-06-03,223.4787,234.2198
2021-06-04,224.0148,234.7859
2021-06-07,225.3749,236.2238
2021-06-08,225.7779,236.6504
2021-06-09,224.3044,235.1104
2021-06-10,226.0947,236.9916
2021-06-11,226.2124,237.1193
2021-06-14,226.1754,237.0934
2021-06-15,226.8444,237.7991
2021-06-16,225.8174,236.7268
2021-06-17,224.9693,235.8424
2021-06-18,224.1478,234.9856
2021-06-21,224.8504,235.7346
2021-06-22,225.3124,236.2233
2021-06-23,224.3775,235.2478
2021-06-24,225.2663,236.1840
2021-06-25,226.9259,237.9282
2021-06-28,227.0726,238.0944
2021-06-29,226.6346,237.6395
2021-06-30,226.7767,237.7931
2021-07-01,226.7684,237.7888
2021-07-02,227.1491,238.1923
2021-07-05,228.5452,239.6689
2021-07-06,227.8544,238.9488
2021-07-07,228.7970,239.9417
2021-07-08,227.6196,238.7113
2021-07-09,227.9638,239.0768
2021-07-12,228.2963,239.4381
2021-07-13,229.8304,241.0514
2021-07-14,230.9226,242.2017
2021-07-15,232.1177,243.4596
2021-07-16,232.8620,244.2448
2021-07-19,231.6728,243.0102
2021-07-20,229.4090,240.6403
2021-07-22,231.6763,243.0271
2021-07-23,232.7443,244.1517
2021-07-26,232.4906,243.8977
2021-07-27,232.3854,243.7915
2021-07-28,232.3383,243.7466
2021-07-29,233.8933,245.3824
2021-07-30,233.6807,245.1634
2021-08-02,235.1092,246.6743
2021-08-03,237.1697,248.8402
2021-08-04,237.5965,249.2920
2021-08-05,237.4819,249.1760
2021-08-06,236.6736,248.3321
2021-08-09,236.2247,247.8734
2021-08-10,235.5001,247.1172
2021-08-11,235.2121,246.8193
2021-08-12,237.0763,248.7799
2021-08-13,238.3904,250.1630
2021-08-16,238.2067,249.9829
2021-08-17,238.3289,250.1153
2021-08-18,237.7278,249.4883
2021-08-20,234.7075,246.3270
2021-08-23,234.3998,246.0164
2021-08-24,236.1432,247.8507
2021-08-25,236.3388,248.0604
2021-08-26,235.8904,247.5940
2021-08-27,236.9808,248.7431
2021-08-30,239.7616,251.6744
2021-08-31,241.5675,253.5746
2021-09-01,241.5274,253.5370
2021-09-02,242.8772,254.9583
2021-09-03,243.6409,255.7643
2021-09-06,244.3015,256.4705
2021-09-07,243.8856,256.0383
2021-09-08,243.9370,256.0968
2021-09-09,244.6734,256.8740
2021-09-13,244.6363,256.8524
2021-09-14,245.2932,257.5466
2021-09-15,247.2629,259.6193
2021-09-16,248.4195,260.8385
2021-09-17,247.2483,259.6137
2021-09-20,244.4320,256.6696
2021-09-21,245.4274,257.7194
2021-09-22,246.4971,258.8475
2021-09-23,249.4025,261.9031
2021-09-24,249.7349,262.2567
2021-09-27,250.0914,262.6441
2021-09-28,248.3982,260.8704
2021-09-29,249.4234,261.9519
2021-09-30,249.0910,261.6074
2021-10-01,248.1513,260.6252
2021-10-04,249.8457,262.4178
2021-10-05,250.8398,263.4666
2021-10-06,248.9374,261.4731
2021-10-07,250.8304,263.4661
2021-10-08,251.2602,263.9221
2021-10-11,252.8138,265.5673
2021-10-12,253.7607,266.5664
2021-10-13,256.3316,269.2718
2021-10-14,258.2449,271.2865
2021-10-18,260.1090,273.2619
2021-10-19,257.8803,270.9251
2021-10-20,256.1807,269.1446
2021-10-21,256.4312,269.4119
2021-10-22,255.7250,268.6746
2021-10-25,255.9257,268.8987
2021-10-26,257.7055,270.7732
2021-10-27,257.5978,270.6645
2021-10-28,253.5371,266.4027
2021-10-29,252.1722,264.9731
2021-11-01,254.9160,267.8691
2021-11-02,255.3462,268.3258
2021-11-03,255.0846,268.0554
2021-11-08,258.1973,271.3480
2021-11-09,259.0863,272.2867
2021-11-10,258.8984,272.0937
2021-11-11,257.1542,270.2656
2021-11-12,259.0179,272.2291
2021-11-15,258.7355,271.9454
2021-11-16,257.8696,271.0397
2021-11-17,256.7724,269.8912
2021-11-18,254.6538,267.6693
2021-11-22,250.5553,263.3780
2021-11-23,252.2794,265.1950
2021-11-24,251.6235,264.5100
2021-11-25,252.2062,265.1270
2021-11-26,246.6506,259.2914
2021-11-29,245.1918,257.7703
2021-11-30,245.2247,257.8097
2021-12-01,246.7792,259.4486
2021-12-02,248.6542,261.4244
2021-12-03,247.4244,260.1359
2021-12-06,244.4485,257.0198
2021-12-07,247.2978,260.0201
2021-12-08,250.3092,263.1914
2021-12-09,251.2006,264.1338
2021-12-10,251.2791,264.2211
2021-12-13,250.7371,263.6646
2021-12-14,250.2402,263.1475
2021-12-15,249.0927,261.9463
2021-12-16,248.4127,261.2363
2021-12-17,245.0450,257.7002
2021-12-20,240.5065,252.9402
2021-12-21,242.1434,254.6666
2021-12-22,244.2047,256.8402
2021-12-23,245.9579,258.6904
2021-12-24,244.7576,257.4334
2021-12-27,245.4905,258.2175
2021-12-28,247.4362,260.2690
2021-12-29,247.0801,259.9002
2021-12-30,246.6699,259.4748
2021-12-31,248.4706,261.3749
2022-01-03,251.3234,264.3898
2022-01-04,252.6034,265.7415
2022-01-05,253.6362,266.8330
2022-01-06,252.7239,265.8780
2022-01-07,253.2186,266.4032
2022-01-10,256.0227,269.3663
2022-01-11,256.5614,269.9377
2022-01-12,258.5099,271.9925
2022-01-13,259.0629,272.5793
2022-01-14,258.8687,272.3796
2022-01-17,259.0985,272.6344
2022-01-18,256.3651,269.7624
2022-01-19,255.7605,269.1312
2022-01-20,254.2382,267.5340
2022-01-21,251.7714,264.9429
2022-01-24,246.5294,259.4393
2022-01-25,248.8273,261.8621
2022-01-27,247.8503,260.8428
2022-01-28,248.1570,261.1703
2022-01-31,250.9520,264.1246
2022-02-01,252.5389,265.7995
2022-02-02,254.9779,268.3708
2022-02-03,253.3489,266.6602
2022-02-04,252.2485,265.5058
2022-02-07,249.4496,262.5706
2022-02-08,249.0034,262.1047
2022-02-09,250.9167,264.1229
2022-02-10,252.4798,265.7723
2022-02-11,250.1188,263.2912
2022-02-14,243.5712,256.4096
2022-02-15,248.3463,261.4406
2022-02-16,248.1064,261.1919
2022-02-17,247.2956,260.3429
2022-02-18,246.6711,259.6897
2022-02-21,245.5836,258.5557
2022-02-22,243.5815,256.4518
2022-02-23,243.8448,256.7332
2022-02-24,234.8316,247.2473
2022-02-25,239.5485,252.2176
2022-02-28,240.5460,253.2786
2022-03-02,238.3282,250.9510
2022-03-03,237.8217,250.4216
2022-03-04,235.4786,247.9584
2022-03-07,231.5624,243.8453
2022-03-08,233.0614,245.4276
2022-03-09,236.1559,248.6903
2022-03-10,238.4924,251.1549
2022-03-11,239.2277,251.9329
2022-03-14,241.2831,254.1086
2022-03-15,239.6981,252.4433
2022-03-16,242.8634,255.7806
2022-03-17,245.2388,258.2865
2022-03-21,243.9935,256.9897
2022-03-22,245.5265,258.6083
2022-03-23,244.9542,258.0097
2022-03-24,244.7012,257.7472
2022-03-25,243.8742,256.8799
2022-03-28,244.8137,257.8804
2022-03-29,245.6389,258.7535
2022-03-30,246.6912,259.8662
2022-03-31,246.9586,260.1517
2022-04-01,249.7553,263.1014
2022-04-04,253.7117,267.2805
2022-04-05,253.5552,267.1194
2022-04-06,252.7106,266.2335
2022-04-07,251.5493,265.0142
2022-04-08,252.9736,266.5187
2022-04-11,251.8458,265.3418
2022-04-12,250.0520,263.4802
2022-04-13,250.0169,263.4472
2022-04-18,247.4813,260.7938
2022-04-19,244.8602,258.0354
2022-04-20,245.8964,259.1318
2022-04-21,247.6142,260.9460
2022-04-22,245.4098,258.6273
2022-04-25,243.1944,256.3036
2022-04-26,245.9864,259.2500
2022-04-27,244.3259,257.5041
2022-04-28,246.0121,259.2853
2022-04-29,244.1804,257.3587
2022-05-02,244.1443,257.3315
2022-05-04,239.6693,252.6220
2022-05-05,240.2415,253.2289
2022-05-06,238.4739,251.3695
2022-05-09,237.8491,250.7214
2022-05-10,236.7966,249.6160
2022-05-11,235.8625,248.6356
2022-05-12,232.7342,245.3422
2022-05-13,232.1839,244.7658
2022-05-16,233.2967,245.9494
2022-05-17,237.3996,250.2785
2022-05-18,236.6379,249.4790
2022-05-19,232.5723,245.1970
2022-05-20,237.0259,249.8964
2022-05-23,236.3563,249.2010
2022-05-24,235.6518,248.4623
2022-05-25,234.1214,246.8526
2022-05-26,236.2896,249.1424
2022-05-27,237.6706,250.6025
2022-05-30,240.6124,253.7155
2022-05-31,240.6444,253.7531
2022-06-01,240.7160,253.8324
2022-06-02,240.8241,253.9501
2022-06-03,239.6539,252.7197
2022-06-06,239.6446,252.7204
2022-06-07,238.4060,251.4180
2022-06-08,238.1567,251.1588
2022-06-09,239.2107,252.2744
2022-06-10,237.2294,250.1888
2022-06-13,232.4338,245.1418
2022-06-14,232.3134,245.0188
2022-06-15,232.4976,245.2170
2022-06-16,228.5265,241.0323
2022-06-17,227.7512,240.2190
2022-06-20,227.2451,239.6975
2022-06-21,230.8594,243.5140
2022-06-22,228.8837,241.4347
2022-06-23,230.8153,243.4770
2022-06-24,232.2739,245.0203
2022-06-27,234.3295,247.2013
2022-06-28,234.7098,247.6070
2022-06-29,234.0391,246.9044
2022-06-30,233.8773,246.7386
2022-07-01,234.7510,247.6652
2022-07-04,236.3055,249.3181
2022-07-05,235.8731,248.8663
2022-07-06,237.9374,251.0490
2022-07-07,240.2632,253.5076
2022-07-08,241.4511,254.7657
2022-07-11,242.0001,255.3579
2022-07-12,240.4999,253.7795
2022-07-13,239.8099,253.0552
2022-07-14,239.3285,252.5521
2022-07-15,240.4266,253.7152
2022-07-18,242.8686,256.3050
2022-07-19,243.7540,257.2441
2022-07-20,244.8135,258.3671
2022-07-21,246.3033,259.9439
2022-07-22,247.1421,260.8336
2022-07-25,246.9755,260.6708
2022-07-26,244.9774,258.5665
2022-07-27,246.6193,260.3042
2022-07-28,248.0574,261.8268
2022-07-29,249.2811,263.1230
2022-08-01,251.5566,265.5380
2022-08-02,251.5043,265.4875
2022-08-03,251.5001,265.4875
2022-08-04,251.8005,265.8092
2022-08-05,251.6470,265.6516
2022-08-08,252.9355,267.0249
2022-08-10,253.0341,267.1381
2022-08-11,254.5907,268.7860
2022-08-12,255.4865,269.7366
2022-08-16,257.0078,271.3607
2022-08-17,258.2323,272.6584
2022-08-18,258.3604,272.7981
2022-08-19,256.6506,270.9976
2022-08-22,253.9160,268.1235
2022-08-23,255.0674,269.3442
2022-08-24,255.7629,270.0832
2022-08-25,255.2047,269.4986
2022-08-26,255.7039,270.0303
2022-08-29,253.2165,267.4171
2022-08-30,257.4659,271.9093
2022-09-01,256.4355,270.8302
2022-09-02,256.6399,271.0507
2022-09-05,257.9147,272.4107
2022-09-06,257.9966,272.5021
2022-09-07,257.8375,272.3388
2022-09-08,259.9879,274.6153
2022-09-09,260.3324,274.9841
2022-09-12,261.6207,276.3588
2022-09-13,262.7678,277.5753
2022-09-14,262.5657,277.3666
2022-09-15,261.6145,276.3666
2022-09-16,257.6949,272.2305
2022-09-19,258.2722,272.8542
2022-09-20,260.3056,275.0075
2022-09-21,259.1864,273.8301
2022-09-22,257.8077,272.3784
2022-09-23,253.7950,268.1435
2022-09-26,250.1282,264.2827
2022-09-27,249.9627,264.1123
2022-09-28,248.4053,262.4719
2022-09-29,248.8701,262.9678
2022-09-30,251.7667,266.0331
2022-10-03,250.0752,264.2588
2022-10-04,254.1429,268.5620
2022-10-06,255.4264,269.9275
2022-10-07,254.8491,269.3220
2022-10-10,253.9223,268.3558
2022-10-11,251.1168,265.3954
2022-10-12,252.4883,266.8495
2022-10-13,251.0620,265.3468
2022-10-14,252.6467,267.0260
2022-10-17,253.6354,268.0841
2022-10-18,255.6851,270.2552
2022-10-19,255.5316,270.0982
2022-10-20,255.7836,270.3691
2022-10-21,256.3060,270.9259
2022-10-25,258.5348,273.2998
2022-10-27,260.0233,274.8827
2022-10-28,259.1857,274.0024
2022-10-31,261.2022,276.1483
2022-11-01,262.2918,277.3050
2022-11-02,261.9687,276.9682
2022-11-03,261.6495,276.6353
2022-11-04,261.6401,276.6299
2022-11-07,263.2019,278.2948
2022-11-09,262.5906,277.6577
2022-11-10,260.9282,275.9050
2022-11-11,263.9205,279.0740
2022-11-14,263.8838,279.0492
2022-11-15,264.6682,279.8837
2022-11-16,264.2681,279.4654
2022-11-17,263.5572,278.7185
2022-11-18,262.8546,277.9805
2022-11-21,261.7772,276.8549
2022-11-22,262.3379,277.4525
2022-11-23,262.8570,278.0065
2022-11-24,264.8365,280.1050
2022-11-25,265.6471,280.9669
2022-11-28,266.2538,281.6225
2022-11-29,266.5160,281.9051
2022-11-30,267.9681,283.4462
2022-12-01,268.7672,284.2964
2022-12-02,268.2291,283.7320
2022-12-05,268.4750,284.0061
2022-12-06,267.3598,282.8313
2022-12-07,266.8678,282.3160
2022-12-08,267.9239,283.4363
2022-12-09,266.5239,281.9603
2022-12-12,266.6535,282.1120
2022-12-13,267.5760,283.0931
2022-12-14,268.6204,284.2035
2022-12-15,266.3894,281.8482
2022-12-16,264.4863,279.8396
2022-12-19,265.4241,280.8465
2022-12-20,264.9701,280.3711
2022-12-21,262.8066,278.0869
2022-12-22,261.6619,276.8810
2022-12-23,257.7742,272.7721
2022-12-26,260.8956,276.0892
2022-12-27,262.3673,277.6516
2022-12-28,262.1189,277.3942
2022-12-29,263.0601,278.3954
2022-12-30,262.4953,277.8028
2023-01-02,263.8041,279.2023
2023-01-03,264.2491,279.6780
2023-01-04,262.0738,277.3806
2023-01-05,262.6148,277.9581
2023-01-06,261.3743,276.6501
2023-01-09,263.6035,279.0239
2023-01-10,262.3871,277.7416
2023-01-11,262.7555,278.1370
2023-01-12,262.6877,278.0706
2023-01-13,263.4096,278.8399
2023-01-16,263.0392,278.4621
2023-01-17,264.0407,279.5274
2023-01-18,265.2682,280.8323
2023-01-19,264.9879,280.5410
2023-01-20,264.2738,279.7902
2023-01-23,265.4513,281.0512
2023-01-24,265.3718,280.9724
2023-01-25,262.7392,278.1900
2023-01-27,260.0420,275.3436
2023-01-30,259.5222,274.8077
2023-01-31,261.1121,276.4966
2023-02-01,260.7948,276.1659
2023-02-02,261.6861,277.1148
2023-02-03,263.3561,278.8881
2023-02-06,263.1268,278.6597
2023-02-07,262.6241,278.1322
2023-02-08,263.6562,279.2288
2023-02-09,263.6632,279.2411
2023-02-10,263.8171,279.4091
2023-02-13,262.7833,278.3285
2023-02-14,263.7404,279.3477
2023-02-15,264.3395,279.9874
2023-02-16,264.5516,280.2171
2023-02-17,263.3092,278.9066
2023-02-20,262.7867,278.3676
2023-02-21,262.2650,277.8202
2023-02-22,260.0849,275.5160
2023-02-23,259.8996,275.3250
2023-02-24,258.8922,274.2626
2023-02-27,257.5527,272.8578
2023-02-28,257.1830,272.4710
2023-03-01,258.8074,274.1973
2023-03-02,257.6701,272.9970
2023-03-03,259.9820,275.4517
2023-03-06,261.0743,276.6228
2023-03-08,261.6798,277.2736
2023-03-09,260.3811,275.9021
2023-03-10,258.7769,274.2067
2023-03-13,255.6866,270.9456
2023-03-14,254.8271,270.0392
2023-03-15,254.2816,269.4656
2023-03-16,254.1528,269.3336
2023-03-17,255.4840,270.7487
2023-03-20,254.2111,269.4133
2023-03-21,255.2975,270.5691
2023-03-22,255.9255,271.2391
2023-03-23,255.2980,270.5785
2023-03-24,253.8135,269.0097
2023-03-27,253.5364,268.7293
2023-03-28,252.9389,268.1005
2023-03-29,254.8257,270.1048
2023-03-31,257.4252,272.8692
2023-04-03,258.2714,273.7799
2023-04-05,259.9548,275.5736
2023-04-06,260.7172,276.3863
2023-04-10,261.5279,277.2644
2023-04-11,262.0690,277.8426
2023-04-12,263.0475,278.8847
2023-04-13,263.1312,278.9781
2023-04-17,262.0231,277.8219
2023-04-18,262.4268,278.2545
2023-04-19,262.3931,278.2235
2023-04-20,262.7335,278.5891
2023-04-21,262.2985,278.1324
2023-04-24,263.5985,279.5249
2023-04-25,264.1140,280.0763
2023-04-26,265.2667,281.3033
2023-04-27,266.5157,282.6326
2023-04-28,268.0005,284.2119
2023-05-02,269.0152,285.3071
2023-05-03,268.8779,285.1661
2023-05-04,270.0367,286.4000
2023-05-05,267.7824,284.0138
2023-05-08,270.1614,286.5513
2023-05-09,270.2124,286.6102
2023-05-10,270.7819,287.2192
2023-05-11,270.2983,286.7109
2023-05-12,270.4559,286.8829
2023-05-15,271.9926,288.5274
2023-05-16,271.6456,288.1642
2023-05-17,271.1586,287.6523
2023-05-18,270.4194,286.8729
2023-05-19,270.5964,287.0655
2023-05-22,271.1612,287.6792
2023-05-23,271.6851,288.2399
2023-05-24,271.1968,287.7268
2023-05-25,271.3877,287.9342
2023-05-26,273.1391,289.7973
2023-05-29,274.1604,290.8957
2023-05-30,274.9084,291.6943
2023-05-31,274.6295,291.4033
2023-06-01,274.6399,291.4193
2023-06-02,275.7089,292.5586
2023-06-05,276.8299,293.7631
2023-06-06,276.9977,293.9461
2023-06-07,278.4226,295.4632
2023-06-08,277.5278,294.5187
2023-06-09,276.8264,293.7794
2023-06-12,277.8117,294.8400
2023-06-13,279.0942,296.2061
2023-06-14,278.9861,296.0964
2023-06-15,278.3631,295.4402
2023-06-16,279.9910,297.1731
2023-06-19,279.7077,296.8875
2023-06-20,280.8592,298.1148
2023-06-21,281.3146,298.6032
2023-06-22,280.6338,297.8856
2023-06-23,279.3471,296.5249
2023-06-26,280.2217,297.4685
2023-06-27,281.5147,298.8461
2023-06-28,283.0586,300.4901
2023-06-30,285.9053,303.5224
2023-07-03,286.7392,304.4233
2023-07-04,287.0147,304.7209
2023-07-05,287.8467,305.6094
2023-07-06,289.2998,307.1574
2023-07-07,287.9044,305.6811
2023-07-10,287.7128,305.4932
2023-07-11,288.8011,306.6540
2023-07-12,288.5225,306.3633
2023-07-13,288.8647,306.7319
2023-07-14,290.9923,308.9964
2023-07-17,292.3383,310.4415
2023-07-18,292.8108,310.9486
2023-07-19,293.6049,311.7971
2023-07-20,295.0263,313.3120
2023-07-21,293.3147,311.4995
2023-07-24,293.1110,311.2991
2023-07-25,293.4253,311.6382
2023-07-26,295.1663,313.4925
2023-07-27,294.8447,313.1563
2023-07-28,294.7826,313.0957
2023-07-31,296.6289,315.0727
2023-08-01,296.5931,315.0400
2023-08-02,293.7346,312.0091
2023-08-03,292.5681,310.7753
2023-08-04,294.0354,312.3392
2023-08-07,295.1274,313.5152
2023-08-08,296.0570,314.5080
2023-08-09,297.1806,315.7070
2023-08-10,296.4756,314.9634
2023-08-11,294.8666,313.2594
2023-08-14,294.7716,313.1745
2023-08-16,294.9701,313.3959
2023-08-17,294.1480,312.5278
2023-08-18,293.6667,312.0218
2023-08-21,295.0012,313.4556
2023-08-22,295.4948,313.9855
2023-08-23,296.4918,315.0502
2023-08-24,296.4004,314.9584
2023-08-25,294.6968,313.1535
2023-08-28,295.9092,314.4581
2023-08-29,296.8007,315.4110
2023-08-30,297.1602,315.7985
2023-08-31,296.9355,315.5651
2023-09-01,298.9007,317.6591
2023-09-04,299.9304,318.7699
2023-09-05,300.7841,319.6827
2023-09-06,300.8616,319.7706
2023-09-07,302.2307,321.2313
2023-09-08,303.3071,322.3810
2023-09-11,305.2265,324.4379
2023-09-12,303.4606,322.5664
2023-09-13,304.2958,323.4598
2023-09-14,305.9927,325.2691
2023-09-15,306.9066,326.2463
2023-09-18,305.9693,325.2668
2023-09-20,304.1504,323.3443
2023-09-21,301.7071,320.7524
2023-09-22,301.0164,320.0236
2023-09-25,300.6822,319.6848
2023-09-26,300.3054,319.2897
2023-09-27,301.1989,320.2452
2023-09-29,301.5797,320.6612
2023-10-03,301.0564,320.1269
2023-10-04,299.3261,318.2924
2023-10-05,300.7738,319.8374
2023-10-06,301.6209,320.7437
2023-10-09,299.2570,318.2464
2023-10-10,301.7594,320.9131
2023-10-11,303.4208,322.6855
2023-10-12,304.1625,323.4799
2023-10-13,303.8016,323.1017
2023-10-16,303.9364,323.2618
2023-10-17,304.7336,324.1152
2023-10-18,303.3071,322.6036
2023-10-19,302.7916,322.0609
2023-10-20,301.0743,320.2399
2023-10-23,297.1746,316.1082
2023-10-25,295.9845,314.8532
2023-10-26,293.6002,312.3223
2023-10-27,296.2668,315.1644
2023-10-30,296.9823,315.9418
2023-10-31,296.2078,315.1234
2023-11-01,295.6855,314.5731
2023-11-02,297.7557,316.7810
2023-11-03,299.3505,318.4832
2023-11-06,301.4774,320.7627
2023-11-07,301.9855,321.3089
2023-11-08,302.5471,321.9120
2023-11-09,302.7301,322.1122
2023-11-10,302.7241,322.1114
2023-11-13,303.6546,323.1182
2023-11-15,306.2506,325.8919
2023-11-16,307.3398,327.0566
2023-11-17,307.1474,326.8574
2023-11-20,306.6072,326.2995
2023-11-21,307.3655,327.1121
2023-11-22,307.4959,327.2565
2023-11-23,307.8811,327.6722
2023-11-24,307.8516,327.6464
2023-11-28,308.6338,328.5016
2023-11-29,311.3478,331.3961
2023-11-30,312.1704,332.2774
2023-12-01,313.4835,333.6808
2023-12-04,318.0301,338.5378
2023-12-05,318.6274,339.1795
2023-12-06,319.6087,340.2299
2023-12-07,319.4864,340.1056
2023-12-08,319.8492,340.4977
2023-12-11,320.3024,340.9978
2023-12-12,319.0586,339.6796
2023-12-13,320.2566,340.9609
2023-12-14,323.5210,344.4423
2023-12-15,325.6253,346.6887
2023-12-18,325.3195,346.3810
2023-12-19,325.3921,346.4643
2023-12-20,320.9028,341.6902
2023-12-21,322.4290,343.3212
2023-12-22,324.1524,345.1622
2023-12-26,325.1151,346.2112
2023-12-27,327.2826,348.5253
2023-12-28,328.6683,350.0069
2023-12-29,329.3051,350.6912
2024-01-01,329.9703,351.4178
2024-01-02,329.1339,350.5330
2024-01-03,328.6004,349.9709
2024-01-04,330.2791,351.7649
2024-01-05,331.2265,352.7800
2024-01-08,328.7973,350.2108
2024-01-09,329.7290,351.2092
2024-01-10,330.3158,351.8404
2024-01-11,331.1322,352.7161
2024-01-12,333.4491,355.1901
2024-01-15,335.8894,357.8081
2024-01-16,335.0813,356.9534
2024-01-17,330.4203,351.9942
2024-01-18,331.0811,352.7043
2024-01-19,332.7400,354.4776
2024-01-23,327.2480,348.6509
2024-01-24,330.3225,351.9325
2024-01-25,329.5718,351.1388
2024-01-29,333.0215,354.8387
2024-01-30,331.5313,353.2571
2024-01-31,334.0207,355.9157
2024-02-01,334.0508,355.9539
2024-02-02,335.6671,357.6824
2024-02-05,335.5043,357.5274
2024-02-06,338.1507,360.3538
2024-02-07,337.8803,360.0718
2024-02-08,336.1604,358.2451
2024-02-09,335.5465,357.5970
2024-02-12,332.3439,354.2024
2024-02-13,333.1771,355.0965
2024-02-14,334.5223,356.5363
2024-02-15,336.7229,358.8879
2024-02-16,339.0733,361.3993
2024-02-19,340.3000,362.7256
2024-02-20,340.6883,363.1457
2024-02-21,339.5060,361.8917
2024-02-22,341.1421,363.6419
2024-02-23,341.2199,363.7312
2024-02-26,341.0467,363.5654
2024-02-27,341.2149,363.7510
2024-02-28,338.4069,360.7637
2024-02-29,339.2254,361.6363
2024-03-01,342.6550,365.2988
2024-03-04,343.6283,366.3553
2024-03-05,343.9578,366.7130
2024-03-06,344.0500,366.8176
2024-03-07,344.4067,367.2042
2024-03-11,342.3861,365.0751
2024-03-12,341.7381,364.3904
2024-03-13,336.3070,358.6055
2024-03-14,339.3336,361.8391
2024-03-15,337.7361,360.1418
2024-03-18,338.1419,360.5932
2024-03-19,335.8012,358.1033
2024-03-20,335.4798,357.7667
2024-03-21,338.2109,360.6854
2024-03-22,339.1885,361.7343
2024-03-26,340.1588,362.7941
2024-03-27,341.8357,364.5888
2024-03-28,343.5358,366.4084
2024-03-31,343.5320,366.4233
2024-04-01,345.6306,368.6681
2024-04-02,346.3085,369.3976
2024-04-03,346.7912,369.9189
2024-04-04,347.3737,370.5465
2024-04-05,348.0196,371.2419
2024-04-08,349.5982,372.9451
2024-04-09,349.8002,373.1670
2024-04-10,351.0283,374.4835
2024-04-12,348.5180,371.8182
2024-04-15,346.1681,369.3303
2024-04-16,345.5984,368.7288
2024-04-18,344.7845,367.8730
2024-04-19,345.6653,368.8192
2024-04-22,347.7959,371.1117
2024-04-23,348.6729,372.0539
2024-04-24,349.6758,373.1305
2024-04-25,352.0576,375.6784
2024-04-26,352.0834,375.7123
2024-04-29,353.9090,377.6799
2024-04-30,354.1710,377.9659
2024-05-02,355.1930,379.0695
2024-05-03,353.7384,377.5235
2024-05-06,353.1289,376.8923
2024-05-07,349.6436,373.1790
2024-05-08,350.6068,374.2133
2024-05-09,346.3828,369.7113
2024-05-10,347.8168,371.2483
2024-05-13,348.3233,371.8080
2024-05-14,350.4477,374.0820
2024-05-15,351.2935,374.9913
2024-05-16,353.3986,377.2448
2024-05-17,355.8478,379.8658
2024-05-21,356.6719,380.7715
2024-05-22,357.1256,381.2623
2024-05-23,360.2964,384.6539
2024-05-24,360.1672,384.5225
2024-05-27,359.7686,384.1166
2024-05-28,358.8465,383.1387
2024-05-29,357.7799,382.0065
2024-05-30,356.3225,380.4570
2024-05-31,357.8478,382.0923
2024-06-03,365.5304,390.3156
2024-06-04,349.5678,373.2771
2024-06-05,358.7905,383.1318
2024-06-06,362.1928,386.7717
2024-06-07,367.1159,392.0356
2024-06-10,368.0087,393.0093
2024-06-11,368.3221,393.3508
2024-06-12,369.5667,394.6868
2024-06-13,370.9799,396.2029
2024-06-14,372.2829,397.6014
2024-06-18,374.2458,399.7254
2024-06-19,373.9665,399.4340
2024-06-20,375.6796,401.2707
2024-06-21,375.5502,401.1393
2024-06-24,376.2771,401.9365
2024-06-25,378.2836,404.0869
2024-06-26,379.5474,405.4439
2024-06-27,379.9566,405.8880
2024-06-28,380.0419,405.9862
2024-07-01,382.7175,408.8656
2024-07-02,382.2660,408.3902
2024-07-03,384.5664,410.8550
2024-07-04,385.1987,411.5375
2024-07-05,386.2898,412.7102
2024-07-08,386.7803,413.2553
2024-07-09,388.4784,415.0767
2024-07-10,387.2616,413.7836
2024-07-11,387.7280,414.2890
2024-07-12,389.6305,416.3289
2024-07-15,391.3136,418.1486
2024-07-16,392.3161,419.2270
2024-07-18,392.9665,419.9363
2024-07-19,388.9387,415.6392
2024-07-22,389.0304,415.7583
2024-07-23,388.6230,415.3299
2024-07-24,389.9685,416.7750
2024-07-25,390.0074,416.8236
2024-07-26,394.3654,421.4884
2024-07-29,394.4972,421.6508
2024-07-30,394.8966,422.0849
2024-07-31,396.0318,423.3055
2024-08-01,395.6104,422.8622
2024-08-02,392.6890,419.7467
2024-08-05,384.8651,411.4046
2024-08-06,384.0022,410.4892
2024-08-07,388.7108,415.5296
2024-08-08,387.2219,413.9451
2024-08-09,389.3100,416.1844
2024-08-12,390.4389,417.4124
2024-08-13,388.1218,414.9424
2024-08-14,388.3353,415.1776
2024-08-16,392.9003,420.0725
2024-08-19,394.2628,421.5506
2024-08-20,395.9581,423.3704
2024-08-21,397.2083,424.7144
2024-08-22,398.6622,426.2763
2024-08-23,398.4330,426.0384
2024-08-26,400.1473,427.8933
2024-08-27,401.3668,429.2046
2024-08-28,401.9359,429.8205
2024-08-29,401.6356,429.5067
2024-08-30,404.2887,432.3512
2024-09-02,404.0028,432.0675
2024-09-03,405.0168,433.1593
2024-09-04,404.1187,432.2062
2024-09-05,406.5927,434.8596
2024-09-06,402.8889,430.9057
2024-09-09,402.8865,430.9255
2024-09-10,404.5679,432.7313
2024-09-11,403.1222,431.1924
2024-09-12,407.1804,435.5408
2024-09-13,407.4095,435.7934
2024-09-16,407.6706,436.0953
2024-09-17,408.2751,436.7494
2024-09-18,406.7463,435.1215
2024-09-19,406.2885,434.6393
2024-09-20,410.3576,438.9998
2024-09-23,412.1064,440.8936
2024-09-24,412.6477,441.4803
2024-09-25,412.9805,441.8440
2024-09-26,414.6747,443.6643
2024-09-27,414.2798,443.2494
2024-09-30,411.1305,439.9027
2024-10-01,411.6390,440.4543
2024-10-03,405.5341,433.9371
2024-10-04,402.7654,430.9819
2024-10-07,399.0048,426.9800
2024-10-08,402.3600,430.5778
2024-10-09,403.4124,431.7115
2024-10-10,403.2681,431.5645
2024-10-11,403.1041,431.3965
2024-10-14,405.4529,433.9326
2024-10-15,405.9059,434.4248
2024-10-16,405.6463,434.1545
2024-10-17,401.9130,430.1663
2024-10-18,402.9156,431.2469
2024-10-21,400.9480,429.1630
2024-10-22,396.0464,423.9239
2024-10-23,396.5239,424.4424
2024-10-24,396.2332,424.1385
2024-10-25,392.1692,419.7955
2024-10-28,393.8530,421.6198
2024-10-29,395.6439,423.5442
2024-10-30,396.1873,424.1332
2024-10-31,395.3431,423.2369
2024-11-04,392.7874,420.5298
2024-11-05,395.0123,422.9192
2024-11-06,398.4312,426.5871
2024-11-07,395.9176,423.9033
2024-11-08,394.1978,422.0693
2024-11-11,393.9647,421.8419
2024-11-12,391.3488,419.0483
2024-11-13,386.5200,413.8850
2024-11-14,386.6669,414.0495
2024-11-18,385.4531,412.7788
2024-11-19,386.8270,414.2573
2024-11-21,385.4309,412.7767
2024-11-22,390.4082,418.1145
2024-11-25,394.6519,422.6816
2024-11-26,395.2898,423.3722
2024-11-27,396.2216,424.3776
2024-11-28,393.5273,421.4992
2024-11-29,395.8241,423.9667
2024-12-02,397.9983,426.3179
2024-12-03,400.4791,428.9827
2024-12-04,401.4793,430.0617
2024-12-05,403.1474,431.8562
2024-12-06,403.7082,432.4647
2024-12-09,404.5714,433.4126
2024-12-10,405.5126,434.4286
2024-12-11,405.8843,434.8345
2024-12-12,404.6928,433.5657
2024-12-13,405.7698,434.7273
2024-12-16,406.0152,435.0134
2024-12-17,402.3276,431.0702
2024-12-18,400.3100,428.9160
2024-12-19,398.1772,426.6384
2024-12-20,393.4079,421.5358
2024-12-23,394.5376,422.7688
2024-12-24,394.8229,423.0821
2024-12-26,394.7096,422.9757
2024-12-27,395.8812,424.2388
2024-12-30,394.0024,422.2480
2024-12-31,394.1496,422.4133
2025-01-01,395.2897,423.6427
2025-01-02,399.4869,428.1485
2025-01-03,397.4682,425.9925
2025-01-06,391.8378,419.9805
2025-01-07,393.8854,422.1827
2025-01-08,392.6211,420.8351
2025-01-09,390.2177,418.2664
2025-01-10,387.0220,414.8484
2025-01-13,380.4170,407.7903
2025-01-14,382.8370,410.3917
2025-01-15,383.3903,410.9922
2025-01-16,385.4922,413.2528
2025-01-17,384.0867,411.7534
2025-01-20,386.0596,413.8905
2025-01-21,382.3281,409.8973
2025-01-22,382.4672,410.0537
2025-01-23,384.3944,412.1273
2025-01-24,381.8200,409.3744
2025-01-27,376.7180,403.9258
2025-01-28,377.3540,404.6150
2025-01-29,381.0139,408.5466
2025-01-30,381.1587,408.7091
2025-01-31,384.4744,412.2717
2025-02-03,383.0627,410.7799
2025-02-04,386.6583,414.6431
2025-02-05,387.9258,416.0097
2025-02-06,386.7110,414.7144
2025-02-07,386.5147,414.5113
2025-02-10,382.9695,410.7312
2025-02-11,377.6197,405.0008
2025-02-12,378.2612,405.6960
2025-02-13,377.9606,405.3809
2025-02-14,374.7848,401.9818
2025-02-17,375.2116,402.4612
2025-02-18,375.2101,402.4667
2025-02-19,375.6750,402.9726
2025-02-20,376.3177,403.6691
2025-02-21,374.1535,401.3548
2025-02-24,370.9525,397.9423
2025-02-25,370.0672,396.9996
2025-02-27,369.2021,396.0857
2025-02-28,364.1961,390.7221
2025-03-03,363.8961,390.4212
2025-03-04,364.0875,390.6334
2025-03-05,368.4633,395.3355
2025-03-06,370.9778,398.0408
2025-03-07,370.4383,397.4693
2025-03-10,368.1874,395.0758
2025-03-11,368.0817,394.9696
2025-03-12,367.5789,394.4373
2025-03-13,366.2732,393.0434
2025-03-17,367.5490,394.4415
2025-03-18,372.6510,399.9241
2025-03-19,375.2044,402.6717
2025-03-20,378.3896,406.0977
2025-03-21,380.6154,408.4939
2025-03-24,383.2404,411.3338
2025-03-25,381.7945,409.7894
2025-03-26,379.9859,407.8557
2025-03-27,381.3473,409.3245
2025-03-28,380.3852,408.2993
2025-03-31,380.3749,408.3107
2025-04-01,378.0063,405.7756
2025-04-02,381.1898,409.2005
2025-04-03,380.6881,408.6695
2025-04-04,375.5441,403.1547
2025-04-07,366.7279,393.7120
2025-04-08,371.1466,398.4632
2025-04-09,369.5560,396.7628
2025-04-11,374.3515,401.9309
2025-04-15,380.7265,408.8056
2025-04-16,383.1708,411.4377
2025-04-17,386.5108,415.0316
2025-04-21,390.9939,419.8765
2025-04-22,392.3447,421.3347
2025-04-23,394.0215,423.1432
2025-04-24,393.6760,422.7799
2025-04-25,388.9426,417.7043
2025-04-28,391.4067,420.3738
2025-04-29,391.1166,420.0699
2025-04-30,391.3483,420.3264
2025-05-02,390.3463,419.2656
2025-05-05,392.8394,421.9667
2025-05-06,389.8206,418.7317
2025-05-07,392.1455,421.2368
2025-05-08,389.0890,417.9612
2025-05-09,386.6111,415.3071
2025-05-12,396.8910,426.3735
2025-05-13,395.1190,424.4777
2025-05-14,397.4919,427.0347
2025-05-15,400.3617,430.1257
2025-05-16,401.2492,431.0871
2025-05-19,401.9275,431.8395
2025-05-20,398.7467,428.4299
2025-05-21,400.7254,430.5635
2025-05-22,398.7355,428.4329
2025-05-23,400.8103,430.6697
2025-05-26,402.1554,432.1378
2025-05-27,401.0159,430.9209
2025-05-28,400.3627,430.2266
2025-05-29,400.9751,430.8922
2025-05-30,399.2658,429.0629
2025-06-02,399.4301,429.2620
2025-06-03,398.6242,428.4034
2025-06-04,399.5962,429.4556
2025-06-05,400.9821,430.9526
2025-06-06,403.1209,433.2589
2025-06-09,405.0100,435.3121
2025-06-10,404.4061,434.6706
2025-06-11,405.2996,435.6386
2025-06-12,402.4165,432.5473
2025-06-13,400.3469,430.3303
2025-06-16,403.0168,433.2230
2025-06-17,401.9190,432.0505
2025-06-18,401.3681,431.4658
2025-06-19,399.8619,429.8542
2025-06-20,402.7704,432.9885
2025-06-23,401.9257,432.1031
2025-06-24,403.3486,433.6405
2025-06-25,405.8769,436.3663
2025-06-26,408.2454,438.9204
2025-06-27,409.3610,440.1275
2025-06-30,409.8295,440.6544
2025-07-01,409.7742,440.6027
2025-07-02,408.6718,439.4250
2025-07-03,408.9841,439.7685
2025-07-04,410.6790,441.5988
2025-07-07,409.8283,440.7072
2025-07-08,410.2139,441.1297
2025-07-09,409.9216,440.8230
2025-07-10,408.7024,439.5196
2025-07-11,407.3422,438.0646
2025-07-14,407.5424,438.3028
2025-07-15,409.2665,440.1649
2025-07-16,409.6920,440.6302
2025-07-17,408.7015,439.5726
2025-07-18,407.7787,438.5878
2025-07-21,408.8747,439.7897
2025-07-22,407.7119,438.5467
2025-07-23,408.9079,439.8409
2025-07-24,407.5873,438.4280
2025-07-25,404.1114,434.6967
2025-07-28,402.1906,432.6533
2025-07-29,403.9643,434.5690
2025-07-30,403.6240,434.2105
2025-07-31,402.3404,432.8373
2025-08-01,399.1293,429.3903
2025-08-04,400.7392,431.1449
2025-08-05,399.8647,430.2116
2025-08-06,398.1387,428.3621
2025-08-07,398.2636,428.5038
2025-08-08,395.8327,425.8955
2025-08-11,397.5883,427.8063
2025-08-12,396.9998,427.1803
2025-08-13,397.6086,427.8427
2025-08-14,398.1611,428.4444
2025-08-18,400.7105,431.2170
2025-08-19,402.0212,432.6349
2025-08-20,403.2396,433.9534
2025-08-21,403.4661,434.2046
2025-08-22,401.5938,432.1970
2025-08-25,402.5316,433.2283
2025-08-26,398.7065,429.1188
2025-08-28,395.7610,425.9630
2025-08-29,394.4207,424.5277
2025-09-01,396.8272,427.1397
2025-09-02,396.3720,426.6569
2025-09-03,398.1907,428.6219
2025-09-04,397.9802,428.4026
2025-09-05,398.5508,429.0241
2025-09-08,398.8738,429.3937
2025-09-09,400.4752,431.1249
2025-09-10,402.2440,433.0364
2025-09-11,402.5681,433.3928
2025-09-12,403.4171,434.3141
2025-09-15,403.3513,434.2654
2025-09-16,405.4234,436.5038
2025-09-17,406.4812,437.6501
2025-09-18,407.3713,438.6158
2025-09-19,406.2457,437.4113
2025-09-22,404.4792,435.5316
2025-09-23,403.8678,434.8805
2025-09-24,402.5901,433.5121
2025-09-25,401.1609,431.9805
2025-09-26,397.4530,427.9951
2025-09-30,397.6224,428.2065
2025-10-01,400.2030,430.9930
2025-10-03,401.8450,432.7759
2025-10-06,402.8553,433.8863
2025-10-07,403.4060,434.4869
2025-10-08,402.6630,433.6941
2025-10-09,404.4379,435.6133
2025-10-10,405.7575,437.0422
2025-10-13,404.9101,436.1520
2025-10-14,403.9515,435.1270
2025-10-15,405.7420,437.0632
2025-10-16,407.3766,438.8315
2025-10-17,407.2120,438.6618
2025-10-20,408.6543,440.2383
2025-10-23,409.9520,441.6592
2025-10-24,409.2362,440.8956
2025-10-27,411.7501,443.6270
2025-10-28,412.0030,443.9071
2025-10-29,413.2301,445.2369
2025-10-30,411.8862,443.7966
2025-10-31,410.2353,442.0254
2025-11-03,412.1629,444.1254
2025-11-04,410.4756,442.3149
2025-11-06,409.0934,440.8406
2025-11-07,409.5753,441.3676
2025-11-10,411.4426,443.4028
2025-11-11,413.2212,445.3272
2025-11-12,415.2608,447.5330
2025-11-13,415.5502,447.8527
2025-11-14,414.8232,447.0769
2025-11-17,416.0323,448.4032
2025-11-18,414.4438,446.6988
2025-11-19,415.5954,447.9477
2025-11-20,416.3291,448.7463
2025-11-21,415.1133,447.4436
2025-11-24,414.1367,446.4140
2025-11-25,414.3666,446.6696
2025-11-26,418.0084,450.6030
2025-11-27,418.1343,450.7465
2025-11-28,418.1285,450.7482
2025-12-01,417.8205,450.4399
2025-12-02,416.7275,449.2694
2025-12-03,416.0725,448.5711
2025-12-04,416.5799,449.1261
2025-12-05,418.0487,450.7175
2025-12-08,414.4474,446.8582
2025-12-09,414.0127,446.3974
2025-12-10,413.4345,445.7818
2025-12-11,414.8184,447.2818
2025-12-12,416.7793,449.4041
2025-12-15,416.5017,449.1284
2025-12-16,415.3826,447.9294
2025-12-17,414.8802,447.3955
2025-12-18,415.2942,447.8498
2025-12-19,417.2961,450.0165
2025-12-22,419.8240,452.7665
2025-12-23,420.3114,453.3000
2025-12-24,420.1571,453.1416
2025-12-26,418.6303,451.5108
2025-12-29,417.2625,450.0595
2025-12-30,417.3358,450.1466
2025-12-31,419.4641,452.4504
2026-01-01,419.8625,452.8884
2026-01-02,422.1666,455.3819
2026-01-05,420.4037,453.5050
2026-01-06,419.4628,452.4982
2026-01-07,419.4421,452.4840
2026-01-08,415.7690,448.5297
2026-01-09,413.8267,446.4424
2026-01-12,414.2086,446.8786
2026-01-13,414.1694,446.8444
2026-01-14,414.0929,446.7700
2026-01-16,415.6153,448.4287
2026-01-19,413.2293,445.8785
2026-01-20,408.7933,441.1000
2026-01-21,407.4204,439.6266
2026-01-22,409.4735,441.8499
2026-01-23,406.9226,439.1054
2026-01-27,408.4262,440.7602
2026-01-28,411.3613,443.9359
2026-01-29,412.1005,444.7418
2026-01-30,411.5226,444.1263
2026-02-02,408.8870,441.3061
2026-02-03,416.3786,449.4000
2026-02-04,417.2505,450.3493
2026-02-05,415.2468,448.1950
2026-02-06,415.7970,448.7970
2026-02-09,418.7676,452.0282
2026-02-10,418.9095,452.1897
2026-02-11,419.7298,453.0836
2026-02-12,417.5060,450.6912
2026-02-13,413.7531,446.6482
2026-02-16,415.7402,448.8181
2026-02-17,416.7076,449.8707
2026-02-18,416.9876,450.1813
2026-02-19,413.4437,446.3635
2026-02-20,413.8084,446.7654
2026-02-23,414.7751,447.8337
2026-02-24,411.9106,444.7491
2026-02-25,413.5683,446.5471
2026-02-26,413.9956,447.0167
2026-02-27,410.8904,443.6720
2026-03-02,406.4962,438.9514
2026-03-04,401.8171,433.9146
2026-03-05,405.0100,437.3706
2026-03-06,401.9189,434.0405
2026-03-09,397.0194,428.7731
2026-03-10,401.4567,433.5732
2026-03-11,398.4165,430.2977
2026-03-12,396.3009,428.0207
2026-03-13,390.2131,421.4533
2026-03-16,390.9230,422.2433
2026-03-17,392.3525,423.7950
2026-03-18,395.1881,426.8657
2026-03-19,386.3832,417.3627
2026-03-20,387.6648,418.7548
2026-03-23,379.1689,409.6001
2026-03-24,383.5536,414.3443
2026-03-25,388.2320,419.4060
2026-03-27,382.4303,413.1536
2026-03-30,376.3781,406.6374
2026-03-31,376.3809,406.6480
