date,nav_regular_growth,nav_direct_growth
2006-04-03,22.0557,
2006-04-04,22.1181,
2006-04-05,22.2941,
2006-04-07,21.9366,
2006-04-10,22.0853,
2006-04-12,21.4639,
2006-04-13,21.2448,
2006-04-17,21.7477,
2006-04-18,22.3366,
2006-04-19,22.4485,
2006-04-20,22.6864,
2006-04-21,22.6828,
2006-04-24,22.5287,
2006-04-25,21.9843,
2006-04-26,22.5732,
2006-04-27,22.2710,
2006-04-28,22.2808,
2006-05-02,22.8956,
2006-05-03,23.0777,
2006-05-04,23.1692,
2006-05-05,23.2674,
2006-05-08,23.4523,
2006-05-09,23.6256,
2006-05-10,23.8395,
2006-05-11,23.5032,
2006-05-12,23.1782,
2006-05-15,22.2415,
2006-05-16,22.3707,
2006-05-17,23.0723,
2006-05-18,21.5170,
2006-05-19,20.6107,
2006-05-22,19.5433,
2006-05-23,20.2885,
2006-05-24,19.7567,
2006-05-25,20.1652,
2006-05-26,20.3766,
2006-05-29,20.4072,
2006-05-30,20.2195,
2006-05-31,19.4956,
2006-06-01,18.8274,
2006-06-02,19.6435,
2006-06-05,19.1695,
2006-06-06,18.6681,
2006-06-07,18.1796,
2006-06-08,17.3166,
2006-06-09,18.2155,
2006-06-12,17.6468,
2006-06-13,16.9267,
2006-06-14,16.7341,
2006-06-15,17.7885,
2006-06-16,18.3718,
2006-06-19,18.5483,
2006-06-20,18.1953,
2006-06-21,18.5902,
2006-06-22,19.0436,
2006-06-23,19.3537,
2006-06-26,18.7215,
2006-06-27,18.9693,
2006-06-28,18.9605,
2006-06-29,19.0846,
2006-06-30,19.9110,
2006-07-03,20.0536,
2006-07-04,19.9756,
2006-07-05,20.3436,
2006-07-06,20.0966,
2006-07-07,19.5903,
2006-07-10,20.0191,
2006-07-11,19.8560,
2006-07-12,20.3575,
2006-07-13,20.1897,
2006-07-14,19.8886,
2006-07-17,19.1562,
2006-07-18,19.0682,
2006-07-19,18.6836,
2006-07-20,19.2533,
2006-07-21,18.7607,
2006-07-24,19.0178,
2006-07-25,19.3621,
2006-07-26,19.8016,
2006-07-27,20.0921,
2006-07-28,19.9348,
2006-07-31,20.0123,
2006-08-01,20.0428,
2006-08-02,20.2604,
2006-08-03,20.3100,
2006-08-04,20.2248,
2006-08-07,20.0694,
2006-08-08,20.4673,
2006-08-09,20.7372,
2006-08-10,20.7755,
2006-08-11,20.8693,
2006-08-14,21.1238,
2006-08-16,21.3968,
2006-08-17,21.3831,
2006-08-18,21.4039,
2006-08-21,21.4607,
2006-08-22,21.4514,
2006-08-23,21.2699,
2006-08-24,21.4887,
2006-08-25,21.5869,
2006-08-28,21.6819,
2006-08-29,21.8373,
2006-08-30,21.8666,
2006-08-31,21.7431,
2006-09-01,21.8803,
2006-09-04,22.1426,
2006-09-05,22.1222,
2006-09-06,22.1826,
2006-09-07,22.0390,
2006-09-08,22.1456,
2006-09-11,21.4778,
2006-09-12,21.6278,
2006-09-13,22.0373,
2006-09-14,22.1451,
2006-09-15,22.1894,
2006-09-18,22.2786,
2006-09-19,22.0546,
2006-09-20,22.3413,
2006-09-21,22.6602,
2006-09-22,22.6051,
2006-09-25,22.4727,
2006-09-26,22.7785,
2006-09-27,22.8254,
2006-09-28,22.7827,
2006-09-29,22.8824,
2006-10-03,22.7529,
2006-10-04,22.4083,
2006-10-05,22.7222,
2006-10-06,22.7521,
2006-10-09,22.7348,
2006-10-10,22.7591,
2006-10-11,22.6793,
2006-10-12,23.0754,
2006-10-13,23.4238,
2006-10-16,23.7261,
2006-10-17,23.6688,
2006-10-18,23.6405,
2006-10-19,23.4346,
2006-10-20,23.4299,
2006-10-23,23.3081,
2006-10-26,23.4350,
2006-10-27,23.8259,
2006-10-30,24.0125,
2006-10-31,23.8540,
2006-11-01,23.9972,
2006-11-02,24.1527,
2006-11-03,24.2425,
2006-11-06,24.2659,
2006-11-07,24.1989,
2006-11-08,24.0628,
2006-11-09,24.1815,
2006-11-10,24.4243,
2006-11-13,24.5745,
2006-11-14,24.6195,
2006-11-15,24.6861,
2006-11-16,24.6895,
2006-11-17,24.5349,
2006-11-20,24.5554,
2006-11-21,24.9497,
2006-11-22,25.1816,
2006-11-23,25.1214,
2006-11-24,25.1548,
2006-11-27,25.2683,
2006-11-28,24.9695,
2006-11-29,25.0099,
2006-11-30,25.1760,
2006-12-01,25.4488,
2006-12-04,25.4698,
2006-12-05,25.5630,
2006-12-06,25.5639,
2006-12-07,25.5594,
2006-12-08,25.2204,
2006-12-11,24.5061,
2006-12-12,23.6650,
2006-12-13,23.9615,
2006-12-14,24.4543,
2006-12-15,24.7419,
2006-12-18,25.0320,
2006-12-19,24.4164,
2006-12-20,24.3116,
2006-12-21,24.4251,
2006-12-22,24.6635,
2006-12-26,25.1010,
2006-12-27,25.3660,
2006-12-28,25.3430,
2006-12-29,25.3162,
2007-01-02,25.5746,
2007-01-03,25.6798,
2007-01-04,25.4558,
2007-01-05,25.4211,
2007-01-08,25.1024,
2007-01-09,24.9624,
2007-01-10,24.5747,
2007-01-11,25.1549,
2007-01-12,25.8535,
2007-01-15,26.0200,
2007-01-16,26.0328,
2007-01-17,26.0065,
2007-01-18,26.2134,
2007-01-19,26.0928,
2007-01-22,26.1735,
2007-01-23,25.9444,
2007-01-24,26.0957,
2007-01-25,26.4626,
2007-01-29,26.3131,
2007-01-31,26.0460,
2007-02-01,26.4004,
2007-02-02,26.6938,
2007-02-05,26.8944,
2007-02-06,26.7734,
2007-02-07,26.9486,
2007-02-08,26.9428,
2007-02-09,26.7155,
2007-02-12,25.9510,
2007-02-13,25.8672,
2007-02-14,25.8846,
2007-02-15,26.5128,
2007-02-19,26.6298,
2007-02-20,26.2633,
2007-02-21,26.1962,
2007-02-22,25.8384,
2007-02-23,25.1953,
2007-02-26,25.2109,
2007-02-27,24.9046,
2007-02-28,23.9602,
2007-03-01,24.3782,
2007-03-02,23.8411,
2007-03-05,22.8852,
2007-03-06,23.3865,
2007-03-07,23.2021,
2007-03-08,24.0480,
2007-03-09,23.7751,
2007-03-12,23.8788,
2007-03-13,24.1053,
2007-03-14,23.2973,
2007-03-15,23.3154,
2007-03-16,23.0969,
2007-03-19,23.5423,
2007-03-20,23.6607,
2007-03-21,24.1082,
2007-03-22,24.8177,
2007-03-23,24.7255,
2007-03-26,24.4719,
2007-03-28,24.1003,
2007-03-29,24.3358,
2007-03-30,24.4843,
2007-04-02,23.2865,
2007-04-03,23.6353,
2007-04-04,23.9065,
2007-04-05,24.0249,
2007-04-09,24.6027,
2007-04-10,24.6320,
2007-04-11,24.7235,
2007-04-12,24.5146,
2007-04-13,25.0828,
2007-04-16,25.6904,
2007-04-17,25.5063,
2007-04-18,25.6733,
2007-04-19,25.5857,
2007-04-20,26.1344,
2007-04-23,26.1772,
2007-04-24,26.5364,
2007-04-25,26.6982,
2007-04-26,26.7652,
2007-04-27,26.1653,
2007-04-30,26.1920,
2007-05-03,26.5829,
2007-05-04,26.3697,
2007-05-07,26.3290,
2007-05-08,26.1113,
2007-05-09,26.1255,
2007-05-10,26.0449,
2007-05-11,26.1073,
2007-05-14,26.4741,
2007-05-15,26.3838,
2007-05-16,26.7069,
2007-05-17,27.0198,
2007-05-18,26.9843,
2007-05-21,27.2786,
2007-05-22,27.3876,
2007-05-23,27.1814,
2007-05-24,26.9172,
2007-05-25,27.1928,
2007-05-28,27.2447,
2007-05-29,27.4772,
2007-05-30,27.1972,
2007-05-31,27.4912,
2007-06-01,27.5132,
2007-06-04,27.3180,
2007-06-05,27.4297,
2007-06-06,26.8769,
2007-06-07,26.7540,
2007-06-08,26.5396,
2007-06-11,26.5425,
2007-06-12,26.6101,
2007-06-13,26.3497,
2007-06-14,26.7235,
2007-06-15,26.7373,
2007-06-18,26.5793,
2007-06-19,27.0075,
2007-06-20,27.2259,
2007-06-21,27.3447,
2007-06-22,27.2469,
2007-06-25,27.2913,
2007-06-26,27.4585,
2007-06-27,27.3182,
2007-06-28,27.4414,
2007-06-29,27.6724,
2007-07-02,27.6419,
2007-07-03,27.9204,
2007-07-04,27.9310,
2007-07-05,27.8966,
2007-07-06,28.0939,
2007-07-09,28.3111,
2007-07-10,28.2288,
2007-07-11,28.1075,
2007-07-12,28.4830,
2007-07-13,28.8570,
2007-07-16,28.9167,
2007-07-17,28.8212,
2007-07-18,28.8383,
2007-07-19,29.2352,
2007-07-20,29.2595,
2007-07-23,29.5946,
2007-07-24,29.6020,
2007-07-25,29.3968,
2007-07-26,29.5924,
2007-07-27,28.4875,
2007-07-30,28.4523,
2007-07-31,29.0146,
2007-08-01,27.8478,
2007-08-02,27.9171,
2007-08-03,28.2103,
2007-08-06,27.8127,
2007-08-07,27.9270,
2007-08-08,28.6110,
2007-08-09,28.2352,
2007-08-10,27.7865,
2007-08-13,28.0399,
2007-08-14,28.0187,
2007-08-16,26.8064,
2007-08-17,26.3610,
2007-08-20,26.9950,
2007-08-21,26.1435,
2007-08-22,26.6390,
2007-08-23,26.3968,
2007-08-24,26.8744,
2007-08-27,27.5848,
2007-08-28,27.6993,
2007-08-29,27.9442,
2007-08-30,28.2855,
2007-08-31,28.6146,
2007-09-03,28.6813,
2007-09-04,28.7122,
2007-09-05,28.6927,
2007-09-06,28.9618,
2007-09-07,28.9046,
2007-09-10,28.9266,
2007-09-11,28.8568,
2007-09-12,28.8550,
2007-09-13,29.0575,
2007-09-14,28.9862,
2007-09-17,28.8362,
2007-09-18,29.1631,
2007-09-19,30.3454,
2007-09-20,30.4272,
2007-09-21,30.9828,
2007-09-24,31.5798,
2007-09-25,31.6211,
2007-09-26,31.6302,
2007-09-27,32.0097,
2007-09-28,32.1422,
2007-10-01,32.4425,
2007-10-03,33.3399,
2007-10-04,33.3250,
2007-10-05,33.1724,
2007-10-08,32.5344,
2007-10-09,34.0520,
2007-10-10,34.7719,
2007-10-11,35.2956,
2007-10-12,34.6848,
2007-10-15,36.2133,
2007-10-16,36.1970,
2007-10-17,35.5101,
2007-10-18,34.1889,
2007-10-19,33.3336,
2007-10-22,33.1378,
2007-10-23,34.9662,
2007-10-24,35.1063,
2007-10-25,35.5700,
2007-10-26,36.4123,
2007-10-29,37.7247,
2007-10-30,37.4896,
2007-10-31,37.6907,
2007-11-01,37.4783,
2007-11-02,37.8965,
2007-11-05,37.3532,
2007-11-06,36.9631,
2007-11-07,36.9370,
2007-11-08,36.4035,
2007-11-12,35.8762,
2007-11-13,36.3754,
2007-11-14,37.9150,
2007-11-15,37.7480,
2007-11-16,37.7183,
2007-11-19,37.7271,
2007-11-20,36.9170,
2007-11-21,35.5071,
2007-11-22,35.2324,
2007-11-23,35.7924,
2007-11-26,36.5668,
2007-11-27,36.3545,
2007-11-28,35.8397,
2007-11-29,35.9469,
2007-11-30,36.7577,
2007-12-03,37.4006,
2007-12-04,37.3555,
2007-12-05,37.8762,
2007-12-06,37.9709,
2007-12-07,38.0984,
2007-12-10,38.0093,
2007-12-17,36.8352,
2007-12-18,36.6144,
2007-12-19,36.6718,
2007-12-20,36.6926,
2007-12-24,37.9587,
2007-12-26,38.4758,
2007-12-27,38.5353,
2007-12-28,38.5192,
2007-12-31,38.8816,
2008-01-01,38.9092,
2008-01-02,39.1195,
2008-01-03,39.0836,
2008-01-04,39.6827,
2008-01-07,39.7020,
2008-01-08,39.7621,
2008-01-09,39.6571,
2008-01-10,38.9467,
2008-01-11,39.1969,
2008-01-14,39.2373,
2008-01-15,38.4045,
2008-01-16,37.5328,
2008-01-17,37.3882,
2008-01-18,36.0754,
2008-01-21,32.9376,
2008-01-22,30.9804,
2008-01-23,32.9036,
2008-01-24,31.8191,
2008-01-25,34.0238,
2008-01-28,33.3274,
2008-01-29,33.3690,
2008-01-30,32.6505,
2008-01-31,32.4591,
2008-02-01,33.6057,
2008-02-04,34.5530,
2008-02-05,34.6794,
2008-02-06,33.6558,
2008-02-07,32.4587,
2008-02-08,32.3802,
2008-02-11,30.7013,
2008-02-12,30.5820,
2008-02-13,31.1712,
2008-02-14,32.9030,
2008-02-15,33.5482,
2008-02-18,33.3763,
2008-02-19,33.4009,
2008-02-20,32.5986,
2008-02-21,32.8287,
2008-02-22,32.3087,
2008-02-25,32.8731,
2008-02-26,33.3088,
2008-02-27,33.2930,
2008-02-28,33.3917,
2008-02-29,33.0104,
2008-03-03,31.2794,
2008-03-04,30.7135,
2008-03-05,31.0697,
2008-03-07,30.1222,
2008-03-10,30.3065,
2008-03-11,30.7194,
2008-03-12,30.7457,
2008-03-13,29.1500,
2008-03-14,29.9196,
2008-03-17,28.3884,
2008-03-18,28.5701,
2008-03-19,28.8328,
2008-03-24,29.0561,
2008-03-25,30.7374,
2008-03-26,30.5515,
2008-03-27,30.5425,
2008-03-28,31.2110,
2008-03-31,29.8732,
2008-04-01,29.9079,
2008-04-02,29.9993,
2008-04-03,30.1075,
2008-04-04,29.3310,
2008-04-07,30.0375,
2008-04-08,29.7152,
2008-04-09,29.9486,
2008-04-10,29.8635,
2008-04-11,30.1420,
2008-04-15,30.7733,
2008-04-16,30.8204,
2008-04-17,31.2631,
2008-04-21,31.7463,
2008-04-22,31.8212,
2008-04-23,31.6558,
2008-04-24,31.5127,
2008-04-25,32.2032,
2008-04-28,32.0634,
2008-04-29,32.7239,
2008-04-30,32.5465,
2008-05-02,32.9178,
2008-05-05,32.6899,
2008-05-06,32.3893,
2008-05-07,32.3279,
2008-05-08,32.0124,
2008-05-09,31.3842,
2008-05-12,31.5686,
2008-05-13,31.2209,
2008-05-14,31.5610,
2008-05-15,32.2132,
2008-05-16,32.4781,
2008-05-20,32.1427,
2008-05-21,32.2243,
2008-05-22,31.6427,
2008-05-23,31.1452,
2008-05-26,30.6926,
2008-05-27,30.5951,
2008-05-28,30.9634,
2008-05-29,30.4754,
2008-05-30,30.6914,
2008-06-02,29.8680,
2008-06-03,29.7185,
2008-06-04,28.8976,
2008-06-05,29.4718,
2008-06-06,29.1610,
2008-06-09,28.3599,
2008-06-10,28.0389,
2008-06-11,28.5003,
2008-06-12,28.5988,
2008-06-13,28.4572,
2008-06-16,28.8097,
2008-06-17,29.3136,
2008-06-18,28.8741,
2008-06-19,28.3810,
2008-06-20,27.3958,
2008-06-23,26.8790,
2008-06-24,26.4045,
2008-06-25,26.7907,
2008-06-26,27.1851,
2008-06-27,26.0721,
2008-06-30,25.4651,
2008-07-01,24.5554,
2008-07-02,25.7901,
2008-07-03,24.7402,
2008-07-04,25.3082,
2008-07-07,25.3908,
2008-07-08,25.1285,
2008-07-09,26.1868,
2008-07-10,26.2311,
2008-07-11,25.5180,
2008-07-14,25.4614,
2008-07-15,24.3449,
2008-07-16,24.0820,
2008-07-17,24.8995,
2008-07-18,25.8195,
2008-07-21,26.2402,
2008-07-22,26.7419,
2008-07-23,28.2112,
2008-07-24,27.9415,
2008-07-25,27.1804,
2008-07-28,27.3025,
2008-07-29,26.4116,
2008-07-30,27.1775,
2008-07-31,27.3071,
2008-08-01,27.8177,
2008-08-04,27.7083,
2008-08-05,28.3783,
2008-08-06,28.4902,
2008-08-07,28.5282,
2008-08-08,28.5657,
2008-08-11,29.1329,
2008-08-12,28.7051,
2008-08-13,28.5597,
2008-08-14,27.9443,
2008-08-18,27.7093,
2008-08-19,27.5523,
2008-08-20,27.8541,
2008-08-21,27.0281,
2008-08-22,27.3002,
2008-08-25,27.3501,
2008-08-26,27.3637,
2008-08-27,27.0763,
2008-08-28,26.5931,
2008-08-29,27.4941,
2008-09-01,27.4271,
2008-09-02,28.4085,
2008-09-04,28.0567,
2008-09-05,27.4563,
2008-09-08,28.3016,
2008-09-09,28.2306,
2008-09-10,27.8014,
2008-09-11,27.1106,
2008-09-12,26.7203,
2008-09-15,25.7356,
2008-09-16,25.7489,
2008-09-17,25.3325,
2008-09-18,25.5196,
2008-09-19,26.8257,
2008-09-22,26.6796,
2008-09-23,26.0716,
2008-09-24,26.2875,
2008-09-25,25.9674,
2008-09-26,25.1728,
2008-09-29,24.3205,
2008-09-30,24.7635,
2008-10-01,24.9495,
2008-10-03,24.1156,
2008-10-06,22.7577,
2008-10-07,22.7849,
2008-10-08,22.2010,
2008-10-10,20.7392,
2008-10-13,22.0512,
2008-10-14,22.2207,
2008-10-15,21.0962,
2008-10-16,20.6745,
2008-10-17,19.4578,
2008-10-20,19.7604,
2008-10-21,20.4530,
2008-10-22,19.4001,
2008-10-23,18.6479,
2008-10-24,16.4161,
2008-10-27,16.0391,
2008-10-29,17.0965,
2008-10-31,18.2221,
2008-11-03,19.2042,
2008-11-04,19.8239,
2008-11-05,18.9076,
2008-11-06,18.2725,
2008-11-07,18.7777,
2008-11-10,19.8722,
2008-11-11,18.5550,
2008-11-12,17.9917,
2008-11-14,17.7522,
2008-11-17,17.6863,
2008-11-18,16.9475,
2008-11-19,16.6428,
2008-11-20,16.1343,
2008-11-21,17.0136,
2008-11-24,17.1049,
2008-11-25,16.7674,
2008-11-26,17.3821,
2008-11-28,17.3999,
2008-12-01,16.9418,
2008-12-02,16.7866,
2008-12-03,16.7781,
2008-12-04,17.5985,
2008-12-05,17.1359,
2008-12-08,17.5748,
2008-12-10,18.4717,
2008-12-11,18.4163,
2008-12-12,18.4157,
2008-12-15,18.7881,
2008-12-16,19.1674,
2008-12-17,18.6155,
2008-12-18,19.2922,
2008-12-19,19.3965,
2008-12-22,19.1501,
2008-12-23,18.7444,
2008-12-24,18.4170,
2008-12-26,18.0378,
2008-12-29,18.4459,
2008-12-30,18.8063,
2008-12-31,18.6773,
2009-01-01,19.1462,
2009-01-02,19.2288,
2009-01-05,19.6980,
2009-01-06,19.6425,
2009-01-07,18.4211,
2009-01-09,18.1176,
2009-01-12,17.4822,
2009-01-13,17.3005,
2009-01-14,17.8725,
2009-01-15,17.2480,
2009-01-16,17.8285,
2009-01-19,17.9383,
2009-01-20,17.6210,
2009-01-21,17.0484,
2009-01-22,17.0959,
2009-01-23,16.8723,
2009-01-27,17.4577,
2009-01-28,17.9550,
2009-01-29,17.8136,
2009-01-30,18.1467,
2009-02-02,17.4596,
2009-02-03,17.5686,
2009-02-04,17.6907,
2009-02-05,17.5455,
2009-02-06,17.9429,
2009-02-09,18.4259,
2009-02-10,18.5174,
2009-02-11,18.4615,
2009-02-12,18.2566,
2009-02-13,18.6054,
2009-02-16,17.9718,
2009-02-17,17.4835,
2009-02-18,17.5202,
2009-02-19,17.6037,
2009-02-20,17.2686,
2009-02-24,17.2501,
2009-02-25,17.4294,
2009-02-26,17.5745,
2009-02-27,17.4346,
2009-03-02,16.8717,
2009-03-03,16.5428,
2009-03-04,16.6862,
2009-03-05,16.2546,
2009-03-06,16.5276,
2009-03-09,16.2291,
2009-03-12,16.5067,
2009-03-13,17.1468,
2009-03-16,17.5094,
2009-03-17,17.3831,
2009-03-18,17.6164,
2009-03-19,17.6952,
2009-03-20,17.6937,
2009-03-23,18.5273,
2009-03-24,18.5185,
2009-03-25,18.8056,
2009-03-26,19.4206,
2009-03-27,19.5849,
2009-03-30,18.7654,
2009-03-31,19.0320,
2009-04-01,19.2789,
2009-04-02,20.2255,
2009-04-06,20.5086,
2009-04-08,21.0483,
2009-04-09,21.0419,
2009-04-13,21.2922,
2009-04-15,21.9257,
2009-04-16,21.2072,
2009-04-17,21.3004,
2009-04-20,21.2519,
2009-04-21,21.1768,
2009-04-22,20.9554,
2009-04-23,21.5401,
2009-04-24,21.8975,
2009-04-27,21.8279,
2009-04-28,21.1547,
2009-04-29,21.8480,
2009-05-04,22.9441,
2009-05-05,22.9931,
2009-05-06,22.7627,
2009-05-07,23.1289,
2009-05-08,22.7346,
2009-05-11,22.3204,
2009-05-12,23.1078,
2009-05-13,22.8210,
2009-05-14,22.5630,
2009-05-15,23.0494,
2009-05-19,27.0769,
2009-05-20,26.8046,
2009-05-21,26.4746,
2009-05-22,26.5723,
2009-05-25,26.5629,
2009-05-26,25.8116,
2009-05-27,26.8004,
2009-05-28,27.1773,
2009-05-29,27.8704,
2009-06-01,28.3704,
2009-06-02,28.3401,
2009-06-03,28.3730,
2009-06-04,28.6467,
2009-06-05,28.7337,
2009-06-08,27.7513,
2009-06-09,28.5011,
2009-06-10,29.1667,
2009-06-11,29.0710,
2009-06-12,28.7397,
2009-06-15,28.1174,
2009-06-16,28.3299,
2009-06-17,27.3202,
2009-06-18,26.6662,
2009-06-19,27.0507,
2009-06-22,26.5585,
2009-06-23,26.6312,
2009-06-24,26.9197,
2009-06-25,26.5548,
2009-06-26,27.3944,
2009-06-29,27.4898,
2009-06-30,26.8623,
2009-07-01,27.1742,
2009-07-02,27.2252,
2009-07-03,27.6972,
2009-07-06,26.1088,
2009-07-07,26.3346,
2009-07-08,25.5630,
2009-07-09,25.5797,
2009-07-10,25.0967,
2009-07-13,24.9293,
2009-07-14,25.7852,
2009-07-15,26.5486,
2009-07-16,26.5336,
2009-07-17,27.4320,
2009-07-20,28.2254,
2009-07-21,28.0158,
2009-07-22,27.5760,
2009-07-23,28.3564,
2009-07-24,28.6452,
2009-07-27,28.6685,
2009-07-28,28.6160,
2009-07-29,28.2983,
2009-07-30,28.6634,
2009-07-31,29.0638,
2009-08-03,29.5267,
2009-08-04,29.3394,
2009-08-05,29.4235,
2009-08-06,28.7480,
2009-08-07,28.0988,
2009-08-10,27.8206,
2009-08-11,28.0261,
2009-08-12,27.9429,
2009-08-13,28.8618,
2009-08-14,28.7049,
2009-08-17,27.5031,
2009-08-18,27.9602,
2009-08-19,27.5562,
2009-08-20,27.9272,
2009-08-21,28.3998,
2009-08-24,29.1077,
2009-08-25,29.2098,
2009-08-26,29.3453,
2009-08-27,29.3900,
2009-08-28,29.6682,
2009-08-31,29.2246,
2009-09-01,28.9969,
2009-09-02,28.8897,
2009-09-03,28.7978,
2009-09-04,29.3373,
2009-09-07,29.9723,
2009-09-08,30.1106,
2009-09-09,30.1654,
2009-09-10,30.1995,
2009-09-11,30.2724,
2009-09-14,30.1396,
2009-09-15,30.6594,
2009-09-16,31.0673,
2009-09-17,31.1123,
2009-09-18,31.1768,
2009-09-22,31.4493,
2009-09-23,31.1341,
2009-09-24,31.2365,
2009-09-25,31.0627,
2009-09-29,31.3568,
2009-09-30,31.8354,
2009-10-01,31.8309,
2009-10-05,31.3267,
2009-10-06,31.4756,
2009-10-07,31.2140,
2009-10-08,31.3155,
2009-10-09,30.9590,
2009-10-12,31.6340,
2009-10-14,32.0291,
2009-10-15,31.9771,
2009-10-16,32.2043,
2009-10-20,32.0274,
2009-10-21,31.7024,
2009-10-22,31.2337,
2009-10-23,31.2849,
2009-10-26,31.1182,
2009-10-27,30.3449,
2009-10-28,30.2165,
2009-10-29,29.7458,
2009-10-30,29.5031,
2009-11-03,28.5795,
2009-11-04,29.4875,
2009-11-05,29.8252,
2009-11-06,30.0216,
2009-11-09,30.6547,
2009-11-10,30.5434,
2009-11-11,31.3042,
2009-11-12,30.9816,
2009-11-13,31.2689,
2009-11-16,31.6338,
2009-11-17,31.6587,
2009-11-18,31.6104,
2009-11-19,31.1994,
2009-11-20,31.5936,
2009-11-23,31.9083,
2009-11-24,31.8260,
2009-11-25,31.9344,
2009-11-26,31.2941,
2009-11-27,30.8953,
2009-11-30,31.4561,
2009-12-01,32.0145,
2009-12-02,32.0231,
2009-12-03,32.0673,
2009-12-04,31.9248,
2009-12-07,31.6584,
2009-12-08,32.1603,
2009-12-09,31.9356,
2009-12-10,32.0741,
2009-12-11,31.9649,
2009-12-14,31.8882,
2009-12-15,31.4360,
2009-12-16,31.4902,
2009-12-17,31.4871,
2009-12-18,31.1388,
2009-12-21,30.9176,
2009-12-22,31.1359,
2009-12-23,32.1196,
2009-12-24,32.3291,
2009-12-29,32.3814,
2009-12-30,32.2654,
2009-12-31,32.4603,
2010-01-04,32.6464,
2010-01-05,32.9265,
2010-01-06,32.9491,
2010-01-07,32.8309,
2010-01-08,32.7158,
2010-01-11,32.7415,
2010-01-12,32.4975,
2010-01-13,32.6424,
2010-01-14,32.8018,
2010-01-15,32.7527,
2010-01-18,32.8891,
2010-01-19,32.5843,
2010-01-20,32.5580,
2010-01-21,31.7655,
2010-01-22,31.4029,
2010-01-25,31.2234,
2010-01-27,30.2521,
2010-01-28,30.3383,
2010-01-29,30.4293,
2010-02-01,30.5365,
2010-02-02,30.1056,
2010-02-03,30.7316,
2010-02-04,30.1984,
2010-02-05,29.4203,
2010-02-08,29.6763,
2010-02-09,29.8778,
2010-02-10,29.6572,
2010-02-11,30.0861,
2010-02-15,29.9276,
2010-02-16,30.2592,
2010-02-17,30.6181,
2010-02-18,30.4567,
2010-02-19,30.1902,
2010-02-22,30.2578,
2010-02-23,30.3413,
2010-02-24,30.2691,
2010-02-25,30.2743,
2010-02-26,30.6610,
2010-03-02,31.2429,
2010-03-03,31.6827,
2010-03-04,31.6325,
2010-03-05,31.6831,
2010-03-08,31.8983,
2010-03-09,31.7576,
2010-03-10,31.8480,
2010-03-11,31.9533,
2010-03-12,31.9745,
2010-03-15,31.9201,
2010-03-16,32.3486,
2010-03-17,32.5572,
2010-03-18,32.6448,
2010-03-19,32.7486,
2010-03-22,32.3874,
2010-03-23,32.5112,
2010-03-25,32.7263,
2010-03-26,32.8586,
2010-03-29,32.9841,
2010-03-30,32.7807,
2010-03-31,32.6967,
2010-04-01,32.9519,
2010-04-05,33.4292,
2010-04-06,33.4127,
2010-04-07,33.4633,
2010-04-08,33.0277,
2010-04-09,33.3808,
2010-04-12,33.2400,
2010-04-13,33.1504,
2010-04-15,32.8426,
2010-04-16,32.7722,
2010-04-19,32.4038,
2010-04-20,32.5650,
2010-04-21,32.6553,
2010-04-22,32.8059,
2010-04-23,33.0197,
2010-04-26,33.1295,
2010-04-27,33.0409,
2010-04-28,32.4627,
2010-04-29,32.7015,
2010-04-30,32.8480,
2010-05-03,32.5016,
2010-05-04,32.0383,
2010-05-05,31.8902,
2010-05-06,31.6784,
2010-05-07,31.2208,
2010-05-10,32.3424,
2010-05-11,31.9710,
2010-05-12,32.0963,
2010-05-13,32.2322,
2010-05-14,31.7010,
2010-05-17,31.4890,
2010-05-18,31.5264,
2010-05-19,30.6217,
2010-05-20,30.7966,
2010-05-21,30.6935,
2010-05-24,30.7692,
2010-05-25,29.9180,
2010-05-26,30.6142,
2010-05-27,31.1434,
2010-05-28,31.5340,
2010-05-31,31.6518,
2010-06-01,30.9347,
2010-06-02,31.2396,
2010-06-03,31.7996,
2010-06-04,31.9526,
2010-06-07,31.3217,
2010-06-08,31.0300,
2010-06-09,31.1777,
2010-06-10,31.6988,
2010-06-11,31.9501,
2010-06-14,32.4285,
2010-06-15,32.5974,
2010-06-16,32.6668,
2010-06-17,32.9183,
2010-06-18,32.8438,
2010-06-21,33.4064,
2010-06-22,33.1729,
2010-06-23,33.2126,
2010-06-24,33.1946,
2010-06-25,32.8736,
2010-06-28,33.2684,
2010-06-29,32.8096,
2010-06-30,33.1546,
2010-07-01,32.7736,
2010-07-02,32.6837,
2010-07-05,32.6725,
2010-07-06,33.0006,
2010-07-07,32.7019,
2010-07-08,33.0671,
2010-07-09,33.4094,
2010-07-12,33.6063,
2010-07-13,33.7139,
2010-07-14,33.6226,
2010-07-15,33.5750,
2010-07-16,33.6673,
2010-07-19,33.6172,
2010-07-20,33.5011,
2010-07-21,33.6945,
2010-07-22,33.9580,
2010-07-23,34.0035,
2010-07-26,33.8097,
2010-07-27,33.8828,
2010-07-28,33.6784,
2010-07-29,33.7520,
2010-07-30,33.4924,
2010-08-02,33.8882,
2010-08-03,33.9357,
2010-08-04,34.1113,
2010-08-05,33.9827,
2010-08-06,33.9322,
2010-08-09,34.2291,
2010-08-10,34.0799,
2010-08-11,33.8292,
2010-08-12,33.8019,
2010-08-13,34.0229,
2010-08-16,33.8122,
2010-08-17,33.8318,
2010-08-18,34.2375,
2010-08-19,34.6159,
2010-08-20,34.5549,
2010-08-23,34.6308,
2010-08-24,34.3960,
2010-08-25,34.1278,
2010-08-26,34.2232,
2010-08-27,33.7910,
2010-08-30,33.8351,
2010-08-31,33.7520,
2010-09-01,34.1878,
2010-09-02,34.2816,
2010-09-03,34.2608,
2010-09-06,34.8644,
2010-09-07,35.0324,
2010-09-08,35.0613,
2010-09-09,35.2737,
2010-09-13,36.0196,
2010-09-14,36.2380,
2010-09-15,36.6456,
2010-09-16,36.4415,
2010-09-17,36.7935,
2010-09-20,37.3848,
2010-09-21,37.5610,
2010-09-22,37.4436,
2010-09-23,37.2461,
2010-09-24,37.6090,
2010-09-27,37.7126,
2010-09-28,37.6728,
2010-09-29,37.4274,
2010-09-30,37.6564,
2010-10-01,38.3603,
2010-10-04,38.4555,
2010-10-05,38.3694,
2010-10-06,38.6207,
2010-10-07,38.2080,
2010-10-08,38.1001,
2010-10-11,38.2971,
2010-10-12,38.0160,
2010-10-13,38.9006,
2010-10-14,38.5474,
2010-10-15,37.8342,
2010-10-18,37.9114,
2010-10-19,37.6077,
2010-10-20,37.3252,
2010-10-21,38.1054,
2010-10-22,37.8849,
2010-10-25,38.1273,
2010-10-26,37.9780,
2010-10-27,37.5460,
2010-10-28,37.3887,
2010-10-29,37.5738,
2010-11-01,38.1981,
2010-11-02,38.2016,
2010-11-03,38.4488,
2010-11-04,39.2109,
2010-11-08,39.1505,
2010-11-09,39.3242,
2010-11-10,39.1610,
2010-11-11,38.6519,
2010-11-12,37.8861,
2010-11-15,38.1928,
2010-11-16,37.3624,
2010-11-18,37.4216,
2010-11-19,36.7436,
2010-11-22,37.4845,
2010-11-23,37.0138,
2010-11-24,36.5818,
2010-11-25,36.1694,
2010-11-26,35.8707,
2010-11-29,36.3520,
2010-11-30,36.5537,
2010-12-01,37.1642,
2010-12-02,37.4765,
2010-12-03,37.3551,
2010-12-06,37.3475,
2010-12-07,37.2484,
2010-12-08,36.7929,
2010-12-09,35.9377,
2010-12-10,36.5030,
2010-12-13,36.8095,
2010-12-14,37.0367,
2010-12-15,36.7117,
2010-12-16,37.0637,
2010-12-20,37.0703,
2010-12-21,37.4016,
2010-12-22,37.2954,
2010-12-23,37.2665,
2010-12-24,37.4615,
2010-12-27,37.3747,
2010-12-28,37.3601,
2010-12-29,37.7575,
2010-12-30,38.0133,
2010-12-31,38.2140,
2011-01-03,38.3526,
2011-01-04,38.2808,
2011-01-05,37.8641,
2011-01-06,37.6655,
2011-01-07,36.7639,
2011-01-10,35.8749,
2011-01-11,35.8184,
2011-01-12,36.4983,
2011-01-13,35.8019,
2011-01-14,35.1922,
2011-01-17,35.1895,
2011-01-18,35.6229,
2011-01-19,35.4157,
2011-01-20,35.5425,
2011-01-21,35.4470,
2011-01-24,35.7347,
2011-01-25,35.3851,
2011-01-27,34.8689,
2011-01-28,34.2920,
2011-01-31,34.2490,
2011-02-01,33.6955,
2011-02-02,33.7861,
2011-02-03,34.3734,
2011-02-04,33.5663,
2011-02-07,33.5637,
2011-02-08,33.0451,
2011-02-09,32.6773,
2011-02-10,32.5039,
2011-02-11,33.0291,
2011-02-14,33.9285,
2011-02-15,34.0828,
2011-02-16,34.0856,
2011-02-17,34.4860,
2011-02-18,33.9413,
2011-02-21,34.3078,
2011-02-22,33.9995,
2011-02-23,33.8003,
2011-02-24,32.7142,
2011-02-25,32.9663,
2011-02-28,33.1460,
2011-03-01,34.3165,
2011-03-03,34.4002,
2011-03-04,34.4147,
2011-03-07,33.9419,
2011-03-08,34.2976,
2011-03-09,34.3596,
2011-03-10,34.1313,
2011-03-11,33.8266,
2011-03-14,34.3557,
2011-03-15,33.8470,
2011-03-16,34.2265,
2011-03-17,33.8334,
2011-03-18,33.3836,
2011-03-21,33.3241,
2011-03-22,33.6276,
2011-03-23,34.0375,
2011-03-24,34.2938,
2011-03-25,35.1101,
2011-03-28,35.3106,
2011-03-29,35.6130,
2011-03-30,35.9266,
2011-03-31,36.2089,
2011-04-01,36.1617,
2011-04-04,36.6720,
2011-04-05,36.6783,
2011-04-06,36.5634,
2011-04-07,36.5236,
2011-04-08,36.2517,
2011-04-11,35.8975,
2011-04-13,36.6739,
2011-04-15,36.1324,
2011-04-18,35.5371,
2011-04-19,35.6077,
2011-04-20,36.3067,
2011-04-21,36.5098,
2011-04-25,36.4556,
2011-04-26,36.4165,
2011-04-27,36.2014,
2011-04-28,35.9006,
2011-04-29,35.6766,
2011-05-02,35.3739,
2011-05-03,34.5299,
2011-05-04,34.3546,
2011-05-05,33.9044,
2011-05-06,34.4681,
2011-05-09,34.4619,
2011-05-10,34.3995,
2011-05-11,34.5453,
2011-05-12,34.0552,
2011-05-13,34.4149,
2011-05-16,34.1272,
2011-05-17,33.7543,
2011-05-18,33.6394,
2011-05-19,33.6845,
2011-05-20,34.0590,
2011-05-23,33.4384,
2011-05-24,33.4880,
2011-05-25,33.2028,
2011-05-26,33.6126,
2011-05-27,34.0046,
2011-05-30,33.9823,
2011-05-31,34.5203,
2011-06-01,34.7165,
2011-06-02,34.5026,
2011-06-03,34.2927,
2011-06-06,34.3832,
2011-06-07,34.5316,
2011-06-08,34.3643,
2011-06-09,34.3268,
2011-06-10,34.1556,
2011-06-13,34.1331,
2011-06-14,34.2415,
2011-06-15,33.9111,
2011-06-16,33.6012,
2011-06-17,33.4114,
2011-06-20,32.7327,
2011-06-21,32.8430,
2011-06-22,32.8811,
2011-06-23,33.1385,
2011-06-24,34.0771,
2011-06-27,34.4165,
2011-06-28,34.5313,
2011-06-29,34.8881,
2011-06-30,35.1847,
2011-07-01,35.0577,
2011-07-04,35.2152,
2011-07-05,35.0990,
2011-07-06,35.0561,
2011-07-07,35.6992,
2011-07-08,35.2797,
2011-07-11,34.9978,
2011-07-12,34.4359,
2011-07-13,34.8040,
2011-07-14,34.9077,
2011-07-15,34.7932,
2011-07-18,34.7016,
2011-07-19,35.0045,
2011-07-20,34.7131,
2011-07-21,34.5532,
2011-07-22,35.1272,
2011-07-25,35.4121,
2011-07-26,34.7535,
2011-07-27,34.5782,
2011-07-28,34.2109,
2011-07-29,34.1736,
2011-08-01,34.3864,
2011-08-02,34.0138,
2011-08-03,33.6921,
2011-08-04,33.2356,
2011-08-05,32.4816,
2011-08-08,31.9025,
2011-08-09,31.6197,
2011-08-10,32.1751,
2011-08-11,32.0321,
2011-08-12,31.6236,
2011-08-16,31.3875,
2011-08-17,31.5360,
2011-08-18,30.8367,
2011-08-19,30.2227,
2011-08-22,30.5491,
2011-08-23,30.8590,
2011-08-24,30.4864,
2011-08-25,30.1847,
2011-08-26,29.6124,
2011-08-29,30.6764,
2011-08-30,31.1812,
2011-09-02,31.4227,
2011-09-05,31.2809,
2011-09-06,31.5790,
2011-09-07,31.9530,
2011-09-08,32.1319,
2011-09-09,31.5459,
2011-09-12,30.8360,
2011-09-13,30.7794,
2011-09-14,31.2327,
2011-09-15,31.6288,
2011-09-16,31.6808,
2011-09-19,31.3525,
2011-09-20,32.0250,
2011-09-21,31.9799,
2011-09-22,30.6741,
2011-09-23,30.3251,
2011-09-26,30.1208,
2011-09-27,30.9636,
2011-09-28,30.8047,
2011-09-29,31.2359,
2011-09-30,30.7862,
2011-10-03,30.2005,
2011-10-04,29.7187,
2011-10-05,29.5872,
2011-10-07,30.4318,
2011-10-10,30.9972,
2011-10-11,30.9632,
2011-10-12,31.7390,
2011-10-13,31.6036,
2011-10-14,31.9409,
2011-10-17,31.8496,
2011-10-18,31.3466,
2011-10-19,31.9771,
2011-10-20,31.6971,
2011-10-21,31.4380,
2011-10-24,31.7350,
2011-10-25,32.3167,
2011-10-28,33.3641,
2011-10-31,33.1506,
2011-11-01,32.7225,
2011-11-02,32.7243,
2011-11-03,32.7682,
2011-11-04,32.8889,
2011-11-08,32.9151,
2011-11-09,32.4865,
2011-11-11,32.1569,
2011-11-14,32.0270,
2011-11-15,31.5293,
2011-11-16,31.2924,
2011-11-17,30.6979,
2011-11-18,30.5171,
2011-11-21,29.7239,
2011-11-22,29.9332,
2011-11-23,29.2773,
2011-11-24,29.5859,
2011-11-25,29.2977,
2011-11-28,30.1684,
2011-11-29,29.8814,
2011-11-30,30.0467,
2011-12-01,30.6941,
2011-12-02,31.3944,
2011-12-05,31.3226,
2011-12-07,31.4653,
2011-12-08,30.7273,
2011-12-09,30.2490,
2011-12-12,29.6133,
2011-12-13,29.8355,
2011-12-14,29.6032,
2011-12-15,29.4975,
2011-12-16,28.9104,
2011-12-19,28.6689,
2011-12-20,28.2408,
2011-12-21,29.1607,
2011-12-22,29.4113,
2011-12-23,29.2873,
2011-12-26,29.6860,
2011-12-27,29.5086,
2011-12-28,29.2311,
2011-12-29,28.8618,
2011-12-30,28.7254,
2012-01-02,28.7990,
2012-01-03,29.5910,
2012-01-04,29.4933,
2012-01-05,29.4940,
2012-01-06,29.5358,
2012-01-09,29.4626,
2012-01-10,30.1215,
2012-01-11,30.1898,
2012-01-12,30.0050,
2012-01-13,30.2188,
2012-01-16,30.2653,
2012-01-17,30.8429,
2012-01-18,30.7703,
2012-01-19,31.1571,
2012-01-20,31.3451,
2012-01-23,31.3269,
2012-01-24,31.8303,
2012-01-25,32.0268,
2012-01-27,32.3121,
2012-01-30,31.5807,
2012-01-31,32.2826,
2012-02-01,32.5090,
2012-02-02,32.7199,
2012-02-03,33.0656,
2012-02-06,33.2837,
2012-02-07,33.1182,
2012-02-08,33.3213,
2012-02-09,33.5937,
2012-02-10,33.4005,
2012-02-13,33.4552,
2012-02-14,33.6145,
2012-02-15,34.3331,
2012-02-16,34.2695,
2012-02-17,34.5312,
2012-02-21,34.7870,
2012-02-22,34.1517,
2012-02-23,34.0129,
2012-02-24,33.6754,
2012-02-27,32.7512,
2012-02-28,33.3342,
2012-02-29,33.3895,
2012-03-01,33.1066,
2012-03-02,33.2257,
2012-03-05,32.7320,
2012-03-06,32.3762,
2012-03-07,32.3611,
2012-03-09,33.0578,
2012-03-12,33.2259,
2012-03-13,33.6508,
2012-03-14,33.8583,
2012-03-19,32.5859,
2012-03-20,32.6926,
2012-03-21,33.2488,
2012-03-22,32.3993,
2012-03-23,32.7055,
2012-03-26,32.1222,
2012-03-27,32.4888,
2012-03-28,32.1896,
2012-03-29,32.0902,
2012-03-30,32.8084,
2012-04-02,32.9427,
2012-04-03,33.1919,
2012-04-04,32.9709,
2012-04-09,32.4187,
2012-04-10,32.4744,
2012-04-11,32.3698,
2012-04-12,32.6771,
2012-04-13,32.2474,
2012-04-16,32.3569,
2012-04-17,32.7479,
2012-04-18,32.8102,
2012-04-19,33.0092,
2012-04-20,32.7512,
2012-04-23,32.1906,
2012-04-24,32.3255,
2012-04-25,32.1968,
2012-04-26,32.1124,
2012-04-27,32.1209,
2012-04-30,32.4726,
2012-05-02,32.4144,
2012-05-03,32.0999,
2012-05-04,31.4721,
2012-05-07,31.6354,
2012-05-08,30.9302,
2012-05-09,30.7739,
2012-05-10,30.7165,
2012-05-11,30.4885,
2012-05-14,30.3551,
2012-05-15,30.5697,
2012-05-16,30.0471,
2012-05-17,30.1194,
2012-05-18,30.2491,
2012-05-21,30.3352,
2012-05-22,30.0537,
2012-05-23,29.8995,
2012-05-24,30.4746,
2012-05-25,30.4671,
2012-05-28,30.8663,
2012-05-29,30.8924,
2012-05-30,30.6486,
2012-05-31,30.5496,
2012-06-01,30.0385,
2012-06-04,30.0754,
2012-06-05,30.1676,
2012-06-06,30.9931,
2012-06-07,31.3355,
2012-06-08,31.4513,
2012-06-11,31.4079,
2012-06-12,31.7887,
2012-06-13,31.8217,
2012-06-14,31.4281,
2012-06-15,31.9484,
2012-06-18,31.4801,
2012-06-19,31.7245,
2012-06-20,31.8269,
2012-06-21,32.1015,
2012-06-22,32.0152,
2012-06-25,31.8195,
2012-06-26,31.8563,
2012-06-27,31.9856,
2012-06-28,32.0576,
2012-06-29,32.8593,
2012-07-02,32.8520,
2012-07-03,32.9088,
2012-07-04,33.0061,
2012-07-05,33.1702,
2012-07-06,33.1052,
2012-07-09,32.8423,
2012-07-10,33.2760,
2012-07-11,33.0223,
2012-07-12,32.5925,
2012-07-13,32.5444,
2012-07-16,32.3704,
2012-07-17,32.3418,
2012-07-18,32.5002,
2012-07-19,32.6632,
2012-07-20,32.4281,
2012-07-23,31.8862,
2012-07-24,31.9755,
2012-07-25,31.8585,
2012-07-26,31.4443,
2012-07-27,31.7957,
2012-07-30,32.4141,
2012-07-31,32.5942,
2012-08-01,32.6684,
2012-08-02,32.5880,
2012-08-03,32.5119,
2012-08-06,32.9231,
2012-08-07,33.2666,
2012-08-08,33.2735,
2012-08-09,33.1797,
2012-08-10,33.1605,
2012-08-13,33.3262,
2012-08-14,33.5495,
2012-08-16,33.4459,
2012-08-17,33.4655,
2012-08-21,33.8006,
2012-08-22,33.7477,
2012-08-23,33.7641,
2012-08-24,33.5860,
2012-08-27,33.3584,
2012-08-28,33.3345,
2012-08-29,33.0426,
2012-08-30,33.2075,
2012-08-31,32.8580,
2012-09-03,32.8248,
2012-09-04,32.9495,
2012-09-05,32.6523,
2012-09-06,32.7361,
2012-09-07,33.3796,
2012-09-10,33.5094,
2012-09-11,33.6735,
2012-09-12,33.9280,
2012-09-13,33.9529,
2012-09-14,34.8462,
2012-09-17,35.0438,
2012-09-18,34.9848,
2012-09-20,34.6957,
2012-09-21,35.5471,
2012-09-24,35.4084,
2012-09-25,35.4338,
2012-09-26,35.3672,
2012-09-27,35.2733,
2012-09-28,35.6057,
2012-10-01,35.6991,
2012-10-03,35.7743,
2012-10-04,36.1234,
2012-10-05,35.8686,
2012-10-08,35.4232,
2012-10-09,35.5999,
2012-10-10,35.2738,
2012-10-11,35.6199,
2012-10-12,35.4193,
2012-10-15,35.4848,
2012-10-16,35.2390,
2012-10-17,35.3140,
2012-10-18,35.6913,
2012-10-19,35.4789,
2012-10-22,35.7551,
2012-10-23,35.5917,
2012-10-25,35.6758,
2012-10-26,35.4190,
2012-10-29,35.4236,
2012-10-30,35.0002,
2012-10-31,35.1378,
2012-11-01,35.3195,
2012-11-02,35.6459,
2012-11-05,35.6866,
2012-11-06,35.8110,
2012-11-07,36.0329,
2012-11-08,35.8965,
2012-11-09,35.5677,
2012-11-12,35.5466,
2012-11-15,35.2137,
2012-11-16,34.8568,
2012-11-19,34.8362,
2012-11-20,34.8357,
2012-11-21,35.1044,
2012-11-22,35.1833,
2012-11-23,35.1748,
2012-11-26,35.2283,
2012-11-27,35.7974,
2012-11-29,36.4024,
2012-11-30,36.7405,
2012-12-03,36.6808,
2012-12-04,36.7934,
2012-12-05,36.8621,
2012-12-06,37.0507,
2012-12-07,36.9028,
2012-12-10,36.9046,
2012-12-11,36.8404,
2012-12-12,36.7715,
2012-12-13,36.5426,
2012-12-14,36.7161,
2012-12-17,36.5760,
2012-12-18,36.8141,
2012-12-19,37.0142,
2012-12-20,36.9296,
2012-12-21,36.5029,
2012-12-24,36.5656,
2012-12-26,36.8702,
2012-12-27,36.6497,
2012-12-28,36.8844,
2012-12-31,36.8594,
2013-01-01,37.1421,
2013-01-02,37.4038,37.4040
2013-01-03,37.5028,37.5088
2013-01-04,37.5428,37.5490
2013-01-07,37.3653,37.3730
2013-01-08,37.4466,37.4545
2013-01-09,37.2567,37.2649
2013-01-10,37.2376,37.2461
2013-01-11,37.1279,37.1366
2013-01-14,37.5752,37.5847
2013-01-15,37.7760,37.7859
2013-01-16,37.4352,37.4452
2013-01-17,37.6658,37.6758
2013-01-18,37.8206,37.8309
2013-01-21,37.9284,37.9395
2013-01-22,37.7165,37.7278
2013-01-23,37.7559,37.7675
2013-01-24,37.5372,37.5490
2013-01-25,37.8777,37.8905
2013-01-28,37.8740,37.8876
2013-01-29,37.7169,37.7307
2013-01-30,37.7516,37.7657
2013-01-31,37.6190,37.6333
2013-02-01,37.3718,37.3863
2013-02-04,37.2989,37.3141
2013-02-05,37.1036,37.1190
2013-02-06,37.1161,37.1317
2013-02-07,36.9879,37.0037
2013-02-08,36.7684,36.7844
2013-02-11,36.7277,36.7445
2013-02-12,36.8797,36.8967
2013-02-13,36.9427,36.9600
2013-02-14,36.7185,36.7360
2013-02-15,36.6625,36.6802
2013-02-18,36.7328,36.7513
2013-02-19,36.9890,37.0078
2013-02-20,37.0071,37.0262
2013-02-21,36.4428,36.4619
2013-02-22,36.4290,36.4484
2013-02-25,36.4522,36.4723
2013-02-26,35.8724,35.8924
2013-02-27,36.0908,36.1112
2013-02-28,35.4467,35.4670
2013-03-01,35.6192,35.6398
2013-03-04,35.4838,35.5050
2013-03-05,36.0117,36.0335
2013-03-06,36.2223,36.2445
2013-03-07,36.4976,36.5202
2013-03-08,37.0051,37.0283
2013-03-11,36.9772,37.0012
2013-03-12,36.8014,36.8255
2013-03-13,36.4091,36.4331
2013-03-14,36.7657,36.7902
2013-03-15,36.5387,36.5633
2013-03-18,36.3134,36.3387
2013-03-19,35.7576,35.7827
2013-03-20,35.4370,35.4622
2013-03-21,35.2188,35.2440
2013-03-22,35.1850,35.2104
2013-03-25,35.0723,35.0984
2013-03-26,35.1185,35.1449
2013-03-28,35.3679,35.3949
2013-04-01,35.4908,35.5254
2013-04-02,35.7577,35.7928
2013-04-03,35.2939,35.3288
2013-04-04,34.6871,34.7216
2013-04-05,34.5527,34.5873
2013-04-08,34.4836,34.5189
2013-04-09,34.1872,34.2224
2013-04-10,34.5784,34.6143
2013-04-11,34.7957,34.8320
2013-04-12,34.3888,34.4250
2013-04-15,34.6312,34.6683
2013-04-16,35.3770,35.4151
2013-04-17,35.3740,35.4123
2013-04-18,35.9576,35.9969
2013-04-22,36.2693,36.3099
2013-04-23,36.2834,36.3242
2013-04-25,36.7747,36.8166
2013-04-26,36.4935,36.5354
2013-04-29,36.6922,36.7348
2013-04-30,36.8523,36.8953
2013-05-02,37.2789,37.3227
2013-05-03,36.9318,36.9754
2013-05-06,37.0959,37.1401
2013-05-07,37.5460,37.5909
2013-05-08,37.7040,37.7492
2013-05-09,37.5831,37.6283
2013-05-10,37.8875,37.9333
2013-05-13,37.1711,37.2165
2013-05-14,37.2620,37.3076
2013-05-15,38.1980,38.2449
2013-05-16,38.3404,38.3877
2013-05-17,38.4473,38.4949
2013-05-20,38.2528,38.3006
2013-05-21,37.9852,38.0328
2013-05-22,37.8619,37.9095
2013-05-23,37.0668,37.1136
2013-05-24,37.1659,37.2127
2013-05-27,37.7818,37.8299
2013-05-28,37.9753,38.0238
2013-05-29,37.9304,37.9790
2013-05-30,38.1211,38.1701
2013-05-31,37.3176,37.3658
2013-06-03,37.0238,37.0721
2013-06-04,36.8997,36.9480
2013-06-05,36.9256,36.9740
2013-06-06,36.9250,36.9735
2013-06-07,36.6722,36.7206
2013-06-10,36.6497,36.6985
2013-06-11,36.0962,36.1444
2013-06-12,35.9166,35.9647
2013-06-13,35.5696,35.6174
2013-06-14,36.2428,36.2917
2013-06-17,36.4974,36.5470
2013-06-18,36.2703,36.3198
2013-06-19,36.3220,36.3717
2013-06-20,35.2879,35.3364
2013-06-21,35.3590,35.4077
2013-06-24,34.8740,34.9225
2013-06-25,34.9913,35.0401
2013-06-26,34.8626,34.9113
2013-06-27,35.4760,35.5258
2013-06-28,36.4623,36.5135
2013-07-01,36.8075,36.8594
2013-07-02,36.5487,36.6004
2013-07-03,36.0085,36.0596
2013-07-04,36.4297,36.4815
2013-07-05,36.6321,36.6843
2013-07-08,36.2761,36.3283
2013-07-09,36.5701,36.6229
2013-07-10,36.3250,36.3776
2013-07-11,37.0600,37.1138
2013-07-12,37.5227,37.5773
2013-07-15,37.6651,37.7203
2013-07-16,37.1888,37.2436
2013-07-17,37.3020,37.3570
2013-07-18,37.7229,37.7787
2013-07-19,37.6555,37.7116
2013-07-22,37.6683,37.7249
2013-07-23,37.9547,38.0119
2013-07-24,37.4055,37.4620
2013-07-25,36.8809,36.9367
2013-07-26,36.7500,36.8058
2013-07-29,36.3979,36.4536
2013-07-30,35.9330,35.9881
2013-07-31,35.8530,35.9082
2013-08-01,35.7637,35.8189
2013-08-02,35.4528,35.5077
2013-08-05,35.4944,35.5498
2013-08-06,34.6060,34.6601
2013-08-07,34.4617,34.5158
2013-08-08,34.7431,34.7977
2013-08-12,35.0261,35.0817
2013-08-13,35.5815,35.6382
2013-08-14,35.8472,35.9045
2013-08-16,34.3978,34.4531
2013-08-19,33.8237,33.8784
2013-08-20,33.7402,33.7949
2013-08-21,33.1311,33.1850
2013-08-22,33.7802,33.8352
2013-08-23,34.1679,34.2237
2013-08-26,34.1931,34.2494
2013-08-27,33.0292,33.0838
2013-08-28,33.0131,33.0677
2013-08-29,33.7734,33.8294
2013-08-30,34.1613,34.2181
2013-09-02,34.6432,34.7012
2013-09-03,33.3627,33.4187
2013-09-04,34.0173,34.0746
2013-09-05,34.9222,34.9812
2013-09-06,35.4755,35.5355
2013-09-10,36.8010,36.8639
2013-09-11,36.9016,36.9648
2013-09-12,36.5069,36.5695
2013-09-13,36.5054,36.5682
2013-09-16,36.4384,36.5015
2013-09-17,36.4986,36.5619
2013-09-18,36.8027,36.8667
2013-09-19,38.1543,38.2208
2013-09-20,37.5019,37.5675
2013-09-23,36.7371,36.8019
2013-09-24,36.7515,36.8164
2013-09-25,36.6350,36.6998
2013-09-26,36.6829,36.7479
2013-09-27,36.3771,36.4418
2013-09-30,35.7647,35.8287
2013-10-01,36.0457,36.1104
2013-10-03,36.8499,36.9164
2013-10-04,36.8383,36.9049
2013-10-07,36.8314,36.8984
2013-10-08,36.9723,37.0397
2013-10-09,37.4654,37.5338
2013-10-10,37.5521,37.6209
2013-10-11,38.0214,38.0912
2013-10-14,38.1235,38.1940
2013-10-15,37.9798,38.0501
2013-10-17,37.7307,37.8009
2013-10-18,38.6242,38.6962
2013-10-21,38.7216,38.7942
2013-10-22,38.7126,38.7854
2013-10-23,38.5631,38.6358
2013-10-24,38.4800,38.5527
2013-10-25,38.3729,38.4455
2013-10-28,38.0971,38.1698
2013-10-29,38.8460,38.9202
2013-10-30,39.0412,39.1159
2013-10-31,39.3476,39.4230
2013-11-01,39.4012,39.4769
2013-11-05,39.0618,39.1375
2013-11-06,38.8327,38.9081
2013-11-07,38.6672,38.7425
2013-11-08,38.3817,38.4566
2013-11-11,37.9976,38.0722
2013-11-12,37.6211,37.6952
2013-11-13,37.4476,37.5215
2013-11-14,37.8651,37.9399
2013-11-18,38.6893,38.7663
2013-11-19,38.7761,38.8535
2013-11-20,38.2804,38.3570
2013-11-21,37.5157,37.5909
2013-11-22,37.4967,37.5721
2013-11-25,38.2353,38.3126
2013-11-26,37.8895,37.9663
2013-11-27,37.8806,37.9574
2013-11-28,38.0999,38.1774
2013-11-29,38.6261,38.7048
2013-12-02,38.8908,38.9705
2013-12-03,38.7896,38.8693
2013-12-04,38.5342,38.6135
2013-12-05,39.0302,39.1107
2013-12-06,39.1452,39.2261
2013-12-09,39.7859,39.8686
2013-12-10,39.6080,39.6905
2013-12-11,39.4504,39.5327
2013-12-12,39.0081,39.0897
2013-12-13,38.5791,38.6599
2013-12-16,38.4891,38.5702
2013-12-17,38.3905,38.4715
2013-12-18,38.8744,38.9566
2013-12-19,38.5611,38.6428
2013-12-20,39.2231,39.3064
2013-12-23,39.2816,39.3655
2013-12-24,39.1806,39.2645
2013-12-26,39.2424,39.3267
2013-12-27,39.4560,39.5410
2013-12-30,39.3116,39.3967
2013-12-31,39.3889,39.4744
2014-01-01,39.3712,39.4568
2014-01-02,38.8739,38.9585
2014-01-03,38.8096,38.8943
2014-01-06,38.6832,38.7681
2014-01-07,38.5009,38.5856
2014-01-08,38.5752,38.6602
2014-01-09,38.5356,38.6206
2014-01-10,38.5511,38.6363
2014-01-13,39.1709,39.2579
2014-01-14,38.9783,39.0651
2014-01-15,39.4651,39.5532
2014-01-16,39.4491,39.5373
2014-01-17,39.0926,39.1801
2014-01-20,39.3543,39.4429
2014-01-21,39.4126,39.5015
2014-01-22,39.5735,39.6629
2014-01-23,39.6137,39.7034
2014-01-24,39.1192,39.2080
2014-01-27,38.3062,38.3935
2014-01-28,38.2452,38.3325
2014-01-29,38.2068,38.2942
2014-01-30,37.9186,38.0055
2014-01-31,38.0290,38.1163
2014-02-03,37.4853,37.5719
2014-02-04,37.4778,37.5646
2014-02-05,37.6081,37.6954
2014-02-06,37.6914,37.7791
2014-02-07,37.8572,37.9454
2014-02-10,37.7963,37.8850
2014-02-11,37.8543,37.9433
2014-02-12,37.9869,38.0764
2014-02-13,37.4733,37.5618
2014-02-14,37.7641,37.8535
2014-02-17,37.9224,38.0127
2014-02-18,38.2535,38.3447
2014-02-19,38.4105,38.5024
2014-02-20,38.0283,38.1194
2014-02-21,38.4264,38.5187
2014-02-24,38.6122,38.7055
2014-02-25,38.6972,38.7909
2014-02-26,38.9366,39.0311
2014-02-28,39.1690,39.2644
2014-03-03,38.8206,38.9157
2014-03-04,39.2977,39.3942
2014-03-05,39.4819,39.5790
2014-03-06,39.9302,40.0286
2014-03-07,40.7056,40.8061
2014-03-10,40.7673,40.8686
2014-03-11,40.6120,40.7131
2014-03-12,40.6305,40.7318
2014-03-13,40.4815,40.5827
2014-03-14,40.5480,40.6496
2014-03-18,40.6188,40.7213
2014-03-19,40.6627,40.7656
2014-03-20,40.4085,40.5110
2014-03-21,40.4693,40.5721
2014-03-24,41.0532,41.1580
2014-03-25,41.0807,41.1858
2014-03-26,41.1506,41.2561
2014-03-27,41.4086,41.5150
2014-03-28,41.7372,41.8447
2014-03-31,41.7845,41.8927
2014-04-01,41.8864,41.9950
2014-04-02,42.0798,42.1891
2014-04-03,41.9777,42.0870
2014-04-04,41.7227,41.8315
2014-04-07,41.7232,41.8326
2014-04-09,42.3319,42.4434
2014-04-10,42.3312,42.4429
2014-04-11,42.2062,42.3178
2014-04-15,41.9340,42.0457
2014-04-16,41.5774,41.6883
2014-04-17,42.2158,42.3287
2014-04-21,42.4451,42.5594
2014-04-22,42.4310,42.5455
2014-04-23,42.5859,42.7010
2014-04-25,42.2220,42.3365
2014-04-28,42.0839,42.1987
2014-04-29,41.8010,41.9152
2014-04-30,41.6826,41.7967
2014-05-02,41.6694,41.7840
2014-05-05,41.6929,41.8083
2014-05-06,41.7889,41.9047
2014-05-07,41.4022,41.5172
2014-05-08,41.4450,41.5604
2014-05-09,42.6647,42.7837
2014-05-12,43.6185,43.7409
2014-05-13,44.2031,44.3274
2014-05-14,44.2011,44.3257
2014-05-15,44.2890,44.4141
2014-05-16,44.8457,44.9726
2014-05-19,45.2159,45.3446
2014-05-20,45.2898,45.4190
2014-05-21,45.1471,45.2762
2014-05-22,45.2911,45.4208
2014-05-23,45.8507,45.9823
2014-05-26,45.7951,45.9273
2014-05-27,45.5400,45.6717
2014-05-28,45.6100,45.7423
2014-05-29,45.0758,45.2067
2014-05-30,45.0387,45.1698
2014-06-02,45.8515,45.9857
2014-06-03,46.2390,46.3746
2014-06-04,46.1531,46.2888
2014-06-05,46.6656,46.8031
2014-06-06,47.3625,47.5022
2014-06-09,47.7969,47.9387
2014-06-10,47.8053,47.9474
2014-06-11,47.6307,47.7726
2014-06-12,47.7863,47.9289
2014-06-13,47.1157,47.2566
2014-06-16,47.0626,47.2042
2014-06-17,47.6568,47.8004
2014-06-18,47.2045,47.3470
2014-06-19,47.0940,47.2365
2014-06-20,46.9115,47.0537
2014-06-23,46.7928,46.9354
2014-06-24,47.3285,47.4731
2014-06-25,47.2575,47.4022
2014-06-26,46.7872,46.9307
2014-06-27,46.8810,47.0250
2014-06-30,47.5020,47.6487
2014-07-01,47.6440,47.7914
2014-07-02,48.2045,48.3540
2014-07-03,48.1659,48.3156
2014-07-04,48.4385,48.5893
2014-07-07,48.6564,48.8087
2014-07-08,47.6424,47.7918
2014-07-09,47.4193,47.5683
2014-07-10,47.3124,47.4613
2014-07-11,46.6493,46.7964
2014-07-14,46.6264,46.7742
2014-07-15,47.0732,47.2227
2014-07-16,47.6747,47.8264
2014-07-17,47.7909,47.9432
2014-07-18,47.9351,48.0882
2014-07-21,48.0672,48.2216
2014-07-22,48.5857,48.7420
2014-07-23,48.7644,48.9215
2014-07-24,48.9823,49.1405
2014-07-25,48.7351,48.8927
2014-07-28,48.5194,48.6771
2014-07-30,48.7850,48.9442
2014-07-31,48.3499,48.5080
2014-08-01,47.6143,47.7702
2014-08-04,48.1142,48.2726
2014-08-05,48.5079,48.6678
2014-08-06,48.0451,48.2038
2014-08-07,47.9027,48.0612
2014-08-08,47.4070,47.5642
2014-08-11,47.7589,47.9181
2014-08-12,48.3864,48.5479
2014-08-13,48.4918,48.6540
2014-08-14,48.8151,48.9786
2014-08-18,49.3271,49.4934
2014-08-19,49.4725,49.6396
2014-08-20,49.3360,49.5029
2014-08-21,49.4427,49.6103
2014-08-22,49.5801,49.7485
2014-08-25,49.5350,49.7040
2014-08-26,49.5243,49.6937
2014-08-27,49.7263,49.8965
2014-08-28,49.8393,50.0103
2014-09-01,50.2916,50.4653
2014-09-02,50.6349,50.8100
2014-09-03,50.8300,51.0062
2014-09-04,50.7190,50.8951
2014-09-05,50.6705,50.8467
2014-09-08,51.2088,51.3878
2014-09-09,51.0788,51.2575
2014-09-10,50.7148,50.8926
2014-09-11,50.6653,50.8431
2014-09-12,50.7869,50.9655
2014-09-15,50.3932,50.5713
2014-09-16,49.7151,49.8911
2014-09-17,49.9791,50.1563
2014-09-18,50.8454,51.0260
2014-09-19,50.8810,51.0620
2014-09-22,51.0400,51.2224
2014-09-23,50.2407,50.4206
2014-09-24,50.1462,50.3261
2014-09-25,49.5834,49.7615
2014-09-26,49.9358,50.1155
2014-09-29,49.8730,50.0533
2014-09-30,49.9086,50.0893
2014-10-01,49.7900,49.9705
2014-10-07,49.2172,49.3974
2014-10-08,49.1556,49.3359
2014-10-09,49.8836,50.0669
2014-10-10,49.2601,49.4413
2014-10-13,49.4100,49.5926
2014-10-14,49.2823,49.4648
2014-10-16,48.5867,48.7672
2014-10-17,48.7813,48.9627
2014-10-20,49.4009,49.5855
2014-10-21,49.7040,49.8901
2014-10-22,50.1282,50.3161
2014-10-27,50.0994,50.2887
2014-10-28,50.3220,50.5123
2014-10-29,50.7182,50.9104
2014-10-30,51.2101,51.4044
2014-10-31,52.1771,52.3754
2014-11-03,52.1909,52.3900
2014-11-05,52.2680,52.4678
2014-11-07,52.2600,52.4602
2014-11-10,52.3027,52.5037
2014-11-11,52.4176,52.6194
2014-11-12,52.5452,52.7476
2014-11-13,52.3893,52.5913
2014-11-14,52.5889,52.7920
2014-11-17,52.8416,53.0463
2014-11-18,52.8105,53.0154
2014-11-19,52.5383,52.7423
2014-11-20,52.6598,52.8645
2014-11-21,53.1294,53.3362
2014-11-24,53.4573,53.6661
2014-11-25,53.0373,53.2447
2014-11-26,53.1152,53.3232
2014-11-27,53.2296,53.4382
2014-11-28,53.8146,54.0257
2014-12-01,53.6117,53.8228
2014-12-02,53.4164,53.6269
2014-12-03,53.4963,53.7074
2014-12-04,53.6628,53.8748
2014-12-05,53.4989,53.7104
2014-12-08,52.8653,53.0751
2014-12-09,52.2586,52.4662
2014-12-10,52.3509,52.5591
2014-12-11,51.9601,52.1669
2014-12-12,51.5311,51.7364
2014-12-15,51.5016,51.7075
2014-12-16,50.5753,50.7777
2014-12-17,50.3399,50.5416
2014-12-18,51.1440,51.3491
2014-12-19,51.5527,51.7597
2014-12-22,52.1646,52.3748
2014-12-23,51.8097,52.0186
2014-12-24,51.2307,51.4376
2014-12-26,51.3954,51.6033
2014-12-29,51.6767,51.8865
2014-12-30,51.6879,51.8980
2014-12-31,51.9010,52.1122
2015-01-01,51.9085,52.1199
2015-01-02,52.5964,52.8108
2015-01-05,52.4894,52.7041
2015-01-06,50.9225,51.1310
2015-01-07,50.7648,50.9729
2015-01-08,51.5861,51.7978
2015-01-09,51.8962,52.1094
2015-01-12,52.1332,52.3480
2015-01-13,51.9851,52.1996
2015-01-14,51.8481,52.0622
2015-01-15,53.1974,53.4173
2015-01-16,53.3195,53.5401
2015-01-19,53.5482,53.7706
2015-01-20,54.4515,54.6779
2015-01-21,54.6625,54.8899
2015-01-22,54.8671,55.0956
2015-01-23,55.3270,55.5577
2015-01-27,55.7970,56.0307
2015-01-28,55.8072,56.0412
2015-01-29,56.0433,56.2785
2015-01-30,55.1487,55.3803
2015-02-02,55.0786,55.3106
2015-02-03,54.8228,55.0540
2015-02-04,54.6241,54.8547
2015-02-05,54.5488,54.7793
2015-02-06,54.2336,54.4630
2015-02-09,53.3927,53.6192
2015-02-10,53.6237,53.8514
2015-02-11,54.0064,54.2360
2015-02-12,54.5257,54.7577
2015-02-13,55.1040,55.3386
2015-02-16,55.1277,55.3631
2015-02-18,55.5025,55.7400
2015-02-19,55.6646,55.9030
2015-02-20,55.2798,55.5168
2015-02-23,54.7885,55.0241
2015-02-24,54.8317,55.0677
2015-02-25,54.8633,55.0996
2015-02-26,54.3443,54.5786
2015-02-27,55.3614,55.6003
2015-03-02,56.0614,56.3041
2015-03-03,56.3536,56.5977
2015-03-04,55.8955,56.1378
2015-03-05,55.9900,56.2331
2015-03-09,54.8667,55.1058
2015-03-10,54.5875,54.8256
2015-03-11,54.5127,54.7507
2015-03-12,54.9831,55.2234
2015-03-13,54.1910,54.4281
2015-03-16,54.0994,54.3366
2015-03-17,54.6564,54.8964
2015-03-18,54.4227,54.6618
2015-03-19,54.1045,54.3424
2015-03-20,53.7542,53.9908
2015-03-23,53.6288,53.8656
2015-03-24,53.5912,53.8280
2015-03-25,53.5212,53.7580
2015-03-26,52.3425,52.5743
2015-03-27,52.3421,52.5741
2015-03-30,53.2839,53.5207
2015-03-31,53.2723,53.5092
2015-04-01,53.8720,54.1118
2015-04-06,54.3221,54.5650
2015-04-07,54.3213,54.5645
2015-04-08,54.6572,54.9022
2015-04-09,55.0502,55.2971
2015-04-10,55.0629,55.3101
2015-04-13,55.3964,55.6457
2015-04-15,54.8689,55.1163
2015-04-16,54.5931,54.8396
2015-04-17,53.9622,54.2060
2015-04-20,52.9734,53.2135
2015-04-21,52.5316,52.7698
2015-04-22,52.8549,53.0948
2015-04-23,52.6565,52.8958
2015-04-24,52.0761,52.3129
2015-04-27,51.5089,51.7438
2015-04-28,51.9592,52.1964
2015-04-29,51.6684,51.9044
2015-04-30,51.3014,51.5360
2015-05-04,52.2354,52.4751
2015-05-05,52.1752,52.4149
2015-05-06,50.7667,51.0001
2015-05-07,50.5223,50.7548
2015-05-08,51.3862,51.6229
2015-05-11,52.1779,52.4188
2015-05-12,50.9546,51.1901
2015-05-13,51.6344,51.8733
2015-05-14,51.5684,51.8072
2015-05-15,51.8027,52.0428
2015-05-18,52.4962,52.7400
2015-05-19,52.4397,52.6835
2015-05-20,52.7967,53.0424
2015-05-21,52.7744,53.0202
2015-05-22,53.0026,53.2497
2015-05-25,52.4388,52.6839
2015-05-26,52.2433,52.4876
2015-05-27,52.2052,52.4496
2015-05-28,52.1262,52.3704
2015-05-29,52.8327,53.0803
2015-06-01,52.8331,53.0814
2015-06-02,51.6095,51.8523
2015-06-03,51.0424,51.2827
2015-06-04,51.0645,51.3051
2015-06-05,50.9865,51.2269
2015-06-08,50.5487,50.7876
2015-06-09,50.4127,50.6512
2015-06-10,51.0413,51.2830
2015-06-11,50.0597,50.2969
2015-06-12,50.1660,50.4039
2015-06-15,50.4073,50.6469
2015-06-16,50.6171,50.8580
2015-06-17,50.8880,51.1303
2015-06-18,51.4039,51.6489
2015-06-19,51.7270,51.9737
2015-06-22,52.5261,52.7773
2015-06-23,52.7011,52.9532
2015-06-24,52.5739,52.8257
2015-06-25,52.8047,53.0578
2015-06-26,52.6982,52.9509
2015-06-29,52.3057,52.5572
2015-06-30,52.6166,52.8698
2015-07-01,53.1435,53.3994
2015-07-02,53.1196,53.3756
2015-07-03,53.3694,53.6268
2015-07-06,53.6063,53.8655
2015-07-07,53.5327,53.7918
2015-07-08,52.6066,52.8614
2015-07-09,52.4177,52.6717
2015-07-10,52.6206,52.8758
2015-07-13,53.2379,53.4967
2015-07-14,53.2060,53.4649
2015-07-15,53.6771,53.9385
2015-07-16,54.2089,54.4730
2015-07-17,54.2195,54.4840
2015-07-20,54.1946,54.4595
2015-07-21,53.7291,53.9919
2015-07-22,54.3640,54.6302
2015-07-23,54.1018,54.3669
2015-07-24,53.6747,53.9379
2015-07-27,52.6687,52.9277
2015-07-28,52.5169,52.7753
2015-07-29,52.7546,53.0144
2015-07-30,53.0449,53.3063
2015-07-31,53.7414,54.0065
2015-08-03,53.8018,54.0675
2015-08-04,53.6371,53.9022
2015-08-05,53.9561,54.2229
2015-08-06,54.0856,54.3532
2015-08-07,53.9421,54.2091
2015-08-10,53.6974,53.9636
2015-08-11,53.3021,53.5666
2015-08-12,52.5968,52.8579
2015-08-13,52.6416,52.9031
2015-08-14,53.6582,53.9249
2015-08-17,53.3997,53.6655
2015-08-18,53.3322,53.5978
2015-08-19,53.5085,53.7752
2015-08-20,52.7427,53.0057
2015-08-21,52.2859,52.5467
2015-08-24,49.2127,49.4586
2015-08-25,49.6591,49.9074
2015-08-26,49.1139,49.3596
2015-08-27,50.0852,50.3359
2015-08-28,50.4180,50.6705
2015-08-31,50.2289,50.4809
2015-09-01,49.1099,49.3564
2015-09-02,48.6844,48.9289
2015-09-03,49.3431,49.5911
2015-09-04,48.2997,48.5425
2015-09-07,47.7253,47.9656
2015-09-08,48.5272,48.7717
2015-09-09,49.3334,49.5821
2015-09-10,49.1454,49.3932
2015-09-11,49.1528,49.4008
2015-09-14,49.6700,49.9211
2015-09-15,49.4005,49.6503
2015-09-16,49.8368,50.0890
2015-09-18,50.3559,50.6109
2015-09-21,50.3263,50.5817
2015-09-22,49.2904,49.5407
2015-09-23,49.5027,49.7542
2015-09-24,49.6402,49.8925
2015-09-28,49.1821,49.4326
2015-09-29,49.4798,49.7319
2015-09-30,50.1408,50.3965
2015-10-01,50.1520,50.4079
2015-10-05,51.2088,51.4706
2015-10-06,51.4194,51.6824
2015-10-07,51.5728,51.8367
2015-10-08,51.2700,51.5325
2015-10-09,51.6490,51.9136
2015-10-12,51.3576,51.6212
2015-10-13,51.2823,51.5456
2015-10-14,51.1324,51.3951
2015-10-15,51.5812,51.8463
2015-10-16,51.9842,52.2516
2015-10-19,52.2224,52.4914
2015-10-20,52.1378,52.4065
2015-10-21,52.0803,52.3489
2015-10-23,52.3643,52.6346
2015-10-26,52.1432,52.4128
2015-10-27,51.9685,52.2373
2015-10-28,51.5809,51.8479
2015-10-29,51.2067,51.4719
2015-10-30,50.9238,51.1877
2015-11-02,50.8280,51.0918
2015-11-03,50.8897,51.1539
2015-11-04,50.7602,51.0238
2015-11-05,50.2257,50.4867
2015-11-06,50.2182,50.4793
2015-11-09,49.9775,50.2377
2015-11-10,49.1638,49.4199
2015-11-13,49.0304,49.2862
2015-11-16,49.3089,49.5665
2015-11-17,49.5029,49.7616
2015-11-18,48.8349,49.0903
2015-11-19,49.5346,49.7937
2015-11-20,49.6207,49.8804
2015-11-23,49.5732,49.8330
2015-11-24,49.4612,49.7206
2015-11-26,49.7882,50.0495
2015-11-27,50.1592,50.4226
2015-11-30,50.1107,50.3742
2015-12-01,50.2338,50.4980
2015-12-02,50.0854,50.3490
2015-12-03,49.6626,49.9241
2015-12-04,49.1448,49.4037
2015-12-07,49.0404,49.2991
2015-12-08,48.6389,48.8957
2015-12-09,48.0760,48.3299
2015-12-10,48.5208,48.7772
2015-12-11,48.0634,48.3175
2015-12-14,48.3113,48.5670
2015-12-15,48.6303,48.8878
2015-12-16,48.9436,49.2029
2015-12-17,49.5285,49.7910
2015-12-18,49.0126,49.2726
2015-12-21,49.4658,49.7285
2015-12-22,49.1634,49.4246
2015-12-23,49.6624,49.9263
2015-12-24,49.6315,49.8954
2015-12-28,50.0315,50.2981
2015-12-29,50.0552,50.3220
2015-12-30,49.8494,50.1153
2015-12-31,50.1643,50.4319
2016-01-01,50.2700,50.5383
2016-01-04,49.1892,49.4521
2016-01-05,49.1471,49.4099
2016-01-06,48.8721,49.1336
2016-01-07,47.7850,48.0408
2016-01-08,47.9919,48.2489
2016-01-11,47.7567,48.0128
2016-01-12,47.4208,47.6752
2016-01-13,47.7475,48.0038
2016-01-14,47.5854,47.8409
2016-01-15,46.9591,47.2114
2016-01-18,46.4213,46.6711
2016-01-19,46.9466,47.1993
2016-01-20,46.1609,46.4095
2016-01-21,45.9631,46.2108
2016-01-22,46.8766,47.1293
2016-01-25,46.9672,47.2207
2016-01-27,46.9827,47.2365
2016-01-28,46.9003,47.1537
2016-01-29,47.7727,48.0310
2016-02-01,47.7242,47.9826
2016-02-02,47.1009,47.3561
2016-02-03,46.5161,46.7682
2016-02-04,46.7818,47.0354
2016-02-05,47.3218,47.5785
2016-02-08,46.6827,46.9363
2016-02-09,46.1243,46.3750
2016-02-10,45.6051,45.8530
2016-02-11,44.1019,44.3418
2016-02-12,44.1305,44.3707
2016-02-15,45.2708,45.5175
2016-02-16,44.5539,44.7968
2016-02-17,44.9323,45.1774
2016-02-18,45.4544,45.7025
2016-02-19,45.5735,45.8223
2016-02-22,45.7238,45.9738
2016-02-23,44.9390,45.1848
2016-02-24,44.3627,44.6054
2016-02-25,44.0613,44.3025
2016-02-26,44.4306,44.6739
2016-02-29,44.1645,44.4067
2016-03-01,45.6291,45.8794
2016-03-02,46.5405,46.7960
2016-03-03,47.2041,47.4633
2016-03-04,47.2622,47.5219
2016-03-08,47.2599,47.5200
2016-03-09,47.5527,47.8145
2016-03-10,47.2655,47.5259
2016-03-11,47.4163,47.6776
2016-03-14,47.6543,47.9173
2016-03-15,47.1638,47.4242
2016-03-16,47.4179,47.6798
2016-03-17,47.5344,47.7971
2016-03-18,48.1121,48.3781
2016-03-21,48.7486,49.0184
2016-03-22,48.8164,49.0867
2016-03-23,48.8259,49.0965
2016-03-28,48.1874,48.4547
2016-03-29,48.0758,48.3426
2016-03-30,48.9430,49.2147
2016-03-31,48.9369,49.2087
2016-04-01,48.7792,49.0502
2016-04-04,49.0647,49.3377
2016-04-05,48.0985,48.3662
2016-04-06,48.1664,48.4346
2016-04-07,47.7400,48.0059
2016-04-08,47.7948,48.0611
2016-04-11,48.5236,48.7944
2016-04-12,48.7599,49.0321
2016-04-13,49.6548,49.9322
2016-04-18,50.0593,50.3395
2016-04-20,50.0591,50.3396
2016-04-21,50.0419,50.3224
2016-04-22,49.9611,50.2413
2016-04-25,49.6807,49.9596
2016-04-26,50.3600,50.6429
2016-04-27,50.4686,50.7523
2016-04-28,49.6306,49.9097
2016-04-29,49.6467,49.9260
2016-05-02,49.3687,49.6468
2016-05-03,48.9969,49.2731
2016-05-04,48.7417,49.0165
2016-05-05,48.9293,49.2053
2016-05-06,48.9141,49.1902
2016-05-09,49.7489,50.0301
2016-05-10,49.8831,50.1652
2016-05-11,49.6374,49.9182
2016-05-12,49.9624,50.2452
2016-05-13,49.4227,49.7026
2016-05-16,49.7109,49.9928
2016-05-17,49.8997,50.1828
2016-05-18,49.7695,50.0520
2016-05-19,49.2246,49.5042
2016-05-20,49.0128,49.2913
2016-05-23,48.8949,49.1731
2016-05-24,49.0070,49.2860
2016-05-25,50.1699,50.4557
2016-05-26,51.0120,51.3028
2016-05-27,51.5563,51.8503
2016-05-30,51.7801,52.0758
2016-05-31,51.6638,51.9590
2016-06-01,51.7887,52.0847
2016-06-02,52.0326,52.3302
2016-06-03,52.0608,52.3587
2016-06-06,51.9661,52.2639
2016-06-07,52.3772,52.6775
2016-06-08,52.4183,52.7190
2016-06-09,52.0329,52.3315
2016-06-10,51.8196,52.1171
2016-06-13,51.4433,51.7391
2016-06-14,51.4321,51.7280
2016-06-15,52.0451,52.3446
2016-06-16,51.6845,51.9821
2016-06-17,51.8705,52.1692
2016-06-20,52.2993,52.6010
2016-06-21,52.1826,52.4837
2016-06-22,52.0928,52.3936
2016-06-23,52.5153,52.8186
2016-06-24,51.3641,51.6609
2016-06-27,51.4030,51.7005
2016-06-28,51.6133,51.9122
2016-06-29,52.1206,52.4225
2016-06-30,52.6456,52.9508
2016-07-01,52.8972,53.2040
2016-07-04,53.1698,53.4785
2016-07-05,52.9484,53.2560
2016-07-07,52.9748,53.2829
2016-07-08,52.8821,53.1898
2016-07-11,53.7963,54.1098
2016-07-12,54.1319,54.4475
2016-07-13,54.1219,54.4376
2016-07-14,54.4117,54.7291
2016-07-15,54.3007,54.6177
2016-07-18,54.0980,54.4143
2016-07-19,54.2224,54.5395
2016-07-20,54.4601,54.7787
2016-07-21,54.1196,54.4364
2016-07-22,54.3139,54.6320
2016-07-25,54.9181,55.2402
2016-07-26,54.6361,54.9567
2016-07-27,54.7936,55.1153
2016-07-28,55.1340,55.4579
2016-07-29,54.9614,55.2844
2016-08-01,54.9448,55.2681
2016-08-02,54.8622,55.1852
2016-08-03,54.3697,54.6899
2016-08-04,54.4103,54.7308
2016-08-05,55.2412,55.5668
2016-08-08,55.4209,55.7480
2016-08-09,55.2150,55.5410
2016-08-10,54.5722,54.8945
2016-08-11,54.6800,55.0031
2016-08-12,55.1874,55.5136
2016-08-16,54.9998,55.3255
2016-08-17,54.8870,55.2122
2016-08-18,55.2183,55.5455
2016-08-19,55.1805,55.5077
2016-08-22,54.9396,55.2658
2016-08-23,54.9608,55.2872
2016-08-24,55.0720,55.3992
2016-08-25,54.7048,55.0300
2016-08-26,54.5812,54.9057
2016-08-29,54.7995,55.1257
2016-08-30,55.6531,55.9846
2016-08-31,55.9380,56.2713
2016-09-01,55.8647,56.1978
2016-09-02,56.0864,56.4209
2016-09-06,56.9308,57.2709
2016-09-07,56.7789,57.1182
2016-09-08,57.0042,57.3450
2016-09-09,56.4685,56.8062
2016-09-12,55.5087,55.8411
2016-09-14,55.5784,55.9115
2016-09-15,55.6847,56.0186
2016-09-16,55.9208,56.2562
2016-09-19,56.0998,56.4367
2016-09-20,55.8943,56.2301
2016-09-21,55.9034,56.2394
2016-09-22,56.4723,56.8119
2016-09-23,56.2480,56.5864
2016-09-26,55.5588,55.8934
2016-09-27,55.4559,55.7901
2016-09-28,55.6975,56.0333
2016-09-29,54.7294,55.0594
2016-09-30,54.8540,55.1849
2016-10-03,55.6452,55.9813
2016-10-04,55.8395,56.1770
2016-10-05,55.6819,56.0186
2016-10-06,55.4655,55.8009
2016-10-07,55.3870,55.7221
2016-10-10,55.4574,55.7934
2016-10-13,54.5927,54.9238
2016-10-14,54.6583,54.9899
2016-10-17,54.2649,54.5946
2016-10-18,55.2491,55.5849
2016-10-19,55.1344,55.4696
2016-10-20,55.3889,55.7258
2016-10-21,55.3890,55.7260
2016-10-24,55.4930,55.8311
2016-10-25,55.3808,55.7183
2016-10-26,54.8998,55.2346
2016-10-27,54.9050,55.2399
2016-10-28,55.0488,55.3847
2016-11-01,54.9828,55.3189
2016-11-02,54.2724,54.6043
2016-11-03,54.0998,54.4308
2016-11-04,53.7785,54.1076
2016-11-07,54.1788,54.5107
2016-11-08,54.4714,54.8053
2016-11-09,53.7632,54.0929
2016-11-10,54.3541,54.6875
2016-11-11,52.9111,53.2358
2016-11-15,51.7154,52.0333
2016-11-16,51.7334,52.0516
2016-11-17,51.5359,51.8530
2016-11-18,51.4943,51.8112
2016-11-21,50.5746,50.8863
2016-11-22,51.0383,51.3529
2016-11-23,51.2370,51.5529
2016-11-24,50.8046,51.1181
2016-11-25,51.7444,52.0637
2016-11-28,51.8272,52.1475
2016-11-29,51.9217,52.2426
2016-11-30,52.4401,52.7645
2016-12-01,52.2418,52.5650
2016-12-02,51.5685,51.8876
2016-12-05,51.8315,52.1527
2016-12-06,51.9240,52.2459
2016-12-07,51.6641,51.9846
2016-12-08,52.5768,52.9030
2016-12-09,52.6716,52.9985
2016-12-12,52.0964,52.4201
2016-12-13,52.4190,52.7448
2016-12-14,52.1704,52.4948
2016-12-15,51.9877,52.3112
2016-12-16,51.8963,52.2193
2016-12-19,51.6735,51.9955
2016-12-20,51.5353,51.8566
2016-12-21,51.4028,51.7234
2016-12-22,50.8801,51.1975
2016-12-23,50.9186,51.2364
2016-12-26,50.4365,50.7517
2016-12-27,51.2115,51.5316
2016-12-28,51.2238,51.5441
2016-12-29,51.6562,51.9794
2016-12-30,52.1732,52.4998
2017-01-02,52.1370,52.4637
2017-01-03,52.2118,52.5391
2017-01-04,52.2036,52.5310
2017-01-05,52.7296,53.0604
2017-01-06,52.5411,52.8709
2017-01-09,52.4887,52.8185
2017-01-10,52.8198,53.1519
2017-01-11,53.4078,53.7437
2017-01-12,53.5770,53.9140
2017-01-13,53.5325,53.8694
2017-01-16,53.6109,53.9487
2017-01-17,53.5141,53.8514
2017-01-18,53.6360,53.9742
2017-01-19,53.7505,54.0896
2017-01-20,53.2069,53.5427
2017-01-23,53.4777,53.8156
2017-01-24,54.0110,54.3524
2017-01-25,54.8160,55.1626
2017-01-27,55.0596,55.4081
2017-01-30,55.0001,55.3485
2017-01-31,54.5486,54.8943
2017-02-01,55.5247,55.8768
2017-02-02,55.6482,56.0012
2017-02-03,55.6914,56.0449
2017-02-06,56.0691,56.4253
2017-02-07,55.8665,56.2216
2017-02-08,55.8697,56.2250
2017-02-09,55.9285,56.2844
2017-02-10,56.0236,56.3802
2017-02-13,56.0977,56.4552
2017-02-14,56.0160,56.3732
2017-02-15,55.6014,55.9561
2017-02-16,55.9421,56.2992
2017-02-17,56.2185,56.5774
2017-02-20,56.5845,56.9463
2017-02-21,56.7643,57.1274
2017-02-22,56.8853,57.2493
2017-02-23,56.9673,57.3320
2017-02-27,56.6945,57.0580
2017-02-28,56.6014,56.9645
2017-03-01,57.0192,57.3851
2017-03-02,56.7322,57.0965
2017-03-03,56.7162,57.0805
2017-03-06,57.1261,57.4935
2017-03-07,57.0219,57.3888
2017-03-08,56.8782,57.2443
2017-03-09,56.9029,57.2693
2017-03-10,56.9520,57.3189
2017-03-14,57.9485,58.3225
2017-03-15,57.9315,58.3055
2017-03-16,58.3814,58.7584
2017-03-17,58.4213,58.7988
2017-03-20,58.2107,58.5873
2017-03-21,58.1743,58.5508
2017-03-22,57.5974,57.9704
2017-03-23,57.9543,58.3297
2017-03-24,58.0977,58.4743
2017-03-27,57.7048,58.0792
2017-03-28,58.0498,58.4267
2017-03-29,58.3172,58.6959
2017-03-30,58.4980,58.8781
2017-03-31,58.4859,58.8661
2017-04-03,58.8699,59.2531
2017-04-05,59.0383,59.4229
2017-04-06,59.0187,59.4033
2017-04-07,58.6174,58.9996
2017-04-10,58.5096,58.8916
2017-04-11,58.8574,59.2418
2017-04-12,58.6445,59.0276
2017-04-13,58.3147,58.6959
2017-04-17,58.2379,58.6192
2017-04-18,58.0244,58.4045
2017-04-19,58.0091,58.3892
2017-04-20,58.2162,58.5979
2017-04-21,58.1118,58.4929
2017-04-24,58.7336,59.1193
2017-04-25,59.2973,59.6868
2017-04-26,59.5827,59.9743
2017-04-27,59.5168,59.9082
2017-04-28,59.2736,59.6635
2017-05-02,59.3335,59.7245
2017-05-03,59.3222,59.7132
2017-05-04,59.6333,60.0265
2017-05-05,59.1618,59.5520
2017-05-08,59.3452,59.7372
2017-05-09,59.3611,59.7533
2017-05-10,59.9339,60.3300
2017-05-11,60.0284,60.4254
2017-05-12,59.8987,60.2950
2017-05-15,60.1790,60.5777
2017-05-16,60.6014,61.0031
2017-05-17,60.6878,61.0901
2017-05-18,60.0794,60.4779
2017-05-19,60.0668,60.4653
2017-05-22,60.1361,60.5357
2017-05-23,59.8028,60.2002
2017-05-24,59.6468,60.0434
2017-05-25,60.5835,60.9865
2017-05-26,61.1382,61.5451
2017-05-29,61.2057,61.6135
2017-05-30,61.3295,61.7383
2017-05-31,61.3075,61.7164
2017-06-01,61.3258,61.7349
2017-06-02,61.5649,61.9758
2017-06-05,61.7677,62.1805
2017-06-06,61.5301,61.9415
2017-06-07,61.6969,62.1095
2017-06-08,61.5934,62.0055
2017-06-09,61.7239,62.1370
2017-06-12,61.3967,61.8082
2017-06-13,61.3592,61.7706
2017-06-14,61.4293,61.8413
2017-06-15,61.1844,61.5950
2017-06-16,61.2462,61.6573
2017-06-19,61.6816,62.0962
2017-06-20,61.6802,62.0950
2017-06-21,61.5572,61.9712
2017-06-22,61.5527,61.9669
2017-06-23,61.2059,61.6180
2017-06-27,60.8061,61.2161
2017-06-28,60.6810,61.0904
2017-06-29,60.8052,61.2156
2017-06-30,60.9141,61.3253
2017-07-03,61.5138,61.9296
2017-07-04,61.5038,61.9197
2017-07-05,61.6579,62.0750
2017-07-06,61.9166,62.3357
2017-07-07,61.8611,62.2800
2017-07-10,62.5247,62.9486
2017-07-11,62.6209,63.0456
2017-07-12,62.8117,63.2378
2017-07-13,63.3334,63.7632
2017-07-14,63.3334,63.7634
2017-07-17,63.5241,63.9559
2017-07-18,62.9713,63.3996
2017-07-19,63.4289,63.8604
2017-07-20,63.2794,63.7102
2017-07-21,63.5457,63.9784
2017-07-24,63.8784,64.3139
2017-07-25,63.8652,64.3007
2017-07-26,64.2266,64.6649
2017-07-27,64.2353,64.6737
2017-07-28,64.1922,64.6305
2017-07-31,64.5833,65.0249
2017-08-01,64.8244,65.2677
2017-08-02,64.6213,65.0633
2017-08-03,64.1990,64.6383
2017-08-04,64.5273,64.9690
2017-08-07,64.4669,64.9085
2017-08-08,63.9745,64.4128
2017-08-09,63.5324,63.9678
2017-08-10,62.9873,63.4191
2017-08-11,62.3308,62.7583
2017-08-14,62.8631,63.2946
2017-08-16,63.5180,63.9542
2017-08-17,63.5642,64.0008
2017-08-18,63.1393,63.5732
2017-08-21,62.6162,63.0469
2017-08-22,62.6863,63.1176
2017-08-23,63.2382,63.6733
2017-08-24,63.2820,63.7176
2017-08-28,63.6359,64.0744
2017-08-29,62.8944,63.3279
2017-08-30,63.4583,63.8958
2017-08-31,63.6696,64.1087
2017-09-01,64.0329,64.4747
2017-09-04,63.6413,64.0807
2017-09-05,63.8936,64.3348
2017-09-06,63.6667,64.1065
2017-09-07,63.7633,64.2039
2017-09-08,63.7958,64.2367
2017-09-11,64.2608,64.7053
2017-09-12,64.8132,65.2617
2017-09-13,64.7260,65.1726
2017-09-14,64.7746,65.2216
2017-09-15,64.7654,65.2124
2017-09-18,65.2039,65.6544
2017-09-19,65.1662,65.6166
2017-09-20,65.1277,65.5779
2017-09-21,65.0064,65.4559
2017-09-22,64.0059,64.4486
2017-09-25,63.4217,63.8607
2017-09-26,63.4154,63.8545
2017-09-27,62.5595,62.9928
2017-09-28,62.7600,63.1948
2017-09-29,62.8859,63.3217
2017-10-03,63.3334,63.7728
2017-10-04,63.6821,64.1240
2017-10-05,63.5195,63.9604
2017-10-06,64.0858,64.5308
2017-10-09,64.1446,64.5903
2017-10-10,64.3237,64.7708
2017-10-11,64.1174,64.5632
2017-10-12,64.8251,65.2759
2017-10-13,65.2822,65.7364
2017-10-16,65.6873,66.1446
2017-10-17,65.7129,66.1706
2017-10-18,65.5615,66.0183
2017-10-23,65.3903,65.8465
2017-10-24,65.5377,65.9950
2017-10-25,66.1007,66.5621
2017-10-26,66.3933,66.8569
2017-10-27,66.2741,66.7370
2017-10-30,66.5319,66.9970
2017-10-31,66.3935,66.8577
2017-11-01,67.0800,67.5491
2017-11-02,66.9735,67.4421
2017-11-03,67.1690,67.6390
2017-11-06,67.1624,67.6327
2017-11-07,66.5135,66.9794
2017-11-08,66.2065,66.6704
2017-11-09,66.2432,66.7075
2017-11-10,66.3210,66.7859
2017-11-13,65.7076,66.1686
2017-11-14,65.4639,65.9234
2017-11-15,65.0283,65.4849
2017-11-16,65.6411,66.1021
2017-11-17,66.0814,66.5456
2017-11-20,66.1769,66.6421
2017-11-21,66.3562,66.8228
2017-11-22,66.4543,66.9217
2017-11-23,66.4951,66.9630
2017-11-24,66.7576,67.2274
2017-11-27,66.8179,67.2885
2017-11-28,66.6318,67.1013
2017-11-29,66.5740,67.0432
2017-11-30,65.7165,66.1797
2017-12-01,65.0404,65.4990
2017-12-04,65.0790,65.5382
2017-12-05,65.0168,65.4757
2017-12-06,64.5498,65.0056
2017-12-07,65.3293,65.7907
2017-12-08,65.9583,66.4242
2017-12-11,66.3161,66.7850
2017-12-12,65.7946,66.2599
2017-12-13,65.4920,65.9553
2017-12-14,65.8671,66.3332
2017-12-15,66.3859,66.8558
2017-12-18,66.7438,67.2166
2017-12-19,67.2148,67.6910
2017-12-20,67.0947,67.5703
2017-12-21,67.0862,67.5618
2017-12-22,67.4202,67.8983
2017-12-26,67.6653,68.1457
2017-12-27,67.4074,67.8861
2017-12-28,67.3232,67.8014
2017-12-29,67.6567,68.1374
2018-01-01,67.0513,67.5281
2018-01-02,67.0912,67.5684
2018-01-03,67.0991,67.5764
2018-01-04,67.4885,67.9688
2018-01-05,67.8340,68.3168
2018-01-08,68.2454,68.7316
2018-01-09,68.3295,68.8164
2018-01-10,68.2994,68.7862
2018-01-11,68.4198,68.9076
2018-01-12,68.6103,69.0997
2018-01-15,68.9969,69.4894
2018-01-16,68.7388,69.2296
2018-01-17,69.2986,69.7935
2018-01-18,69.4887,69.9851
2018-01-19,69.9860,70.4861
2018-01-22,70.4511,70.9549
2018-01-23,71.2001,71.7094
2018-01-24,71.2115,71.7210
2018-01-25,71.1076,71.6157
2018-01-29,71.4930,72.0043
2018-01-30,70.9795,71.4873
2018-01-31,70.8353,71.3422
2018-02-01,70.7757,71.2824
2018-02-02,69.1157,69.6106
2018-02-05,68.5172,69.0082
2018-02-06,67.4466,67.9301
2018-02-07,67.3206,67.8033
2018-02-08,68.0002,68.4879
2018-02-09,67.2212,67.7035
2018-02-12,67.7680,68.2545
2018-02-14,67.5179,68.0029
2018-02-15,67.8079,68.2952
2018-02-16,67.2068,67.6898
2018-02-19,66.7337,67.2138
2018-02-20,66.6176,67.0970
2018-02-21,66.8520,67.3331
2018-02-22,66.7773,67.2580
2018-02-23,67.4635,67.9493
2018-02-26,68.0483,68.5387
2018-02-27,67.8679,68.3571
2018-02-28,67.4913,67.9780
2018-03-01,67.2697,67.7549
2018-03-05,66.6385,67.1197
2018-03-06,65.9401,66.4163
2018-03-07,65.3401,65.8121
2018-03-08,65.9058,66.3821
2018-03-09,65.8077,66.2834
2018-03-12,67.0442,67.5292
2018-03-13,67.0922,67.5776
2018-03-14,66.9923,67.4771
2018-03-15,66.6687,67.1514
2018-03-16,65.6589,66.1344
2018-03-19,65.0161,65.4873
2018-03-20,65.2728,65.7460
2018-03-21,65.4706,65.9453
2018-03-22,65.2205,65.6935
2018-03-23,64.4738,64.9416
2018-03-26,65.3211,65.7954
2018-03-27,65.6586,66.1355
2018-03-28,65.2101,65.6838
2018-04-02,65.8108,66.2896
2018-04-03,66.0125,66.4928
2018-04-04,65.2729,65.7480
2018-04-05,66.5154,66.9996
2018-04-06,66.5561,67.0407
2018-04-09,66.8616,67.3489
2018-04-10,67.0082,67.4967
2018-04-11,67.1032,67.5924
2018-04-12,67.3702,67.8616
2018-04-13,67.5107,68.0032
2018-04-16,67.8142,68.3093
2018-04-17,67.9460,68.4422
2018-04-18,67.8005,68.2958
2018-04-19,68.0524,68.5497
2018-04-20,68.0440,68.5413
2018-04-23,68.1760,68.6747
2018-04-24,68.3664,68.8666
2018-04-25,68.0846,68.5829
2018-04-26,68.3880,68.8886
2018-04-27,68.8660,69.3703
2018-04-30,69.1669,69.6738
2018-05-02,69.0351,69.5413
2018-05-03,68.7889,69.2934
2018-05-04,68.3959,68.8977
2018-05-07,69.0184,69.5251
2018-05-08,69.0331,69.5401
2018-05-09,69.1878,69.6961
2018-05-10,69.0262,69.5333
2018-05-11,69.6019,70.1135
2018-05-14,69.6017,70.1137
2018-05-15,69.5711,70.0829
2018-05-16,69.1810,69.6902
2018-05-17,68.8060,69.3125
2018-05-18,68.2524,68.7549
2018-05-21,67.7409,68.2401
2018-05-22,67.8687,68.3689
2018-05-23,67.1860,67.6813
2018-05-24,67.7205,68.2199
2018-05-25,68.3712,68.8756
2018-05-28,68.9028,69.4115
2018-05-29,68.5468,69.0529
2018-05-30,68.4246,68.9300
2018-05-31,69.2731,69.7849
2018-06-01,69.0162,69.5263
2018-06-04,68.5889,69.0963
2018-06-05,68.3615,68.8674
2018-06-06,68.9468,69.4571
2018-06-07,69.4833,69.9978
2018-06-08,69.4786,69.9932
2018-06-11,69.6012,70.1172
2018-06-12,69.9594,70.4781
2018-06-13,70.0470,70.5666
2018-06-14,69.8329,70.3510
2018-06-15,69.8948,70.4136
2018-06-18,69.7794,70.2978
2018-06-19,69.2062,69.7205
2018-06-20,69.6008,70.1182
2018-06-21,69.4154,69.9315
2018-06-22,69.9347,70.4548
2018-06-25,69.5519,70.0697
2018-06-26,69.5944,70.1126
2018-06-27,68.9998,69.5137
2018-06-28,68.4710,68.9811
2018-06-29,69.2760,69.7923
2018-07-02,68.9082,69.4222
2018-07-03,69.1822,69.6984
2018-07-04,69.6314,70.1512
2018-07-05,69.5288,70.0479
2018-07-06,69.6746,70.1950
2018-07-09,70.1886,70.7132
2018-07-10,70.7975,71.3268
2018-07-11,70.8130,71.3426
2018-07-12,71.3073,71.8408
2018-07-13,71.2772,71.8106
2018-07-16,70.7513,71.2813
2018-07-17,71.2166,71.7503
2018-07-18,71.0442,71.5768
2018-07-19,70.9567,71.4888
2018-07-20,71.2984,71.8332
2018-07-23,71.7796,72.3185
2018-07-24,72.0976,72.6390
2018-07-25,72.0806,72.6221
2018-07-26,72.3232,72.8666
2018-07-27,73.0360,73.5850
2018-07-30,73.3026,73.8540
2018-07-31,73.5406,74.0940
2018-08-01,73.4739,74.0270
2018-08-02,72.8289,73.3772
2018-08-03,73.5758,74.1299
2018-08-06,73.7444,74.3003
2018-08-07,73.7591,74.3153
2018-08-08,74.1489,74.7082
2018-08-09,74.2872,74.8477
2018-08-10,74.0209,74.5795
2018-08-13,73.5524,74.1080
2018-08-14,74.1134,74.6734
2018-08-16,73.7898,74.3477
2018-08-17,74.3425,74.9047
2018-08-20,74.8692,75.4359
2018-08-21,74.9901,75.5579
2018-08-23,75.0647,75.6333
2018-08-24,74.9133,75.4811
2018-08-27,75.7822,76.3570
2018-08-28,76.0824,76.6597
2018-08-29,75.7798,76.3549
2018-08-30,75.6840,76.2586
2018-08-31,75.7205,76.2956
2018-09-03,75.0844,75.6551
2018-09-04,74.6835,75.2513
2018-09-05,74.4023,74.9682
2018-09-06,74.8015,75.3706
2018-09-07,75.1378,75.7096
2018-09-10,74.1710,74.7359
2018-09-11,73.1978,73.7555
2018-09-12,73.7321,74.2940
2018-09-14,74.6700,75.2394
2018-09-17,73.7837,74.3468
2018-09-18,73.1443,73.7027
2018-09-19,72.8608,73.4172
2018-09-21,72.2702,72.8224
2018-09-24,71.1302,71.6742
2018-09-25,71.7767,72.3257
2018-09-26,71.6878,72.2363
2018-09-27,71.1953,71.7401
2018-09-28,70.8918,71.4345
2018-10-01,71.3978,71.9448
2018-10-03,70.4289,70.9688
2018-10-04,68.7517,69.2789
2018-10-05,66.9250,67.4384
2018-10-08,67.1277,67.6431
2018-10-09,66.8236,67.3368
2018-10-10,67.8496,68.3708
2018-10-11,66.3929,66.9030
2018-10-12,67.9216,68.4436
2018-10-15,68.1788,68.7032
2018-10-16,68.6446,69.1728
2018-10-17,67.7931,68.3149
2018-10-19,66.8252,67.3398
2018-10-22,66.4449,66.9571
2018-10-23,65.8144,66.3218
2018-10-24,66.3168,66.8282
2018-10-25,65.7304,66.2375
2018-10-26,65.1167,65.6193
2018-10-29,66.5515,67.0657
2018-10-30,66.2132,66.7249
2018-10-31,67.4308,67.9520
2018-11-01,67.3998,67.9209
2018-11-02,68.5165,69.0464
2018-11-05,68.3332,68.8622
2018-11-06,68.3714,68.9008
2018-11-09,68.7270,69.2596
2018-11-12,68.0605,68.5884
2018-11-13,68.7099,69.2430
2018-11-14,68.6696,69.2026
2018-11-15,68.9308,69.4659
2018-11-16,69.3544,69.8930
2018-11-19,69.8787,70.4217
2018-11-20,69.1838,69.7215
2018-11-21,68.8200,69.3550
2018-11-22,68.3450,68.8765
2018-11-26,69.0040,69.5412
2018-11-27,69.3728,69.9130
2018-11-28,69.6529,70.1954
2018-11-29,70.4939,71.0431
2018-11-30,70.6104,71.1606
2018-12-03,70.6548,71.2058
2018-12-04,70.5620,71.1124
2018-12-05,69.9996,70.5457
2018-12-06,68.8208,69.3579
2018-12-07,69.4192,69.9610
2018-12-10,68.0885,68.6204
2018-12-11,68.4799,69.0150
2018-12-12,69.6955,70.2402
2018-12-13,70.0439,70.5915
2018-12-14,70.1333,70.6816
2018-12-17,70.6690,71.2220
2018-12-18,70.8004,71.3545
2018-12-19,71.1799,71.7371
2018-12-20,71.0779,71.6345
2018-12-21,69.8188,70.3657
2018-12-24,69.2312,69.7739
2018-12-26,69.6603,70.2065
2018-12-27,69.9828,70.5317
2018-12-28,70.5209,71.0741
2018-12-31,70.5364,71.0902
2019-01-01,70.8446,71.4010
2019-01-02,70.0821,70.6327
2019-01-03,69.3025,69.8470
2019-01-04,69.6591,70.2065
2019-01-07,69.9502,70.5003
2019-01-08,70.1422,70.6940
2019-01-09,70.4843,71.0390
2019-01-10,70.2664,70.8194
2019-01-11,70.0932,70.6451
2019-01-14,69.7207,70.2700
2019-01-15,70.6867,71.2438
2019-01-16,70.7089,71.2663
2019-01-17,70.8121,71.3704
2019-01-18,70.8230,71.3815
2019-01-21,71.1780,71.7398
2019-01-22,70.9241,71.4840
2019-01-23,70.3322,70.8876
2019-01-24,70.4751,71.0317
2019-01-25,70.0257,70.5789
2019-01-28,69.2531,69.8006
2019-01-29,69.1943,69.7415
2019-01-30,69.1913,69.7385
2019-01-31,70.3527,70.9093
2019-02-01,70.7587,71.3186
2019-02-04,70.8784,71.4397
2019-02-05,71.0223,71.5850
2019-02-06,71.8715,72.4410
2019-02-07,71.9161,72.4861
2019-02-08,71.1002,71.6638
2019-02-11,70.7600,71.3214
2019-02-12,70.3965,70.9551
2019-02-13,70.1510,70.7078
2019-02-14,69.8494,70.4039
2019-02-15,69.7082,70.2618
2019-02-18,69.1646,69.7143
2019-02-19,68.9266,69.4745
2019-02-20,69.7791,70.3339
2019-02-21,70.1468,70.7047
2019-02-22,70.1579,70.7160
2019-02-25,70.7312,71.2942
2019-02-26,70.4396,71.0005
2019-02-27,70.2535,70.8130
2019-02-28,70.1874,70.7465
2019-03-01,70.6480,71.2109
2019-03-05,71.4522,72.0221
2019-03-06,71.8779,72.4513
2019-03-07,71.9116,72.4854
2019-03-08,71.7629,72.3357
2019-03-11,72.6244,73.2045
2019-03-12,73.4894,74.0766
2019-03-13,73.7585,74.3479
2019-03-14,73.7888,74.3786
2019-03-15,74.3417,74.9361
2019-03-18,74.5709,75.1675
2019-03-19,75.0275,75.6279
2019-03-20,74.9521,75.5520
2019-03-22,74.5501,75.1471
2019-03-25,73.8810,74.4731
2019-03-26,74.7194,75.3183
2019-03-27,74.4746,75.0718
2019-03-28,75.2884,75.8922
2019-03-29,75.6383,76.2450
2019-04-01,75.9333,76.5428
2019-04-02,76.2207,76.8327
2019-04-03,75.7679,76.3765
2019-04-04,75.4679,76.0741
2019-04-05,75.9091,76.5190
2019-04-08,75.5094,76.1166
2019-04-09,75.9468,76.5576
2019-04-10,75.3772,75.9836
2019-04-11,75.4573,76.0645
2019-04-12,75.7606,76.3703
2019-04-15,76.0641,76.6768
2019-04-16,76.6923,77.3102
2019-04-18,76.4686,77.0849
2019-04-22,75.4384,76.0470
2019-04-23,75.3176,75.9254
2019-04-24,76.2943,76.9101
2019-04-25,75.7452,76.3567
2019-04-26,76.4788,77.0964
2019-04-30,76.4359,77.0538
2019-05-02,76.2834,76.9003
2019-05-03,76.2015,76.8179
2019-05-06,75.4584,76.0692
2019-05-07,74.8208,75.4266
2019-05-08,73.9202,74.5188
2019-05-09,73.5445,74.1402
2019-05-10,73.3947,73.9894
2019-05-13,72.5443,73.1325
2019-05-14,73.0236,73.6159
2019-05-15,72.6002,73.1891
2019-05-16,73.2513,73.8458
2019-05-17,74.2269,74.8293
2019-05-20,76.9637,77.5888
2019-05-21,76.1879,76.8068
2019-05-22,76.4544,77.0757
2019-05-23,75.9283,76.5454
2019-05-24,77.1452,77.7724
2019-05-27,77.6692,78.3011
2019-05-28,77.6993,78.3316
2019-05-29,77.2588,77.8877
2019-05-30,77.8101,78.4436
2019-05-31,77.6595,78.2919
2019-06-03,78.7428,79.3845
2019-06-04,78.3371,78.9756
2019-06-06,77.1787,77.8080
2019-06-07,77.3532,77.9842
2019-06-10,77.6899,78.3241
2019-06-11,77.9688,78.6054
2019-06-12,77.5818,78.2154
2019-06-13,77.7023,78.3370
2019-06-14,77.1119,77.7419
2019-06-17,76.1277,76.7502
2019-06-18,76.2528,76.8764
2019-06-19,76.2519,76.8756
2019-06-20,77.2308,77.8627
2019-06-21,76.5298,77.1561
2019-06-24,76.3696,76.9950
2019-06-25,76.9993,77.6300
2019-06-26,77.3316,77.9652
2019-06-27,77.2911,77.9245
2019-06-28,76.9472,77.5780
2019-07-01,77.4458,78.0811
2019-07-02,77.7361,78.3739
2019-07-03,77.7779,78.4162
2019-07-04,77.9917,78.6319
2019-07-05,77.1078,77.7409
2019-07-08,75.4671,76.0872
2019-07-09,75.4483,76.0684
2019-07-10,75.0785,75.6957
2019-07-11,75.6397,76.2617
2019-07-12,75.4429,76.0634
2019-07-15,75.6825,76.3054
2019-07-16,76.1803,76.8074
2019-07-17,76.3423,76.9709
2019-07-18,75.7635,76.3874
2019-07-19,74.6517,75.2667
2019-07-22,74.1838,74.7954
2019-07-23,74.0838,74.6947
2019-07-24,73.7322,74.3403
2019-07-25,73.6206,74.2279
2019-07-26,73.8301,74.4393
2019-07-29,73.2117,73.8163
2019-07-30,72.5332,73.1322
2019-07-31,72.7480,73.3490
2019-08-01,71.8659,72.4597
2019-08-02,72.0145,72.6097
2019-08-05,71.1330,71.7214
2019-08-06,71.6922,72.2853
2019-08-07,71.0859,71.6740
2019-08-08,72.2559,72.8539
2019-08-09,72.7602,73.3625
2019-08-13,71.5741,72.1671
2019-08-14,72.2728,72.8717
2019-08-16,72.3925,72.9928
2019-08-19,72.4453,73.0464
2019-08-20,72.2080,72.8073
2019-08-21,71.5788,72.1730
2019-08-22,70.4319,71.0167
2019-08-23,71.0074,71.5971
2019-08-26,72.5019,73.1044
2019-08-27,72.8126,73.4179
2019-08-28,72.4243,73.0265
2019-08-29,71.7834,72.3804
2019-08-30,72.2735,72.8747
2019-09-03,70.7965,71.3859
2019-09-04,71.1021,71.6942
2019-09-05,71.1226,71.7151
2019-09-06,71.7674,72.3654
2019-09-09,72.1385,72.7400
2019-09-11,72.3522,72.9558
2019-09-12,72.0054,72.6062
2019-09-13,72.6147,73.2207
2019-09-16,72.1393,72.7418
2019-09-17,70.9187,71.5111
2019-09-18,71.0695,71.6633
2019-09-19,70.1791,70.7656
2019-09-20,73.9068,74.5246
2019-09-23,76.0434,76.6795
2019-09-24,75.9645,76.6001
2019-09-25,74.9941,75.6218
2019-09-26,75.8520,76.4870
2019-09-27,75.4657,76.0976
2019-09-30,75.2162,75.8464
2019-10-01,74.4658,75.0899
2019-10-03,74.1639,74.7857
2019-10-04,73.2506,73.8649
2019-10-07,72.9323,73.5444
2019-10-09,74.1565,74.7791
2019-10-10,73.6398,74.2582
2019-10-11,74.1015,74.7239
2019-10-14,74.3370,74.9618
2019-10-15,74.9075,75.5373
2019-10-16,75.1410,75.7729
2019-10-17,76.0175,76.6569
2019-10-18,76.5116,77.1553
2019-10-22,76.0290,76.6692
2019-10-23,76.1909,76.8326
2019-10-24,76.0494,76.6901
2019-10-25,76.0575,76.6984
2019-10-29,77.3878,78.0405
2019-10-30,77.7651,78.4211
2019-10-31,77.9859,78.6440
2019-11-01,78.0718,78.7307
2019-11-04,78.4038,79.0660
2019-11-05,78.2457,78.9067
2019-11-06,78.5656,79.2295
2019-11-07,78.8678,79.5344
2019-11-08,78.1846,78.8455
2019-11-11,78.2182,78.8799
2019-11-13,77.7390,78.3970
2019-11-14,77.9465,78.6064
2019-11-15,78.0994,78.7607
2019-11-18,78.0263,78.6874
2019-11-19,78.3910,79.0554
2019-11-20,78.7783,79.4461
2019-11-21,78.5762,79.2425
2019-11-22,78.2218,78.8852
2019-11-25,79.2673,79.9400
2019-11-26,79.0308,79.7016
2019-11-27,79.4442,80.1187
2019-11-28,79.7751,80.4526
2019-11-29,79.1512,79.8235
2019-12-02,79.0994,79.7717
2019-12-03,78.7443,79.4138
2019-12-04,79.0658,79.7382
2019-12-05,78.9025,79.5736
2019-12-06,78.2661,78.9320
2019-12-09,78.3698,79.0370
2019-12-10,77.8429,78.5058
2019-12-11,78.1927,78.8587
2019-12-12,78.5970,79.2666
2019-12-13,79.3468,80.0230
2019-12-16,79.1310,79.8058
2019-12-17,79.8593,80.5404
2019-12-18,80.2313,80.9158
2019-12-19,80.4838,81.1706
2019-12-20,80.5632,81.2508
2019-12-23,80.5015,81.1891
2019-12-24,80.1853,80.8703
2019-12-26,79.6067,80.2871
2019-12-27,80.3891,81.0763
2019-12-30,80.4544,81.1426
2019-12-31,79.8803,80.5638
2020-01-01,79.9725,80.6569
2020-01-02,80.6264,81.3165
2020-01-03,80.2612,80.9485
2020-01-06,78.7271,79.4017
2020-01-07,79.1199,79.7980
2020-01-08,78.9377,79.6143
2020-01-09,80.1878,80.8753
2020-01-10,80.4561,81.1460
2020-01-13,80.9334,81.6280
2020-01-14,81.1476,81.8441
2020-01-15,81.0223,81.7180
2020-01-16,81.1022,81.7986
2020-01-17,81.0808,81.7772
2020-01-20,80.2416,80.9313
2020-01-21,79.8825,80.5692
2020-01-22,79.4694,80.1528
2020-01-23,79.9595,80.6472
2020-01-24,80.4105,81.1023
2020-01-27,79.5617,80.2467
2020-01-28,79.1466,79.8281
2020-01-29,79.6242,80.3100
2020-01-30,79.0092,79.6899
2020-01-31,78.5250,79.2017
2020-02-03,76.8562,77.5189
2020-02-04,78.6392,79.3174
2020-02-05,79.3571,80.0417
2020-02-06,79.6769,80.3644
2020-02-07,79.4141,80.0994
2020-02-10,78.9741,79.6562
2020-02-11,79.4755,80.1620
2020-02-12,80.0880,80.7800
2020-02-13,79.9135,80.6041
2020-02-14,79.5115,80.1988
2020-02-17,79.0859,79.7700
2020-02-18,78.7358,79.4170
2020-02-19,79.6109,80.2998
2020-02-20,79.3151,80.0016
2020-02-24,77.6647,78.3375
2020-02-25,77.4573,78.1285
2020-02-26,76.6714,77.3359
2020-02-27,76.3742,77.0362
2020-02-28,73.5340,74.1716
2020-03-02,73.0953,73.7295
2020-03-03,74.2551,74.8995
2020-03-04,73.9117,74.5532
2020-03-05,74.0401,74.6829
2020-03-06,72.2063,72.8333
2020-03-09,68.6795,69.2763
2020-03-11,68.7243,69.3218
2020-03-12,63.0226,63.5707
2020-03-13,65.4144,65.9833
2020-03-16,60.3649,60.8903
2020-03-17,58.7968,59.3086
2020-03-18,55.5133,55.9967
2020-03-19,54.2023,54.6744
2020-03-20,57.3614,57.8611
2020-03-23,49.9657,50.4013
2020-03-24,51.2300,51.6767
2020-03-25,54.5983,55.0745
2020-03-26,56.7177,57.2125
2020-03-27,56.8361,57.3320
2020-03-30,54.3484,54.8229
2020-03-31,56.4233,56.9160
2020-04-01,54.1659,54.6390
2020-04-03,53.0495,53.5131
2020-04-07,57.6876,58.1921
2020-04-08,57.4027,57.9049
2020-04-09,59.7855,60.3086
2020-04-13,59.0097,59.5265
2020-04-15,58.5600,59.0731
2020-04-16,59.0022,59.5193
2020-04-17,60.7994,61.3323
2020-04-20,60.7668,61.2998
2020-04-21,58.9274,59.4444
2020-04-22,60.2778,60.8067
2020-04-23,61.1094,61.6457
2020-04-24,60.0627,60.5900
2020-04-27,60.9018,61.4368
2020-04-28,61.5485,62.0893
2020-04-29,62.6865,63.2374
2020-04-30,64.6990,65.2677
2020-05-04,60.9699,61.5064
2020-05-05,60.3978,60.9293
2020-05-06,60.8259,61.3613
2020-05-07,60.3545,60.8859
2020-05-08,60.6982,61.2327
2020-05-11,60.6168,61.1509
2020-05-12,60.3373,60.8691
2020-05-13,61.5637,62.1065
2020-05-14,59.9835,60.5125
2020-05-15,59.9442,60.4729
2020-05-18,57.8857,58.3966
2020-05-19,58.2511,58.7653
2020-05-20,59.4810,60.0062
2020-05-21,59.7412,60.2688
2020-05-22,59.3009,59.8248
2020-05-26,59.2329,59.7565
2020-05-27,61.1079,61.6483
2020-05-28,62.2571,62.8077
2020-05-29,62.9038,63.4603
2020-06-01,64.5172,65.0883
2020-06-02,65.5215,66.1016
2020-06-03,66.0727,66.6579
2020-06-04,65.8595,66.4429
2020-06-05,66.6006,67.1907
2020-06-08,66.7659,67.3578
2020-06-09,65.9725,66.5576
2020-06-10,66.4284,67.0176
2020-06-11,65.0258,65.6027
2020-06-12,65.4904,66.0716
2020-06-15,64.4453,65.0176
2020-06-16,65.1026,65.6808
2020-06-17,64.8867,65.4632
2020-06-18,66.2681,66.8569
2020-06-19,67.2861,67.8841
2020-06-22,67.7239,68.3262
2020-06-23,68.7721,69.3838
2020-06-24,67.6853,68.2875
2020-06-25,67.5759,68.1773
2020-06-26,68.1935,68.8005
2020-06-29,67.7293,68.3325
2020-06-30,67.6611,68.2639
2020-07-01,68.5005,69.1109
2020-07-02,69.3307,69.9486
2020-07-03,69.6956,70.3169
2020-07-06,70.7247,71.3556
2020-07-07,70.9605,71.5936
2020-07-08,70.3443,70.9720
2020-07-09,71.1088,71.7434
2020-07-10,70.8092,71.4412
2020-07-13,71.0401,71.6744
2020-07-14,69.7608,70.3837
2020-07-15,69.8316,70.4552
2020-07-16,70.6405,71.2715
2020-07-17,71.7006,72.3411
2020-07-20,72.4899,73.1377
2020-07-21,73.4086,74.0647
2020-07-22,73.2137,73.8681
2020-07-23,73.7665,74.4259
2020-07-24,73.6264,74.2847
2020-07-27,73.2167,73.8715
2020-07-28,74.3231,74.9879
2020-07-29,73.6843,74.3435
2020-07-30,73.0395,73.6930
2020-07-31,72.8510,73.5028
2020-08-03,71.6589,72.3003
2020-08-04,72.9945,73.6480
2020-08-05,73.0544,73.7085
2020-08-06,73.7198,74.3799
2020-08-07,73.8106,74.4717
2020-08-10,74.1781,74.8427
2020-08-11,74.5216,75.1893
2020-08-12,74.4285,75.0955
2020-08-13,74.4088,75.0757
2020-08-14,73.6075,74.2673
2020-08-17,74.0578,74.7219
2020-08-18,74.9658,75.6381
2020-08-19,75.1235,75.7973
2020-08-20,74.4912,75.1594
2020-08-21,74.8807,75.5525
2020-08-24,75.5033,76.1809
2020-08-25,75.5410,76.2191
2020-08-26,76.0665,76.7493
2020-08-27,76.1297,76.8132
2020-08-28,76.7090,77.3978
2020-08-31,75.0001,75.6738
2020-09-01,75.5428,76.2214
2020-09-02,75.9837,76.6664
2020-09-03,75.9362,76.6185
2020-09-04,74.6632,75.3342
2020-09-07,74.8000,75.4724
2020-09-08,74.5514,75.2217
2020-09-09,74.2919,74.9599
2020-09-10,75.4196,76.0979
2020-09-11,75.5174,76.1966
2020-09-14,75.3594,76.0375
2020-09-15,75.8979,76.5808
2020-09-16,76.4418,77.1298
2020-09-17,75.8592,76.5420
2020-09-18,75.7854,76.4676
2020-09-21,74.1095,74.7769
2020-09-22,73.4714,74.1331
2020-09-23,73.3272,73.9877
2020-09-24,71.1751,71.8163
2020-09-25,72.7847,73.4405
2020-09-28,73.9508,74.6173
2020-09-29,73.9165,74.5828
2020-09-30,74.0812,74.7490
2020-10-01,75.1960,75.8740
2020-10-05,75.7634,76.4469
2020-10-06,76.8100,77.5030
2020-10-07,77.3132,78.0108
2020-10-08,77.9434,78.6468
2020-10-09,78.4673,79.1755
2020-10-12,78.5776,79.2870
2020-10-13,78.6007,79.3105
2020-10-14,78.8604,79.5726
2020-10-15,76.9449,77.6399
2020-10-16,77.4854,78.1853
2020-10-19,78.2128,78.9195
2020-10-20,78.3689,79.0771
2020-10-21,78.6371,79.3479
2020-10-22,78.3715,79.0800
2020-10-23,78.6617,79.3729
2020-10-26,77.5900,78.2918
2020-10-27,78.3907,79.0998
2020-10-28,77.3593,78.0591
2020-10-29,76.9931,77.6897
2020-10-30,76.8057,77.5007
2020-11-02,76.9810,77.6778
2020-11-03,77.9312,78.6367
2020-11-04,78.5901,79.3016
2020-11-05,79.9846,80.7088
2020-11-06,80.9277,81.6606
2020-11-09,82.2295,82.9745
2020-11-10,83.3496,84.1048
2020-11-11,84.1271,84.8894
2020-11-12,83.7424,84.5014
2020-11-13,83.9340,84.6948
2020-11-17,84.9532,85.7236
2020-11-18,85.3752,86.1495
2020-11-19,84.2762,85.0407
2020-11-20,84.8501,85.6198
2020-11-23,85.2945,86.0685
2020-11-24,86.1438,86.9256
2020-11-25,84.8448,85.6150
2020-11-26,85.6932,86.4711
2020-11-27,85.5737,86.3506
2020-12-01,86.4973,87.2830
2020-12-02,86.5276,87.3137
2020-12-03,86.6594,87.4467
2020-12-04,87.4813,88.2763
2020-12-07,88.1223,88.9234
2020-12-08,88.3633,89.1666
2020-12-09,89.2621,90.0737
2020-12-10,88.9274,89.7360
2020-12-11,89.1614,89.9724
2020-12-14,89.4530,90.2668
2020-12-15,89.5169,90.3314
2020-12-16,90.2734,91.0950
2020-12-17,90.6756,91.5009
2020-12-18,90.8060,91.6325
2020-12-21,87.9547,88.7556
2020-12-22,88.8636,89.6728
2020-12-23,89.7529,90.5704
2020-12-24,90.7300,91.5565
2020-12-28,91.5468,92.3811
2020-12-29,91.9386,92.7766
2020-12-30,92.2637,93.1047
2020-12-31,92.2614,93.1025
2021-01-01,92.5037,93.3472
2021-01-04,93.2570,94.1076
2021-01-05,93.6963,94.5510
2021-01-06,93.3445,94.1961
2021-01-07,93.2856,94.1368
2021-01-08,94.6701,95.5340
2021-01-11,95.5777,96.4502
2021-01-12,96.0968,96.9742
2021-01-13,96.1058,96.9833
2021-01-14,96.3179,97.1975
2021-01-15,95.2489,96.1188
2021-01-18,94.2380,95.0990
2021-01-19,95.8199,96.6955
2021-01-20,96.6408,97.5240
2021-01-21,96.2887,97.1688
2021-01-22,94.8488,95.7158
2021-01-25,93.9704,94.8297
2021-01-27,92.1861,93.0293
2021-01-28,91.1941,92.0284
2021-01-29,89.9859,90.8092
2021-02-01,94.2483,95.1108
2021-02-02,96.6696,97.5544
2021-02-03,97.6056,98.4991
2021-02-04,98.2988,99.1988
2021-02-05,98.4877,99.3895
2021-02-08,99.7516,100.6653
2021-02-09,99.7162,100.6297
2021-02-10,99.6970,100.6104
2021-02-11,100.1593,101.0770
2021-02-12,100.0929,101.0102
2021-02-15,101.1035,102.0304
2021-02-16,101.0947,102.0216
2021-02-17,100.4340,101.3550
2021-02-18,99.8406,100.7562
2021-02-19,98.9354,99.8428
2021-02-22,96.9833,97.8732
2021-02-23,97.1938,98.0857
2021-02-24,99.0057,99.9144
2021-02-25,99.7661,100.6818
2021-02-26,96.0142,96.8956
2021-03-01,97.5480,98.4438
2021-03-02,98.5873,99.4927
2021-03-03,100.7399,101.6653
2021-03-04,99.6502,100.5657
2021-03-05,98.7079,99.6147
2021-03-08,98.8423,99.7508
2021-03-09,99.7806,100.6977
2021-03-10,100.2840,101.2060
2021-03-12,99.3325,100.2459
2021-03-15,98.6780,99.5857
2021-03-16,98.5514,99.4581
2021-03-17,97.3004,98.1956
2021-03-18,96.2213,97.1067
2021-03-19,97.4502,98.3470
2021-03-22,97.4065,98.3033
2021-03-23,97.9358,98.8375
2021-03-24,96.1815,97.0672
2021-03-25,94.7031,95.5752
2021-03-26,95.9058,96.7892
2021-03-30,98.1319,99.0362
2021-03-31,97.1142,98.0092
2021-04-01,98.2808,99.1867
2021-04-05,96.7620,97.6543
2021-04-06,97.0635,97.9587
2021-04-07,97.9586,98.8621
2021-04-08,98.3319,99.2390
2021-04-09,98.0737,98.9785
2021-04-12,94.6071,95.4803
2021-04-13,95.8903,96.7754
2021-04-15,96.3950,97.2850
2021-04-16,96.6323,97.5248
2021-04-19,94.9233,95.8007
2021-04-20,94.5063,95.3802
2021-04-22,95.2299,96.1110
2021-04-23,94.8006,95.6780
2021-04-26,95.7475,96.6344
2021-04-27,96.8580,97.7554
2021-04-28,98.2544,99.1652
2021-04-29,98.4854,99.3985
2021-04-30,96.7422,97.6394
2021-05-03,96.7598,97.6580
2021-05-04,95.8495,96.7396
2021-05-05,96.6504,97.5482
2021-05-06,97.3568,98.2614
2021-05-07,98.0051,98.9160
2021-05-10,98.7906,99.7095
2021-05-11,98.1843,99.0979
2021-05-12,97.1644,98.0687
2021-05-14,97.0389,97.9426
2021-05-17,98.6576,99.5772
2021-05-18,99.8789,100.8102
2021-05-19,99.3628,100.2896
2021-05-20,98.5415,99.4609
2021-05-21,100.3232,101.2594
2021-05-24,100.4689,101.4074
2021-05-25,100.5704,101.5100
2021-05-26,101.1843,102.1300
2021-05-27,101.4240,102.3722
2021-05-28,102.0695,103.0241
2021-05-31,103.1880,104.1538
2021-06-01,103.1344,104.1000
2021-06-02,103.1425,104.1085
2021-06-03,103.9188,104.8923
2021-06-04,103.7850,104.7576
2021-06-07,104.3201,105.2986
2021-06-08,104.2424,105.2204
2021-06-09,103.5498,104.5216
2021-06-10,104.3158,105.2951
2021-06-11,104.7563,105.7400
2021-06-14,104.8591,105.8446
2021-06-15,105.2374,106.2268
2021-06-16,104.5642,105.5476
2021-06-17,104.0897,105.0689
2021-06-18,104.0349,105.0139
2021-06-21,104.4499,105.4336
2021-06-22,104.6224,105.6081
2021-06-23,104.0539,105.0345
2021-06-24,104.7431,105.7305
2021-06-25,105.2045,106.1965
2021-06-28,104.8997,105.8897
2021-06-29,104.5036,105.4901
2021-06-30,104.3272,105.3124
2021-07-01,104.0514,105.0343
2021-07-02,104.3287,105.3145
2021-07-05,105.0785,106.0723
2021-07-06,104.9707,105.9637
2021-07-07,105.3762,106.3733
2021-07-08,104.4024,105.3906
2021-07-09,104.1537,105.1398
2021-07-12,104.1697,105.1568
2021-07-13,104.9621,105.9570
2021-07-14,105.2447,106.2426
2021-07-15,105.7331,106.7359
2021-07-16,105.7269,106.7300
2021-07-19,104.5919,105.5851
2021-07-20,103.7944,104.7803
2021-07-22,105.0741,106.0728
2021-07-23,105.3136,106.3148
2021-07-26,105.1017,106.1018
2021-07-27,104.5935,105.5890
2021-07-28,104.3800,105.3737
2021-07-29,104.8580,105.8566
2021-07-30,104.7546,105.7525
2021-08-02,105.5680,106.5745
2021-08-03,107.1963,108.2187
2021-08-04,108.0440,109.0747
2021-08-05,108.2952,109.3287
2021-08-06,107.9202,108.9504
2021-08-09,108.0577,109.0901
2021-08-10,108.2015,109.2355
2021-08-11,108.2167,109.2511
2021-08-12,108.7728,109.8129
2021-08-13,109.8646,110.9154
2021-08-16,110.0875,111.1413
2021-08-17,110.4380,111.4956
2021-08-18,110.1333,111.1882
2021-08-20,109.3453,110.3933
2021-08-23,109.6516,110.7034
2021-08-24,110.5017,111.5620
2021-08-25,110.5669,111.6281
2021-08-26,110.5811,111.6428
2021-08-27,111.0341,112.1005
2021-08-30,112.5313,113.6130
2021-08-31,113.8660,114.9608
2021-09-01,113.4934,114.5849
2021-09-02,114.5529,115.6550
2021-09-03,115.1471,116.2552
2021-09-06,115.5037,116.6162
2021-09-07,115.3981,116.5099
2021-09-08,115.3883,116.5003
2021-09-09,115.4919,116.6052
2021-09-13,115.3956,116.5092
2021-09-14,115.5586,116.6741
2021-09-15,116.4832,117.6080
2021-09-16,117.2136,118.3458
2021-09-17,116.9178,118.0474
2021-09-20,115.6650,116.7835
2021-09-21,116.7603,117.8897
2021-09-22,116.6568,117.7855
2021-09-23,118.4891,119.6359
2021-09-24,118.6884,119.8374
2021-09-27,118.6983,119.8484
2021-09-28,117.9888,119.1323
2021-09-29,117.7392,118.8807
2021-09-30,117.1187,118.2545
2021-10-01,116.5450,117.6755
2021-10-04,117.6008,118.7426
2021-10-05,118.4810,119.6317
2021-10-06,117.3091,118.4486
2021-10-07,118.2664,119.4156
2021-10-08,118.9613,120.1176
2021-10-11,119.2957,120.4562
2021-10-12,119.6000,120.7638
2021-10-13,120.7264,121.9015
2021-10-14,121.9110,123.0979
2021-10-18,122.8271,124.0243
2021-10-19,122.4392,123.6330
2021-10-20,121.4273,122.6115
2021-10-21,120.8547,122.0338
2021-10-22,120.4338,121.6091
2021-10-25,120.4999,121.6768
2021-10-26,121.5610,122.7486
2021-10-27,121.1763,122.3605
2021-10-28,118.8274,119.9890
2021-10-29,117.5923,118.7421
2021-11-01,119.3042,120.4718
2021-11-02,119.0470,120.2123
2021-11-03,118.6488,119.8106
2021-11-08,120.2340,121.4129
2021-11-09,120.0714,121.2491
2021-11-10,119.8905,121.0668
2021-11-11,118.9607,120.1282
2021-11-12,120.4834,121.6661
2021-11-15,120.5247,121.7089
2021-11-16,119.7902,120.9674
2021-11-17,119.1206,120.2916
2021-11-18,118.2295,119.3920
2021-11-22,115.9394,117.0807
2021-11-23,116.5151,117.6624
2021-11-24,115.9278,117.0697
2021-11-25,116.7328,117.8829
2021-11-26,113.3390,114.4560
2021-11-29,113.5195,114.6392
2021-11-30,113.0483,114.1637
2021-12-01,114.2687,115.3965
2021-12-02,115.8303,116.9738
2021-12-03,114.4679,115.5983
2021-12-06,112.5724,113.6850
2021-12-07,114.3285,115.4588
2021-12-08,116.2766,117.4264
2021-12-09,116.5889,117.7422
2021-12-10,116.5508,117.7039
2021-12-13,115.5967,116.7414
2021-12-14,115.3069,116.4491
2021-12-15,114.6172,115.7529
2021-12-16,114.7954,115.9331
2021-12-17,113.0433,114.1640
2021-12-20,110.5700,111.6671
2021-12-21,111.6087,112.7164
2021-12-22,112.8709,113.9915
2021-12-23,113.6493,114.7778
2021-12-24,113.1903,114.3147
2021-12-27,113.7363,114.8670
2021-12-28,114.7130,115.8537
2021-12-29,114.5813,115.7210
2021-12-30,114.5139,115.6533
2021-12-31,115.5117,116.6613
2022-01-03,117.3165,118.4850
2022-01-04,118.5174,119.6983
2022-01-05,119.3159,120.5051
2022-01-06,118.1200,119.2976
2022-01-07,118.5636,119.7459
2022-01-10,119.8288,121.0247
2022-01-11,120.1771,121.3768
2022-01-12,121.2181,122.4286
2022-01-13,121.5194,122.7332
2022-01-14,121.5049,122.7189
2022-01-17,121.8500,123.0684
2022-01-18,120.5509,121.7567
2022-01-19,119.3985,120.5931
2022-01-20,118.2063,119.3893
2022-01-21,117.2761,118.4501
2022-01-24,114.1593,115.3031
2022-01-25,115.0149,116.1675
2022-01-27,113.8973,115.0393
2022-01-28,113.8413,114.9831
2022-01-31,115.4214,116.5800
2022-02-01,116.9964,118.1711
2022-02-02,118.3451,119.5338
2022-02-03,116.9107,118.0852
2022-02-04,116.6175,117.7894
2022-02-07,114.6022,115.7549
2022-02-08,114.9545,116.1110
2022-02-09,116.2892,117.4595
2022-02-10,117.2413,118.4215
2022-02-11,115.7020,116.8669
2022-02-14,112.2312,113.3621
2022-02-15,115.6199,116.7853
2022-02-16,115.4466,116.6106
2022-02-17,115.3283,116.4914
2022-02-18,115.1393,116.3008
2022-02-21,114.7097,115.8678
2022-02-22,113.9462,115.0970
2022-02-23,113.7523,114.9014
2022-02-24,108.3206,109.4151
2022-02-25,111.0462,112.1685
2022-02-28,111.9473,113.0797
2022-03-02,110.6921,111.8124
2022-03-03,109.9723,111.0856
2022-03-04,108.2882,109.3848
2022-03-07,105.7383,106.8099
2022-03-08,106.7361,107.8181
2022-03-09,108.9425,110.0472
2022-03-10,110.6024,111.7242
2022-03-11,110.8368,111.9613
2022-03-14,112.4393,113.5810
2022-03-15,111.0499,112.1779
2022-03-16,113.1305,114.2799
2022-03-17,115.2064,116.3772
2022-03-21,114.0730,115.2336
2022-03-22,115.3900,116.5643
2022-03-23,114.9241,116.0939
2022-03-24,114.7700,115.9386
2022-03-25,114.3041,115.4683
2022-03-28,114.7613,115.9310
2022-03-29,115.4502,116.6273
2022-03-30,116.5995,117.7887
2022-03-31,116.3753,117.5625
2022-04-01,117.7449,118.9464
2022-04-04,120.2953,121.5238
2022-04-05,119.6665,120.8889
2022-04-06,118.6689,119.8815
2022-04-07,117.5484,118.7499
2022-04-08,118.5123,119.7239
2022-04-11,117.7799,118.9850
2022-04-12,116.8149,118.0104
2022-04-13,116.4485,117.6406
2022-04-18,114.4318,115.6049
2022-04-19,113.0010,114.1597
2022-04-20,114.1848,115.3559
2022-04-21,115.8944,117.0834
2022-04-22,114.4235,115.5977
2022-04-25,112.9673,114.1275
2022-04-26,114.6111,115.7886
2022-04-27,113.5284,114.6950
2022-04-28,114.9329,116.1143
2022-04-29,113.9827,115.1546
2022-05-02,113.7565,114.9271
2022-05-04,111.1465,112.2908
2022-05-05,111.1786,112.3236
2022-05-06,109.3716,110.4983
2022-05-09,108.6404,109.7604
2022-05-10,108.2281,109.3441
2022-05-11,107.7409,108.8522
2022-05-12,105.4504,106.5384
2022-05-13,105.2772,106.3637
2022-05-16,105.6749,106.7664
2022-05-17,108.4507,109.5712
2022-05-18,108.3226,109.4421
2022-05-19,105.4498,106.5399
2022-05-20,108.4896,109.6114
2022-05-23,108.1440,109.2632
2022-05-24,107.5467,108.6599
2022-05-25,106.9598,108.0673
2022-05-26,108.0035,109.1221
2022-05-27,109.2166,110.3480
2022-05-30,111.2724,112.4261
2022-05-31,110.9336,112.0841
2022-06-01,110.5209,111.6674
2022-06-02,111.2207,112.3748
2022-06-03,110.9284,112.0798
2022-06-06,110.8274,111.9786
2022-06-07,109.8055,110.9464
2022-06-08,109.4044,110.5414
2022-06-09,110.2312,111.3771
2022-06-10,108.3891,109.5162
2022-06-13,105.5371,106.6354
2022-06-14,105.2541,106.3497
2022-06-15,105.0756,106.1696
2022-06-16,102.8652,103.9365
2022-06-17,102.4166,103.4835
2022-06-20,102.8019,103.8737
2022-06-21,104.7254,105.8175
2022-06-22,103.2231,104.2998
2022-06-23,104.1774,105.2644
2022-06-24,105.1271,106.2243
2022-06-27,106.0096,107.1169
2022-06-28,106.1294,107.2382
2022-06-29,105.7877,106.8932
2022-06-30,105.6973,106.8022
2022-07-01,105.5078,106.6110
2022-07-04,106.0868,107.1969
2022-07-05,105.9219,107.0306
2022-07-06,107.1169,108.2384
2022-07-07,108.0757,109.2075
2022-07-08,108.6654,109.8037
2022-07-11,108.6374,109.7764
2022-07-12,107.5819,108.7101
2022-07-13,106.9695,108.0915
2022-07-14,106.8164,107.9371
2022-07-15,107.5557,108.6845
2022-07-18,109.0859,110.2317
2022-07-19,109.5155,110.6660
2022-07-20,110.7203,111.8838
2022-07-21,111.3533,112.5238
2022-07-22,112.1157,113.2945
2022-07-25,111.5211,112.6946
2022-07-26,110.5361,111.6995
2022-07-27,111.6081,112.7831
2022-07-28,113.5335,114.7291
2022-07-29,115.0641,116.2761
2022-08-01,116.2898,117.5158
2022-08-02,116.3318,117.5585
2022-08-03,116.6288,117.8589
2022-08-04,116.5861,117.8161
2022-08-05,116.6891,117.9205
2022-08-08,117.5986,118.8406
2022-08-10,117.6830,118.9266
2022-08-11,118.5564,119.8095
2022-08-12,118.8220,120.0782
2022-08-16,119.6705,120.9371
2022-08-17,120.4662,121.7415
2022-08-18,120.6102,121.8874
2022-08-19,119.3073,120.5710
2022-08-22,117.5091,118.7547
2022-08-23,118.0903,119.3424
2022-08-24,118.2735,119.5278
2022-08-25,117.7191,118.9679
2022-08-26,117.9626,119.2143
2022-08-29,116.3099,117.5450
2022-08-30,119.3031,120.5704
2022-09-01,117.8483,119.1008
2022-09-02,117.8248,119.0774
2022-09-05,118.6692,119.9317
2022-09-06,118.5996,119.8617
2022-09-07,118.3894,119.6495
2022-09-08,119.5586,120.8316
2022-09-09,119.7896,121.0654
2022-09-12,120.4791,121.7632
2022-09-13,121.3765,122.6705
2022-09-14,120.9303,122.2199
2022-09-15,120.0807,121.3615
2022-09-16,117.7540,119.0103
2022-09-19,118.3647,119.6285
2022-09-20,119.6666,120.9447
2022-09-21,119.0083,120.2797
2022-09-22,118.4132,119.6786
2022-09-23,116.3807,117.6246
2022-09-26,114.2884,115.5109
2022-09-27,114.2275,115.4497
2022-09-28,113.2281,114.4399
2022-09-29,112.9517,114.1609
2022-09-30,114.8060,116.0354
2022-10-03,113.4134,114.6288
2022-10-04,116.0159,117.2595
2022-10-06,116.3998,117.6482
2022-10-07,116.2837,117.5312
2022-10-10,115.7864,117.0295
2022-10-11,114.0563,115.2811
2022-10-12,114.9957,116.2309
2022-10-13,114.2610,115.4886
2022-10-14,115.4109,116.6512
2022-10-17,116.2674,117.5178
2022-10-18,117.4427,118.7062
2022-10-19,117.6276,118.8933
2022-10-20,117.9734,119.2432
2022-10-21,118.0552,119.3263
2022-10-25,118.5893,119.8674
2022-10-27,119.2205,120.5060
2022-10-28,119.5544,120.8439
2022-10-31,121.0743,122.3812
2022-11-01,121.9909,123.3081
2022-11-02,121.5698,122.8827
2022-11-03,121.3666,122.6776
2022-11-04,121.7982,123.1142
2022-11-07,122.3703,123.6935
2022-11-09,122.0780,123.3988
2022-11-10,121.2111,122.5228
2022-11-11,123.3705,124.7059
2022-11-14,123.2289,124.5638
2022-11-15,123.7260,125.0667
2022-11-16,123.7668,125.1082
2022-11-17,123.3242,124.6612
2022-11-18,123.0798,124.4145
2022-11-21,122.0853,123.4102
2022-11-22,122.6503,123.9817
2022-11-23,122.8036,124.1370
2022-11-24,124.2578,125.6073
2022-11-25,124.4493,125.8012
2022-11-28,124.7824,126.1389
2022-11-29,125.1528,126.5137
2022-11-30,126.0937,127.4653
2022-12-01,126.4562,127.8321
2022-12-02,125.6730,127.0406
2022-12-05,125.7031,127.0721
2022-12-06,125.3102,126.6753
2022-12-07,124.7569,126.1163
2022-12-08,125.0841,126.4474
2022-12-09,124.3251,125.6805
2022-12-12,124.3263,125.6827
2022-12-13,125.0699,126.4348
2022-12-14,125.4204,126.7894
2022-12-15,123.7677,125.1191
2022-12-16,122.7864,124.1274
2022-12-19,123.8010,125.1541
2022-12-20,123.5633,124.9142
2022-12-21,122.3115,123.6490
2022-12-22,121.8285,123.1611
2022-12-23,119.6733,120.9826
2022-12-26,121.0670,122.3926
2022-12-27,121.8570,123.1915
2022-12-28,121.7901,123.1243
2022-12-29,122.2483,123.5879
2022-12-30,121.6709,123.0044
2023-01-02,122.2878,123.6291
2023-01-03,122.5224,123.8666
2023-01-04,121.2477,122.5782
2023-01-05,120.9052,122.2323
2023-01-06,120.0120,121.3296
2023-01-09,121.6324,122.9688
2023-01-10,120.3752,121.6982
2023-01-11,120.2499,121.5719
2023-01-12,119.9969,121.3164
2023-01-13,120.6574,121.9845
2023-01-16,120.2398,121.5633
2023-01-17,121.3026,122.6381
2023-01-18,122.0531,123.3972
2023-01-19,121.6820,123.0224
2023-01-20,121.1427,122.4775
2023-01-23,121.7502,123.0927
2023-01-24,121.7498,123.0926
2023-01-25,120.2298,121.5562
2023-01-27,118.2965,119.6022
2023-01-30,118.5928,119.9028
2023-01-31,118.6802,119.9915
2023-02-01,118.3711,119.6792
2023-02-02,118.3302,119.6383
2023-02-03,119.9638,121.2902
2023-02-06,119.3601,120.6809
2023-02-07,119.0697,120.3876
2023-02-08,120.0889,121.4184
2023-02-09,120.2335,121.5649
2023-02-10,119.9845,121.3135
2023-02-13,119.4067,120.7303
2023-02-14,120.4734,121.8091
2023-02-15,121.1296,122.4730
2023-02-16,121.2628,122.6080
2023-02-17,120.6463,121.9850
2023-02-20,119.9750,121.3072
2023-02-21,119.8536,121.1848
2023-02-22,118.0247,119.3359
2023-02-23,117.7345,119.0428
2023-02-24,117.4294,118.7346
2023-02-27,116.9358,118.2365
2023-02-28,116.3381,117.6325
2023-03-01,117.3237,118.6294
2023-03-02,116.4566,117.7530
2023-03-03,118.2836,119.6006
2023-03-06,119.0670,120.3938
2023-03-08,119.3535,120.6841
2023-03-09,118.2450,119.5636
2023-03-10,117.0562,118.3619
2023-03-13,115.3144,116.6016
2023-03-14,114.5672,115.8464
2023-03-15,114.0883,115.3624
2023-03-16,114.1789,115.4544
2023-03-17,114.9469,116.2313
2023-03-20,114.1928,115.4697
2023-03-21,114.9925,116.2787
2023-03-22,115.2899,116.5797
2023-03-23,114.7847,116.0692
2023-03-24,113.8965,115.1713
2023-03-27,114.1670,115.4458
2023-03-28,113.9370,115.2135
2023-03-29,114.8002,116.0867
2023-03-31,116.6718,117.9800
2023-04-03,116.9267,118.2387
2023-04-05,117.9926,119.3172
2023-04-06,118.2741,119.6022
2023-04-10,118.4366,119.7679
2023-04-11,119.0961,120.4350
2023-04-12,119.7000,121.0461
2023-04-13,119.8167,121.1644
2023-04-17,118.9989,120.3387
2023-04-18,118.6841,120.0207
2023-04-19,118.4049,119.7387
2023-04-20,118.4423,119.7769
2023-04-21,118.4442,119.7792
2023-04-24,119.2429,120.5878
2023-04-25,119.4158,120.7629
2023-04-26,119.7130,121.0639
2023-04-27,120.3935,121.7524
2023-04-28,121.4289,122.7998
2023-05-02,121.9805,123.3590
2023-05-03,121.5911,122.9655
2023-05-04,122.7046,124.0920
2023-05-05,121.4488,122.8223
2023-05-08,122.7595,124.1488
2023-05-09,122.7686,124.1584
2023-05-10,123.0980,124.4919
2023-05-11,122.9754,124.3682
2023-05-12,123.0940,124.4885
2023-05-15,123.6564,125.0583
2023-05-16,123.1506,124.5471
2023-05-17,122.4451,123.8340
2023-05-18,122.0960,123.4812
2023-05-19,122.5964,123.9877
2023-05-22,123.3394,124.7401
2023-05-23,123.5645,124.9681
2023-05-24,123.1425,124.5416
2023-05-25,123.3816,124.7837
2023-05-26,124.5780,125.9941
2023-05-29,125.2429,126.6676
2023-05-30,125.4781,126.9059
2023-05-31,124.8748,126.2960
2023-06-01,124.5604,125.9784
2023-06-02,124.9806,126.4037
2023-06-05,125.3787,126.8074
2023-06-06,125.4124,126.8418
2023-06-07,126.2667,127.7062
2023-06-08,125.6479,127.0808
2023-06-09,125.1836,126.6115
2023-06-12,125.4366,126.8684
2023-06-13,126.2058,127.6467
2023-06-14,126.4716,127.9159
2023-06-15,126.0521,127.4920
2023-06-16,126.9813,128.4321
2023-06-19,126.5340,127.9808
2023-06-20,126.9446,128.3965
2023-06-21,127.2137,128.6690
2023-06-22,126.6362,128.0852
2023-06-23,125.9227,127.3639
2023-06-26,126.0922,127.5364
2023-06-27,126.9395,128.3937
2023-06-28,127.9778,129.4443
2023-06-30,129.4471,130.9311
2023-07-03,130.3431,131.8385
2023-07-04,130.7892,132.2900
2023-07-05,130.8523,132.3543
2023-07-06,131.5163,133.0262
2023-07-07,130.4060,131.9036
2023-07-10,130.5649,132.0653
2023-07-11,131.1384,132.6458
2023-07-12,130.7652,132.2687
2023-07-13,131.0219,132.5287
2023-07-14,132.0577,133.5768
2023-07-17,133.0435,134.5751
2023-07-18,133.2972,134.8320
2023-07-19,133.8610,135.4027
2023-07-20,134.8736,136.4273
2023-07-21,133.3025,134.8385
2023-07-24,132.8103,134.3418
2023-07-25,132.8649,134.3973
2023-07-26,133.5215,135.0618
2023-07-27,132.7370,134.2686
2023-07-28,132.6606,134.1918
2023-07-31,133.3832,134.9238
2023-08-01,133.2454,134.7848
2023-08-02,131.9057,133.4300
2023-08-03,130.9544,132.4680
2023-08-04,131.8681,133.3926
2023-08-07,132.4048,133.9367
2023-08-08,132.2254,133.7556
2023-08-09,132.7245,134.2608
2023-08-10,132.1210,133.6507
2023-08-11,131.4006,132.9223
2023-08-14,131.4546,132.9780
2023-08-16,131.6580,133.1845
2023-08-17,130.9829,132.5020
2023-08-18,130.6280,132.1433
2023-08-21,131.2363,132.7597
2023-08-22,131.2544,132.7784
2023-08-23,131.5744,133.1025
2023-08-24,131.1864,132.7103
2023-08-25,130.3687,131.8835
2023-08-28,130.6370,132.1561
2023-08-29,130.8827,132.4050
2023-08-30,130.9141,132.4370
2023-08-31,130.2800,131.7959
2023-09-01,131.5045,133.0351
2023-09-04,132.1332,133.6722
2023-09-05,132.4433,133.9863
2023-09-06,132.6819,134.2281
2023-09-07,133.4657,135.0213
2023-09-08,134.0926,135.6559
2023-09-11,135.2822,136.8605
2023-09-12,135.2597,136.8381
2023-09-13,135.7785,137.3633
2023-09-14,136.0012,137.5890
2023-09-15,136.6039,138.1991
2023-09-18,136.2008,137.7925
2023-09-20,134.6299,136.2039
2023-09-21,133.5525,135.1143
2023-09-22,133.0906,134.6473
2023-09-25,133.0893,134.6471
2023-09-26,133.0215,134.5789
2023-09-27,133.3703,134.9322
2023-09-29,132.8378,134.3950
2023-10-03,132.0905,133.6418
2023-10-04,131.4621,133.0068
2023-10-05,132.2018,133.7559
2023-10-06,132.9294,134.4928
2023-10-09,131.9703,133.5246
2023-10-10,133.1693,134.7384
2023-10-11,133.9892,135.5687
2023-10-12,133.8703,135.4492
2023-10-13,133.5782,135.1544
2023-10-16,133.4434,135.0202
2023-10-17,133.9811,135.5650
2023-10-18,133.0288,134.6022
2023-10-19,132.7277,134.2983
2023-10-20,132.1911,133.7560
2023-10-23,130.4226,131.9688
2023-10-25,129.4396,130.9755
2023-10-26,127.6467,129.1621
2023-10-27,128.9325,130.4639
2023-10-30,129.5608,131.1017
2023-10-31,129.1445,130.6812
2023-11-01,128.5391,130.0694
2023-11-02,129.5481,131.0911
2023-11-03,130.2247,131.7765
2023-11-06,131.4455,133.0140
2023-11-07,131.4093,132.9781
2023-11-08,131.6567,133.2292
2023-11-09,131.3287,132.8981
2023-11-10,131.5305,133.1030
2023-11-13,131.6491,133.2252
2023-11-15,133.2144,134.8107
2023-11-16,133.8485,135.4531
2023-11-17,133.6206,135.2232
2023-11-20,133.3603,134.9620
2023-11-21,133.9633,135.5730
2023-11-22,134.1541,135.7668
2023-11-23,134.0860,135.6986
2023-11-24,134.0348,135.6476
2023-11-28,134.6716,136.2950
2023-11-29,136.0690,137.7101
2023-11-30,136.3144,137.9592
2023-12-01,137.2247,138.8812
2023-12-04,140.0572,141.7502
2023-12-05,141.1933,142.9009
2023-12-06,141.7509,143.4660
2023-12-07,141.5015,143.2143
2023-12-08,141.9619,143.6811
2023-12-11,142.1450,143.8688
2023-12-12,141.5290,143.2461
2023-12-13,141.6625,143.3820
2023-12-14,143.3961,145.1374
2023-12-15,145.2490,147.0136
2023-12-18,144.9869,146.7507
2023-12-19,145.2187,146.9862
2023-12-20,143.1663,144.9097
2023-12-21,143.8748,145.6275
2023-12-22,144.5118,146.2731
2023-12-26,145.1279,146.9000
2023-12-27,146.5714,148.3619
2023-12-28,147.4051,149.2065
2023-12-29,147.0833,148.8817
2024-01-01,147.1499,148.9515
2024-01-02,146.6331,148.4292
2024-01-03,145.6263,147.4108
2024-01-04,146.5809,148.3779
2024-01-05,146.9326,148.7348
2024-01-08,145.5885,147.3767
2024-01-09,145.8023,147.5939
2024-01-10,146.3001,148.0986
2024-01-11,146.4914,148.2930
2024-01-12,148.1635,149.9866
2024-01-15,149.5338,151.3762
2024-01-16,149.0914,150.9291
2024-01-17,145.9760,147.7762
2024-01-18,145.2316,147.0234
2024-01-19,146.3756,148.1823
2024-01-23,143.7730,145.5508
2024-01-24,145.2297,147.0263
2024-01-25,144.5413,146.3302
2024-01-29,147.1397,148.9641
2024-01-30,145.6799,147.4869
2024-01-31,147.0558,148.8807
2024-02-01,146.8630,148.6863
2024-02-02,147.9201,149.7574
2024-02-05,147.3595,149.1923
2024-02-06,148.4407,150.2878
2024-02-07,148.4457,150.2937
2024-02-08,147.0913,148.9232
2024-02-09,147.5411,149.3794
2024-02-12,146.4100,148.2367
2024-02-13,147.2699,149.1081
2024-02-14,147.9231,149.7703
2024-02-15,148.4352,150.2896
2024-02-16,149.3374,151.2039
2024-02-19,149.8843,151.7601
2024-02-20,150.4079,152.2911
2024-02-21,149.4460,151.3180
2024-02-22,150.5440,152.4306
2024-02-23,150.5096,152.3966
2024-02-26,149.8912,151.7730
2024-02-27,150.4062,152.2952
2024-02-28,148.7307,150.5995
2024-02-29,148.9440,150.8155
2024-03-01,151.3535,153.2561
2024-03-04,151.8012,153.7120
2024-03-05,151.4652,153.3725
2024-03-06,152.2614,154.1796
2024-03-07,152.3918,154.3125
2024-03-11,151.2948,153.2051
2024-03-12,151.3137,153.2250
2024-03-13,149.0212,150.9045
2024-03-14,150.0285,151.9253
2024-03-15,149.1933,151.0803
2024-03-18,149.4073,151.2995
2024-03-19,147.7876,149.6601
2024-03-20,147.9324,149.8076
2024-03-21,149.1011,150.9920
2024-03-22,149.6737,151.5727
2024-03-26,149.0389,150.9331
2024-03-27,149.8398,151.7450
2024-03-28,151.2189,153.1425
2024-03-31,151.2092,153.1351
2024-04-01,152.1197,154.0581
2024-04-02,152.0579,153.9964
2024-04-03,151.9294,153.8671
2024-04-04,152.4686,154.4140
2024-04-05,152.4604,154.4066
2024-04-08,153.4886,155.4504
2024-04-09,153.3273,155.2879
2024-04-10,154.0773,156.0484
2024-04-12,152.4896,154.4461
2024-04-15,150.8122,152.7497
2024-04-16,149.9665,151.8939
2024-04-18,148.9340,150.8499
2024-04-19,149.9556,151.8854
2024-04-22,151.2327,153.1815
2024-04-23,151.4450,153.3974
2024-04-24,151.6762,153.6324
2024-04-25,152.8120,154.7836
2024-04-26,151.7915,153.7508
2024-04-29,153.2991,155.2804
2024-04-30,153.0365,155.0153
2024-05-02,153.3261,155.3104
2024-05-03,152.1579,154.1278
2024-05-06,151.9284,153.8979
2024-05-07,151.0069,152.9653
2024-05-08,151.0050,152.9642
2024-05-09,148.6668,150.5965
2024-05-10,149.5516,151.4936
2024-05-13,149.8769,151.8256
2024-05-14,150.6452,152.6048
2024-05-15,150.5264,152.4853
2024-05-16,151.9443,153.9225
2024-05-17,152.3644,154.3488
2024-05-21,152.7837,154.7770
2024-05-22,153.3283,155.3296
2024-05-23,155.8308,157.8657
2024-05-24,155.7652,157.8000
2024-05-27,155.5931,157.6283
2024-05-28,155.2915,157.3236
2024-05-29,154.0483,156.0650
2024-05-30,152.5840,154.5824
2024-05-31,153.0208,155.0258
2024-06-03,157.9812,160.0537
2024-06-04,148.7422,150.6944
2024-06-05,153.7148,155.7331
2024-06-06,155.0733,157.1103
2024-06-07,158.2486,160.3282
2024-06-10,158.0338,160.1132
2024-06-11,158.1062,160.1875
2024-06-12,158.4982,160.5854
2024-06-13,159.0110,161.1059
2024-06-14,159.5155,161.6179
2024-06-18,160.1341,162.2483
2024-06-19,159.8548,161.9662
2024-06-20,160.2500,162.3675
2024-06-21,159.8215,161.9341
2024-06-24,160.0655,162.1840
2024-06-25,161.3068,163.4427
2024-06-26,162.3044,164.4544
2024-06-27,163.4981,165.6648
2024-06-28,163.2836,165.4484
2024-07-01,164.1682,166.3475
2024-07-02,164.0435,166.2220
2024-07-03,165.1442,167.3382
2024-07-04,165.2482,167.4445
2024-07-05,165.4246,167.6242
2024-07-08,165.3968,167.5988
2024-07-09,166.1696,168.3828
2024-07-10,165.4306,167.6343
2024-07-11,165.3716,167.5749
2024-07-12,166.6458,168.8663
2024-07-15,167.2158,169.4449
2024-07-16,167.4068,169.6388
2024-07-18,168.6781,170.9276
2024-07-19,166.8658,169.0915
2024-07-22,166.7156,168.9402
2024-07-23,166.5355,168.7582
2024-07-24,166.0892,168.3062
2024-07-25,166.0378,168.2544
2024-07-26,168.9460,171.2018
2024-07-29,168.9508,171.2076
2024-07-30,169.1062,171.3654
2024-07-31,169.7419,172.0099
2024-08-01,170.1544,172.4282
2024-08-02,168.2034,170.4515
2024-08-05,163.7162,165.9053
2024-08-06,163.2920,165.4758
2024-08-07,165.4288,167.6415
2024-08-08,164.2014,166.3979
2024-08-09,165.9091,168.1289
2024-08-12,165.8748,168.0950
2024-08-13,164.4575,166.6590
2024-08-14,164.4886,166.6910
2024-08-16,167.2276,169.4672
2024-08-19,167.4902,169.7343
2024-08-20,168.3474,170.6033
2024-08-21,168.8317,171.0945
2024-08-22,169.1116,171.3784
2024-08-23,169.2045,171.4729
2024-08-26,170.4764,172.7629
2024-08-27,170.5239,172.8113
2024-08-28,170.7580,173.0489
2024-08-29,171.4336,173.7339
2024-08-30,172.0034,174.3117
2024-09-02,172.2912,174.6044
2024-09-03,172.2977,174.6113
2024-09-04,171.7438,174.0503
2024-09-05,171.3772,173.6791
2024-09-06,169.3798,171.6550
2024-09-09,169.9503,172.2341
2024-09-10,170.6626,172.9562
2024-09-11,169.8256,172.1083
2024-09-12,173.0316,175.3576
2024-09-13,172.8095,175.1329
2024-09-16,172.9917,175.3184
2024-09-17,173.2275,175.5577
2024-09-18,172.9471,175.2737
2024-09-19,173.2068,175.5372
2024-09-20,175.7624,178.1275
2024-09-23,176.7682,179.1478
2024-09-24,176.7764,179.1563
2024-09-25,177.2096,179.5957
2024-09-26,178.6525,181.0583
2024-09-27,178.3874,180.7899
2024-09-30,175.8755,178.2451
2024-10-01,175.7792,178.1478
2024-10-03,172.0511,174.3700
2024-10-04,170.4455,172.7431
2024-10-07,168.9509,171.2292
2024-10-08,170.4301,172.7286
2024-10-09,170.2161,172.5120
2024-10-10,170.3273,172.6250
2024-10-11,170.0928,172.3876
2024-10-14,171.2047,173.5154
2024-10-15,170.7227,173.0271
2024-10-16,170.1351,172.4318
2024-10-17,168.6250,170.9017
2024-10-18,169.3490,171.6357
2024-10-21,168.8483,171.1291
2024-10-22,166.7608,169.0137
2024-10-23,166.5101,168.7599
2024-10-24,166.2631,168.5098
2024-10-25,164.7721,166.9989
2024-10-28,165.8475,168.0897
2024-10-29,166.8314,169.0872
2024-10-30,165.9717,168.2162
2024-10-31,165.0795,167.3121
2024-11-04,163.6435,165.8578
2024-11-05,165.1255,167.3601
2024-11-06,167.0061,169.2665
2024-11-07,165.0750,167.3096
2024-11-08,164.7254,166.9556
2024-11-11,164.6748,166.9052
2024-11-12,162.9155,165.1225
2024-11-13,160.7029,162.8802
2024-11-14,160.5526,162.7282
2024-11-18,160.0102,162.1796
2024-11-19,160.4527,162.6285
2024-11-21,159.3011,161.4618
2024-11-22,163.1011,165.3137
2024-11-25,165.2435,167.4861
2024-11-26,165.0553,167.2958
2024-11-27,165.6024,167.8506
2024-11-28,163.1408,165.3558
2024-11-29,164.6193,166.8548
2024-12-02,165.6047,167.8545
2024-12-03,166.8389,169.1059
2024-12-04,166.9077,169.1759
2024-12-05,168.5503,170.8412
2024-12-06,168.3402,170.6286
2024-12-09,167.9357,170.2197
2024-12-10,167.8733,170.1568
2024-12-11,168.0884,170.3752
2024-12-12,167.4523,169.7308
2024-12-13,168.9491,171.2484
2024-12-16,168.2628,170.5538
2024-12-17,165.9952,168.2558
2024-12-18,165.0582,167.3063
2024-12-19,163.3707,165.5962
2024-12-20,160.8850,163.0770
2024-12-23,162.0135,164.2220
2024-12-24,161.8362,164.0426
2024-12-26,161.9877,164.1969
2024-12-27,162.4184,164.6339
2024-12-30,161.2656,163.4664
2024-12-31,161.2637,163.4648
2025-01-01,161.9314,164.1420
2025-01-02,164.9706,167.2231
2025-01-03,163.7151,165.9507
2025-01-06,161.0606,163.2611
2025-01-07,161.6861,163.8956
2025-01-08,161.5555,163.7635
2025-01-09,160.4464,162.6396
2025-01-10,159.7972,161.9819
2025-01-13,157.4377,159.5912
2025-01-14,158.0508,160.2130
2025-01-15,158.3026,160.4686
2025-01-16,158.9735,161.1490
2025-01-17,158.3785,160.5463
2025-01-20,159.3405,161.5225
2025-01-21,157.1564,159.3088
2025-01-22,158.0463,160.2112
2025-01-23,158.3862,160.5562
2025-01-24,157.6133,159.7730
2025-01-27,155.8156,157.9517
2025-01-28,156.6881,158.8365
2025-01-29,158.1075,160.2758
2025-01-30,158.6956,160.8723
2025-01-31,160.5026,162.7044
2025-02-03,159.4938,161.6828
2025-02-04,162.0738,164.2986
2025-02-05,161.7792,164.0003
2025-02-06,161.1607,163.3737
2025-02-07,160.9225,163.1326
2025-02-10,159.7020,161.8963
2025-02-11,157.5860,159.7516
2025-02-12,157.4956,159.6604
2025-02-13,157.4001,159.5639
2025-02-14,156.7033,158.8578
2025-02-17,156.9062,159.0646
2025-02-18,156.8082,158.9656
2025-02-19,156.7223,158.8789
2025-02-20,156.5862,158.7412
2025-02-21,155.7845,157.9289
2025-02-24,154.1255,156.2481
2025-02-25,154.0849,156.2072
2025-02-27,154.0655,156.1883
2025-02-28,151.1936,153.2771
2025-03-03,151.1529,153.2369
2025-03-04,150.9014,152.9822
2025-03-05,152.6395,154.7446
2025-03-06,154.0549,156.1799
2025-03-07,154.1085,156.2346
2025-03-10,153.4752,155.5936
2025-03-11,153.7389,155.8613
2025-03-12,153.5507,155.6708
2025-03-13,153.0486,155.1621
2025-03-17,153.8066,155.9319
2025-03-18,156.0285,158.1849
2025-03-19,156.5284,158.6921
2025-03-20,158.4606,160.6513
2025-03-21,159.5520,161.7581
2025-03-24,161.6522,163.8885
2025-03-25,161.7218,163.9594
2025-03-26,160.4770,162.6977
2025-03-27,161.1849,163.4157
2025-03-28,160.6845,162.9088
2025-03-31,160.6825,162.9078
2025-04-01,158.2656,160.4578
2025-04-02,159.4034,161.6117
2025-04-03,158.8405,161.0414
2025-04-04,156.4783,158.6468
2025-04-07,151.3988,153.4979
2025-04-08,153.9552,156.0901
2025-04-09,153.0203,155.1426
2025-04-11,155.9513,158.1150
2025-04-15,159.3618,161.5742
2025-04-16,160.1030,162.3260
2025-04-17,162.9328,165.1954
2025-04-21,164.7994,167.0895
2025-04-22,165.0831,167.3774
2025-04-23,166.1865,168.4966
2025-04-24,165.6237,167.9263
2025-04-25,164.2060,166.4892
2025-04-28,166.2068,168.5190
2025-04-29,166.2564,168.5697
2025-04-30,166.2434,168.5568
2025-05-02,166.3261,168.6415
2025-05-05,167.1043,169.4316
2025-05-06,166.5464,168.8662
2025-05-07,166.7826,169.1062
2025-05-08,165.8206,168.1311
2025-05-09,164.0089,166.2945
2025-05-12,170.2699,172.6440
2025-05-13,167.9019,170.2432
2025-05-14,168.5049,170.8551
2025-05-15,171.2030,173.5912
2025-05-16,171.0052,173.3910
2025-05-19,170.4937,172.8735
2025-05-20,168.7041,171.0593
2025-05-21,169.5876,171.9555
2025-05-22,168.1945,170.5434
2025-05-23,169.8562,172.2286
2025-05-26,170.8637,173.2513
2025-05-27,169.6670,172.0383
2025-05-28,169.2723,171.6385
2025-05-29,169.8336,172.2080
2025-05-30,169.4028,171.7715
2025-06-02,169.1641,171.5306
2025-06-03,168.0348,170.3859
2025-06-04,168.6299,170.9897
2025-06-05,169.5215,171.8941
2025-06-06,171.2430,173.6401
2025-06-09,171.9233,174.3311
2025-06-10,171.9432,174.3516
2025-06-11,172.1958,174.6082
2025-06-12,170.4666,172.8551
2025-06-13,169.3150,171.6878
2025-06-16,170.8683,173.2639
2025-06-17,170.2310,172.6181
2025-06-18,169.9471,172.3306
2025-06-19,169.8174,172.1994
2025-06-20,171.9990,174.4120
2025-06-23,171.0680,173.4691
2025-06-24,171.5619,173.9703
2025-06-25,172.9307,175.3587
2025-06-26,175.0086,177.4662
2025-06-27,175.8812,178.3514
2025-06-30,175.0517,177.5115
2025-07-01,175.2198,177.6823
2025-07-02,174.6134,177.0677
2025-07-03,174.2831,176.7332
2025-07-04,174.7066,177.1630
2025-07-07,174.7135,177.1713
2025-07-08,175.1417,177.6058
2025-07-09,174.8228,177.2828
2025-07-10,174.0019,176.4507
2025-07-11,172.6015,175.0311
2025-07-14,172.1354,174.5596
2025-07-15,172.9108,175.3463
2025-07-16,173.0375,175.4751
2025-07-17,172.3480,174.7762
2025-07-18,171.4586,173.8748
2025-07-21,172.2916,174.7206
2025-07-22,172.0863,174.5128
2025-07-23,173.1726,175.6148
2025-07-24,172.1042,174.5318
2025-07-25,170.6341,173.0413
2025-07-28,169.5835,171.9770
2025-07-29,170.5422,172.9496
2025-07-30,170.7729,173.1839
2025-07-31,170.1778,172.5808
2025-08-01,168.8273,171.2116
2025-08-04,169.9016,172.3022
2025-08-05,169.3978,171.7917
2025-08-06,168.8991,171.2863
2025-08-07,169.0480,171.4379
2025-08-08,167.4614,169.8294
2025-08-11,168.9804,171.3716
2025-08-12,168.4329,170.8169
2025-08-13,169.3380,171.7353
2025-08-14,169.4802,171.8801
2025-08-18,171.1626,173.5886
2025-08-19,171.8839,174.3207
2025-08-20,172.3627,174.8069
2025-08-21,172.6074,175.0556
2025-08-22,171.1376,173.5656
2025-08-25,171.8049,174.2440
2025-08-26,170.0458,172.4606
2025-08-28,168.5923,170.9875
2025-08-29,168.0821,170.4706
2025-09-01,169.4403,171.8498
2025-09-02,169.1261,171.5318
2025-09-03,170.0561,172.4756
2025-09-04,170.2186,172.6409
2025-09-05,170.2634,172.6869
2025-09-08,170.4800,172.9083
2025-09-09,171.1359,173.5741
2025-09-10,171.8533,174.3023
2025-09-11,172.0746,174.5273
2025-09-12,172.8196,175.2835
2025-09-15,172.5076,174.9688
2025-09-16,173.6748,176.1533
2025-09-17,174.3004,176.7884
2025-09-18,174.9412,177.4388
2025-09-19,174.2755,176.7643
2025-09-22,173.4132,175.8914
2025-09-23,173.1861,175.6615
2025-09-24,172.4098,174.8748
2025-09-25,171.2660,173.7152
2025-09-26,169.6395,172.0660
2025-09-30,169.3216,171.7458
2025-10-01,170.8694,173.3163
2025-10-03,171.2650,173.7187
2025-10-06,172.5226,174.9961
2025-10-07,172.7319,175.2089
2025-10-08,172.3019,174.7734
2025-10-09,173.2334,175.7188
2025-10-10,173.9442,176.4404
2025-10-13,173.5406,176.0328
2025-10-14,172.9763,175.4609
2025-10-15,174.2168,176.7198
2025-10-16,176.0158,178.5452
2025-10-17,176.8905,179.4331
2025-10-20,177.8174,180.3751
2025-10-23,178.1454,180.7096
2025-10-24,177.4819,180.0372
2025-10-27,178.7772,181.3529
2025-10-28,178.5707,181.1440
2025-10-29,179.3790,181.9645
2025-10-30,178.1665,180.7351
2025-10-31,177.0936,179.6474
2025-11-03,177.3728,179.9324
2025-11-04,176.2323,178.7760
2025-11-06,175.6242,178.1603
2025-11-07,175.5580,178.0938
2025-11-10,176.1491,178.6952
2025-11-11,176.9779,179.5365
2025-11-12,178.2193,180.7964
2025-11-13,178.2408,180.8189
2025-11-14,178.4510,181.0327
2025-11-17,179.1583,181.7521
2025-11-18,178.4479,181.0319
2025-11-19,179.4277,182.0266
2025-11-20,180.3903,183.0036
2025-11-21,179.5384,182.1400
2025-11-24,178.7901,181.3827
2025-11-25,178.2767,180.8624
2025-11-26,180.4852,183.1035
2025-11-27,180.5577,183.1777
2025-11-28,180.4727,183.0920
2025-12-01,180.2844,182.9028
2025-12-02,179.2981,181.9028
2025-12-03,178.9782,181.5789
2025-12-04,179.3058,181.9118
2025-12-05,180.3554,182.9773
2025-12-08,178.7949,181.3959
2025-12-09,177.9605,180.5500
2025-12-10,177.3966,179.9784
2025-12-11,178.3629,180.9594
2025-12-12,179.3831,181.9950
2025-12-15,179.2427,181.8544
2025-12-16,178.0896,180.6851
2025-12-17,177.8016,180.3935
2025-12-18,177.7793,180.3714
2025-12-19,178.8168,181.4246
2025-12-22,180.2303,182.8606
2025-12-23,180.2615,182.8928
2025-12-24,180.0185,182.6469
2025-12-26,179.3280,181.9475
2025-12-29,178.6331,181.2442
2025-12-30,178.6074,181.2188
2025-12-31,179.9194,182.5506
2026-01-01,180.0342,182.6676
2026-01-02,181.2850,183.9374
2026-01-05,180.7414,183.3876
2026-01-06,180.2466,182.8862
2026-01-07,179.9836,182.6199
2026-01-08,178.1651,180.7754
2026-01-09,176.8305,179.4218
2026-01-12,177.5622,180.1659
2026-01-13,177.1617,179.7602
2026-01-14,176.7008,179.2931
2026-01-16,177.0023,179.6002
2026-01-19,176.2481,178.8367
2026-01-20,173.8160,176.3695
2026-01-21,173.2981,175.8446
2026-01-22,174.2080,176.7684
2026-01-23,172.5453,175.0818
2026-01-27,173.4112,175.9628
2026-01-28,174.5621,177.1312
2026-01-29,175.0846,177.6620
2026-01-30,174.4067,176.9747
2026-02-02,172.8031,175.3493
2026-02-03,177.2014,179.8129
2026-02-04,177.5333,180.1503
2026-02-05,176.6326,179.2369
2026-02-06,177.0085,179.6189
2026-02-09,178.2211,180.8512
2026-02-10,178.6868,181.3244
2026-02-11,178.8139,181.4539
2026-02-12,177.8026,180.4283
2026-02-13,175.4864,178.0785
2026-02-16,176.9413,179.5566
2026-02-17,177.2334,179.8536
2026-02-18,177.8974,180.5280
2026-02-19,175.3830,177.9771
2026-02-20,176.1860,178.7925
2026-02-23,177.1581,179.7808
2026-02-24,175.1713,177.7652
2026-02-25,175.5679,178.1682
2026-02-26,175.6629,178.2652
2026-02-27,173.4733,176.0438
2026-03-02,171.3134,173.8536
2026-03-04,168.6581,171.1600
2026-03-05,170.6222,173.1538
2026-03-06,168.4598,170.9599
2026-03-09,165.5459,168.0044
2026-03-10,167.1523,169.6352
2026-03-11,164.4312,166.8742
2026-03-12,162.8610,165.2813
2026-03-13,159.4981,161.8689
2026-03-16,161.2696,163.6684
2026-03-17,162.4553,164.8722
2026-03-18,163.8081,166.2457
2026-03-19,158.4631,160.8218
2026-03-20,159.2357,161.6064
2026-03-23,155.0805,157.3908
2026-03-24,157.8301,160.1819
2026-03-25,160.5426,162.9353
2026-03-27,157.1853,159.5291
2026-03-30,153.8214,156.1166
2026-03-31,153.8204,156.1160
